10-01-2026 16:04:01.579 [main] INFO  com.ebac.biblioteca.Main - Starting Main using Java 21.0.6 with PID 76911 (/Users/rodrigoyaelmoralesvazquez/Desktop/EBAC/ProyectoJava/EbacLibrary/target/classes started by rodrigoyaelmoralesvazquez in /Users/rodrigoyaelmoralesvazquez/Desktop/EBAC/ProyectoJava/EbacLibrary)
10-01-2026 16:04:01.586 [main] INFO  com.ebac.biblioteca.Main - No active profile set, falling back to 1 default profile: "default"
10-01-2026 16:04:03.869 [main] INFO  com.ebac.biblioteca.Main - Started Main in 2.521 seconds (process running for 2.938)
10-01-2026 16:04:30.940 [http-nio-8084-exec-2] DEBUG org.hibernate.SQL - select aue1_0.id,aue1_0.active,aue1_0.password,aue1_0.username from admin_users aue1_0 where aue1_0.username=? and aue1_0.password=? and aue1_0.active
10-01-2026 16:04:30.957 [http-nio-8084-exec-2] ERROR o.a.c.c.C.[.[.[.[dispatcherServlet] - Servlet.service() for servlet [dispatcherServlet] in context with path [] threw exception [Request processing failed: java.lang.RuntimeException: Credenciales inválidas] with root cause
java.lang.RuntimeException: Credenciales inválidas
	at com.ebac.biblioteca.services.AuthService.lambda$login$0(AuthService.java:25)
	at java.base/java.util.Optional.orElseThrow(Optional.java:403)
	at com.ebac.biblioteca.services.AuthService.login(AuthService.java:25)
	at com.ebac.biblioteca.controller.AuthController.login(AuthController.java:21)
	at java.base/jdk.internal.reflect.DirectMethodHandleAccessor.invoke(DirectMethodHandleAccessor.java:103)
	at java.base/java.lang.reflect.Method.invoke(Method.java:580)
	at org.springframework.web.method.support.InvocableHandlerMethod.doInvoke(InvocableHandlerMethod.java:255)
	at org.springframework.web.method.support.InvocableHandlerMethod.invokeForRequest(InvocableHandlerMethod.java:188)
	at org.springframework.web.servlet.mvc.method.annotation.ServletInvocableHandlerMethod.invokeAndHandle(ServletInvocableHandlerMethod.java:118)
	at org.springframework.web.servlet.mvc.method.annotation.RequestMappingHandlerAdapter.invokeHandlerMethod(RequestMappingHandlerAdapter.java:926)
	at org.springframework.web.servlet.mvc.method.annotation.RequestMappingHandlerAdapter.handleInternal(RequestMappingHandlerAdapter.java:831)
	at org.springframework.web.servlet.mvc.method.AbstractHandlerMethodAdapter.handle(AbstractHandlerMethodAdapter.java:87)
	at org.springframework.web.servlet.DispatcherServlet.doDispatch(DispatcherServlet.java:1089)
	at org.springframework.web.servlet.DispatcherServlet.doService(DispatcherServlet.java:979)
	at org.springframework.web.servlet.FrameworkServlet.processRequest(FrameworkServlet.java:1014)
	at org.springframework.web.servlet.FrameworkServlet.doPost(FrameworkServlet.java:914)
	at jakarta.servlet.http.HttpServlet.service(HttpServlet.java:590)
	at org.springframework.web.servlet.FrameworkServlet.service(FrameworkServlet.java:885)
	at jakarta.servlet.http.HttpServlet.service(HttpServlet.java:658)
	at org.apache.catalina.core.ApplicationFilterChain.internalDoFilter(ApplicationFilterChain.java:206)
	at org.apache.catalina.core.ApplicationFilterChain.doFilter(ApplicationFilterChain.java:150)
	at org.apache.tomcat.websocket.server.WsFilter.doFilter(WsFilter.java:51)
	at org.apache.catalina.core.ApplicationFilterChain.internalDoFilter(ApplicationFilterChain.java:175)
	at org.apache.catalina.core.ApplicationFilterChain.doFilter(ApplicationFilterChain.java:150)
	at org.springframework.web.filter.CorsFilter.doFilterInternal(CorsFilter.java:91)
	at org.springframework.web.filter.OncePerRequestFilter.doFilter(OncePerRequestFilter.java:116)
	at org.apache.catalina.core.ApplicationFilterChain.internalDoFilter(ApplicationFilterChain.java:175)
	at org.apache.catalina.core.ApplicationFilterChain.doFilter(ApplicationFilterChain.java:150)
	at org.springframework.web.filter.RequestContextFilter.doFilterInternal(RequestContextFilter.java:100)
	at org.springframework.web.filter.OncePerRequestFilter.doFilter(OncePerRequestFilter.java:116)
	at org.apache.catalina.core.ApplicationFilterChain.internalDoFilter(ApplicationFilterChain.java:175)
	at org.apache.catalina.core.ApplicationFilterChain.doFilter(ApplicationFilterChain.java:150)
	at org.springframework.web.filter.FormContentFilter.doFilterInternal(FormContentFilter.java:93)
	at org.springframework.web.filter.OncePerRequestFilter.doFilter(OncePerRequestFilter.java:116)
	at org.apache.catalina.core.ApplicationFilterChain.internalDoFilter(ApplicationFilterChain.java:175)
	at org.apache.catalina.core.ApplicationFilterChain.doFilter(ApplicationFilterChain.java:150)
	at org.springframework.web.filter.CharacterEncodingFilter.doFilterInternal(CharacterEncodingFilter.java:201)
	at org.springframework.web.filter.OncePerRequestFilter.doFilter(OncePerRequestFilter.java:116)
	at org.apache.catalina.core.ApplicationFilterChain.internalDoFilter(ApplicationFilterChain.java:175)
	at org.apache.catalina.core.ApplicationFilterChain.doFilter(ApplicationFilterChain.java:150)
	at org.apache.catalina.core.StandardWrapperValve.invoke(StandardWrapperValve.java:167)
	at org.apache.catalina.core.StandardContextValve.invoke(StandardContextValve.java:90)
	at org.apache.catalina.authenticator.AuthenticatorBase.invoke(AuthenticatorBase.java:482)
	at org.apache.catalina.core.StandardHostValve.invoke(StandardHostValve.java:115)
	at org.apache.catalina.valves.ErrorReportValve.invoke(ErrorReportValve.java:93)
	at org.apache.catalina.core.StandardEngineValve.invoke(StandardEngineValve.java:74)
	at org.apache.catalina.connector.CoyoteAdapter.service(CoyoteAdapter.java:344)
	at org.apache.coyote.http11.Http11Processor.service(Http11Processor.java:391)
	at org.apache.coyote.AbstractProcessorLight.process(AbstractProcessorLight.java:63)
	at org.apache.coyote.AbstractProtocol$ConnectionHandler.process(AbstractProtocol.java:896)
	at org.apache.tomcat.util.net.NioEndpoint$SocketProcessor.doRun(NioEndpoint.java:1736)
	at org.apache.tomcat.util.net.SocketProcessorBase.run(SocketProcessorBase.java:52)
	at org.apache.tomcat.util.threads.ThreadPoolExecutor.runWorker(ThreadPoolExecutor.java:1191)
	at org.apache.tomcat.util.threads.ThreadPoolExecutor$Worker.run(ThreadPoolExecutor.java:659)
	at org.apache.tomcat.util.threads.TaskThread$WrappingRunnable.run(TaskThread.java:63)
	at java.base/java.lang.Thread.run(Thread.java:1583)
10-01-2026 16:14:02.554 [main] INFO  com.ebac.biblioteca.Main - Starting Main using Java 21.0.6 with PID 77443 (/Users/rodrigoyaelmoralesvazquez/Desktop/EBAC/ProyectoJava/EbacLibrary/target/classes started by rodrigoyaelmoralesvazquez in /Users/rodrigoyaelmoralesvazquez/Desktop/EBAC/ProyectoJava/EbacLibrary)
10-01-2026 16:14:02.555 [main] INFO  com.ebac.biblioteca.Main - No active profile set, falling back to 1 default profile: "default"
10-01-2026 16:14:04.825 [main] INFO  com.ebac.biblioteca.Main - Started Main in 2.491 seconds (process running for 2.852)
10-01-2026 16:14:11.515 [http-nio-8084-exec-2] DEBUG org.hibernate.SQL - select aue1_0.id,aue1_0.active,aue1_0.password,aue1_0.username from admin_users aue1_0 where aue1_0.username=? and aue1_0.password=? and aue1_0.active
10-01-2026 16:14:30.994 [http-nio-8084-exec-5] DEBUG org.hibernate.SQL - select aue1_0.id,aue1_0.active,aue1_0.password,aue1_0.username from admin_users aue1_0 where aue1_0.username=? and aue1_0.password=? and aue1_0.active
10-01-2026 16:15:05.229 [http-nio-8084-exec-8] DEBUG org.hibernate.SQL - select aue1_0.id,aue1_0.active,aue1_0.password,aue1_0.username from admin_users aue1_0 where aue1_0.username=? and aue1_0.password=? and aue1_0.active
10-01-2026 16:15:05.285 [http-nio-8084-exec-8] DEBUG org.hibernate.SQL - insert into admin_sessions (active,admin_id,login_time,logout_time) values (?,?,?,?)
10-01-2026 16:15:30.270 [http-nio-8084-exec-1] DEBUG org.hibernate.SQL - select ase1_0.id,ase1_0.active,ase1_0.admin_id,ase1_0.login_time,ase1_0.logout_time from admin_sessions ase1_0 where ase1_0.id=? and ase1_0.active
10-01-2026 16:15:30.277 [http-nio-8084-exec-1] DEBUG org.hibernate.SQL - select aue1_0.id,aue1_0.active,aue1_0.password,aue1_0.username from admin_users aue1_0 where aue1_0.id=?
10-01-2026 16:15:30.282 [http-nio-8084-exec-1] DEBUG org.hibernate.SQL - select ase1_0.id,ase1_0.active,ase1_0.admin_id,ase1_0.login_time,ase1_0.logout_time from admin_sessions ase1_0 where ase1_0.id=? and ase1_0.active
10-01-2026 16:15:30.285 [http-nio-8084-exec-1] DEBUG org.hibernate.SQL - select aue1_0.id,aue1_0.active,aue1_0.password,aue1_0.username from admin_users aue1_0 where aue1_0.id=?
10-01-2026 16:15:30.294 [http-nio-8084-exec-1] DEBUG org.hibernate.SQL - update admin_sessions set active=?,admin_id=?,login_time=?,logout_time=? where id=?
10-01-2026 16:15:49.697 [http-nio-8084-exec-5] DEBUG org.hibernate.SQL - select aue1_0.id,aue1_0.active,aue1_0.password,aue1_0.username from admin_users aue1_0 where aue1_0.username=? and aue1_0.password=? and aue1_0.active
10-01-2026 16:15:49.707 [http-nio-8084-exec-5] DEBUG org.hibernate.SQL - insert into admin_sessions (active,admin_id,login_time,logout_time) values (?,?,?,?)
10-01-2026 16:31:54.860 [http-nio-8084-exec-8] DEBUG org.hibernate.SQL - select aue1_0.id,aue1_0.active,aue1_0.password,aue1_0.username from admin_users aue1_0 where aue1_0.username=? and aue1_0.password=? and aue1_0.active
10-01-2026 16:31:54.876 [http-nio-8084-exec-8] DEBUG org.hibernate.SQL - insert into admin_sessions (active,admin_id,login_time,logout_time) values (?,?,?,?)
10-01-2026 16:32:31.761 [http-nio-8084-exec-1] DEBUG org.hibernate.SQL - select ase1_0.id,ase1_0.active,ase1_0.admin_id,ase1_0.login_time,ase1_0.logout_time from admin_sessions ase1_0 where ase1_0.id=? and ase1_0.active
10-01-2026 16:32:42.844 [http-nio-8084-exec-2] DEBUG org.hibernate.SQL - select ase1_0.id,ase1_0.active,ase1_0.admin_id,ase1_0.login_time,ase1_0.logout_time from admin_sessions ase1_0 where ase1_0.id=? and ase1_0.active
10-01-2026 16:32:42.851 [http-nio-8084-exec-2] DEBUG org.hibernate.SQL - select aue1_0.id,aue1_0.active,aue1_0.password,aue1_0.username from admin_users aue1_0 where aue1_0.id=?
10-01-2026 16:32:42.866 [http-nio-8084-exec-2] DEBUG org.hibernate.SQL - select ase1_0.id,ase1_0.active,ase1_0.admin_id,ase1_0.login_time,ase1_0.logout_time from admin_sessions ase1_0 where ase1_0.id=? and ase1_0.active
10-01-2026 16:32:42.869 [http-nio-8084-exec-2] DEBUG org.hibernate.SQL - select aue1_0.id,aue1_0.active,aue1_0.password,aue1_0.username from admin_users aue1_0 where aue1_0.id=?
10-01-2026 16:33:06.024 [http-nio-8084-exec-3] DEBUG org.hibernate.SQL - select ase1_0.id,ase1_0.active,ase1_0.admin_id,ase1_0.login_time,ase1_0.logout_time from admin_sessions ase1_0 where ase1_0.id=? and ase1_0.active
10-01-2026 16:33:06.034 [http-nio-8084-exec-3] DEBUG org.hibernate.SQL - select aue1_0.id,aue1_0.active,aue1_0.password,aue1_0.username from admin_users aue1_0 where aue1_0.id=?
10-01-2026 16:33:06.047 [http-nio-8084-exec-3] DEBUG org.hibernate.SQL - select ase1_0.id,ase1_0.active,ase1_0.admin_id,ase1_0.login_time,ase1_0.logout_time from admin_sessions ase1_0 where ase1_0.id=? and ase1_0.active
10-01-2026 16:33:06.050 [http-nio-8084-exec-3] DEBUG org.hibernate.SQL - select aue1_0.id,aue1_0.active,aue1_0.password,aue1_0.username from admin_users aue1_0 where aue1_0.id=?
10-01-2026 16:33:06.070 [http-nio-8084-exec-3] DEBUG org.hibernate.SQL - select ae1_0.id,ae1_0.nombre from authors ae1_0
10-01-2026 16:34:05.209 [main] INFO  com.ebac.biblioteca.Main - Starting Main using Java 21.0.6 with PID 78056 (/Users/rodrigoyaelmoralesvazquez/Desktop/EBAC/ProyectoJava/EbacLibrary/target/classes started by rodrigoyaelmoralesvazquez in /Users/rodrigoyaelmoralesvazquez/Desktop/EBAC/ProyectoJava/EbacLibrary)
10-01-2026 16:34:05.210 [main] INFO  com.ebac.biblioteca.Main - No active profile set, falling back to 1 default profile: "default"
10-01-2026 16:34:07.509 [main] INFO  com.ebac.biblioteca.Main - Started Main in 2.523 seconds (process running for 2.92)
10-01-2026 16:34:14.722 [http-nio-8084-exec-2] DEBUG org.hibernate.SQL - select ase1_0.id,ase1_0.active,ase1_0.admin_id,ase1_0.login_time,ase1_0.logout_time from admin_sessions ase1_0 where ase1_0.id=? and ase1_0.active
10-01-2026 16:34:14.738 [http-nio-8084-exec-2] DEBUG org.hibernate.SQL - select aue1_0.id,aue1_0.active,aue1_0.password,aue1_0.username from admin_users aue1_0 where aue1_0.id=?
10-01-2026 16:34:14.761 [http-nio-8084-exec-2] DEBUG org.hibernate.SQL - select ase1_0.id,ase1_0.active,ase1_0.admin_id,ase1_0.login_time,ase1_0.logout_time from admin_sessions ase1_0 where ase1_0.id=? and ase1_0.active
10-01-2026 16:34:14.763 [http-nio-8084-exec-2] DEBUG org.hibernate.SQL - select aue1_0.id,aue1_0.active,aue1_0.password,aue1_0.username from admin_users aue1_0 where aue1_0.id=?
10-01-2026 16:34:14.776 [http-nio-8084-exec-2] DEBUG org.hibernate.SQL - select ae1_0.id,ae1_0.nombre from authors ae1_0
10-01-2026 16:34:46.499 [http-nio-8084-exec-4] DEBUG org.hibernate.SQL - select aue1_0.id,aue1_0.active,aue1_0.password,aue1_0.username from admin_users aue1_0 where aue1_0.username=? and aue1_0.password=? and aue1_0.active
10-01-2026 16:34:46.515 [http-nio-8084-exec-4] DEBUG org.hibernate.SQL - insert into admin_sessions (active,admin_id,login_time,logout_time) values (?,?,?,?)
10-01-2026 16:36:34.997 [http-nio-8084-exec-8] DEBUG org.hibernate.SQL - select ase1_0.id,ase1_0.active,ase1_0.admin_id,ase1_0.login_time,ase1_0.logout_time from admin_sessions ase1_0 where ase1_0.id=? and ase1_0.active
10-01-2026 16:36:35.006 [http-nio-8084-exec-8] DEBUG org.hibernate.SQL - select aue1_0.id,aue1_0.active,aue1_0.password,aue1_0.username from admin_users aue1_0 where aue1_0.id=?
10-01-2026 16:36:35.015 [http-nio-8084-exec-8] DEBUG org.hibernate.SQL - select ase1_0.id,ase1_0.active,ase1_0.admin_id,ase1_0.login_time,ase1_0.logout_time from admin_sessions ase1_0 where ase1_0.id=? and ase1_0.active
10-01-2026 16:36:35.017 [http-nio-8084-exec-8] DEBUG org.hibernate.SQL - select aue1_0.id,aue1_0.active,aue1_0.password,aue1_0.username from admin_users aue1_0 where aue1_0.id=?
10-01-2026 16:36:35.028 [http-nio-8084-exec-8] DEBUG org.hibernate.SQL - select be1_0.id,be1_0.anio,be1_0.author_id,be1_0.disponible,be1_0.nombre,be1_0.user_id from books be1_0
10-01-2026 16:36:42.154 [http-nio-8084-exec-9] DEBUG org.hibernate.SQL - select ase1_0.id,ase1_0.active,ase1_0.admin_id,ase1_0.login_time,ase1_0.logout_time from admin_sessions ase1_0 where ase1_0.id=? and ase1_0.active
10-01-2026 16:36:42.160 [http-nio-8084-exec-9] DEBUG org.hibernate.SQL - select aue1_0.id,aue1_0.active,aue1_0.password,aue1_0.username from admin_users aue1_0 where aue1_0.id=?
10-01-2026 16:36:42.168 [http-nio-8084-exec-9] DEBUG org.hibernate.SQL - select ase1_0.id,ase1_0.active,ase1_0.admin_id,ase1_0.login_time,ase1_0.logout_time from admin_sessions ase1_0 where ase1_0.id=? and ase1_0.active
10-01-2026 16:36:42.171 [http-nio-8084-exec-9] DEBUG org.hibernate.SQL - select aue1_0.id,aue1_0.active,aue1_0.password,aue1_0.username from admin_users aue1_0 where aue1_0.id=?
10-01-2026 16:36:42.179 [http-nio-8084-exec-9] DEBUG org.hibernate.SQL - select ue1_0.id,ue1_0.nombre from users ue1_0
10-01-2026 18:15:30.892 [http-nio-8084-exec-7] DEBUG org.hibernate.SQL - select ase1_0.id,ase1_0.active,ase1_0.admin_id,ase1_0.login_time,ase1_0.logout_time from admin_sessions ase1_0 where ase1_0.id=? and ase1_0.active
10-01-2026 18:15:30.892 [http-nio-8084-exec-8] DEBUG org.hibernate.SQL - select ase1_0.id,ase1_0.active,ase1_0.admin_id,ase1_0.login_time,ase1_0.logout_time from admin_sessions ase1_0 where ase1_0.id=? and ase1_0.active
10-01-2026 18:15:30.892 [http-nio-8084-exec-9] DEBUG org.hibernate.SQL - select ase1_0.id,ase1_0.active,ase1_0.admin_id,ase1_0.login_time,ase1_0.logout_time from admin_sessions ase1_0 where ase1_0.id=? and ase1_0.active
10-01-2026 18:15:30.906 [http-nio-8084-exec-7] DEBUG org.hibernate.SQL - select aue1_0.id,aue1_0.active,aue1_0.password,aue1_0.username from admin_users aue1_0 where aue1_0.id=?
10-01-2026 18:15:30.906 [http-nio-8084-exec-9] DEBUG org.hibernate.SQL - select aue1_0.id,aue1_0.active,aue1_0.password,aue1_0.username from admin_users aue1_0 where aue1_0.id=?
10-01-2026 18:15:30.906 [http-nio-8084-exec-8] DEBUG org.hibernate.SQL - select aue1_0.id,aue1_0.active,aue1_0.password,aue1_0.username from admin_users aue1_0 where aue1_0.id=?
10-01-2026 18:15:30.913 [http-nio-8084-exec-9] DEBUG org.hibernate.SQL - select ase1_0.id,ase1_0.active,ase1_0.admin_id,ase1_0.login_time,ase1_0.logout_time from admin_sessions ase1_0 where ase1_0.id=? and ase1_0.active
10-01-2026 18:15:30.913 [http-nio-8084-exec-8] DEBUG org.hibernate.SQL - select ase1_0.id,ase1_0.active,ase1_0.admin_id,ase1_0.login_time,ase1_0.logout_time from admin_sessions ase1_0 where ase1_0.id=? and ase1_0.active
10-01-2026 18:15:30.913 [http-nio-8084-exec-7] DEBUG org.hibernate.SQL - select ase1_0.id,ase1_0.active,ase1_0.admin_id,ase1_0.login_time,ase1_0.logout_time from admin_sessions ase1_0 where ase1_0.id=? and ase1_0.active
10-01-2026 18:15:30.916 [http-nio-8084-exec-7] DEBUG org.hibernate.SQL - select aue1_0.id,aue1_0.active,aue1_0.password,aue1_0.username from admin_users aue1_0 where aue1_0.id=?
10-01-2026 18:15:30.916 [http-nio-8084-exec-8] DEBUG org.hibernate.SQL - select aue1_0.id,aue1_0.active,aue1_0.password,aue1_0.username from admin_users aue1_0 where aue1_0.id=?
10-01-2026 18:15:30.916 [http-nio-8084-exec-9] DEBUG org.hibernate.SQL - select aue1_0.id,aue1_0.active,aue1_0.password,aue1_0.username from admin_users aue1_0 where aue1_0.id=?
10-01-2026 18:15:30.924 [http-nio-8084-exec-9] DEBUG org.hibernate.SQL - select be1_0.id,be1_0.anio,be1_0.author_id,be1_0.disponible,be1_0.nombre,be1_0.user_id from books be1_0
10-01-2026 18:15:30.924 [http-nio-8084-exec-8] DEBUG org.hibernate.SQL - select ae1_0.id,ae1_0.nombre from authors ae1_0
10-01-2026 18:15:30.924 [http-nio-8084-exec-7] DEBUG org.hibernate.SQL - select ue1_0.id,ue1_0.nombre from users ue1_0
10-01-2026 18:15:30.937 [http-nio-8084-exec-10] DEBUG org.hibernate.SQL - select ase1_0.id,ase1_0.active,ase1_0.admin_id,ase1_0.login_time,ase1_0.logout_time from admin_sessions ase1_0 where ase1_0.id=? and ase1_0.active
10-01-2026 18:15:30.937 [http-nio-8084-exec-3] DEBUG org.hibernate.SQL - select ase1_0.id,ase1_0.active,ase1_0.admin_id,ase1_0.login_time,ase1_0.logout_time from admin_sessions ase1_0 where ase1_0.id=? and ase1_0.active
10-01-2026 18:15:30.937 [http-nio-8084-exec-1] DEBUG org.hibernate.SQL - select ase1_0.id,ase1_0.active,ase1_0.admin_id,ase1_0.login_time,ase1_0.logout_time from admin_sessions ase1_0 where ase1_0.id=? and ase1_0.active
10-01-2026 18:15:30.940 [http-nio-8084-exec-10] DEBUG org.hibernate.SQL - select aue1_0.id,aue1_0.active,aue1_0.password,aue1_0.username from admin_users aue1_0 where aue1_0.id=?
10-01-2026 18:15:30.940 [http-nio-8084-exec-3] DEBUG org.hibernate.SQL - select aue1_0.id,aue1_0.active,aue1_0.password,aue1_0.username from admin_users aue1_0 where aue1_0.id=?
10-01-2026 18:15:30.940 [http-nio-8084-exec-1] DEBUG org.hibernate.SQL - select aue1_0.id,aue1_0.active,aue1_0.password,aue1_0.username from admin_users aue1_0 where aue1_0.id=?
10-01-2026 18:15:30.943 [http-nio-8084-exec-3] DEBUG org.hibernate.SQL - select ase1_0.id,ase1_0.active,ase1_0.admin_id,ase1_0.login_time,ase1_0.logout_time from admin_sessions ase1_0 where ase1_0.id=? and ase1_0.active
10-01-2026 18:15:30.943 [http-nio-8084-exec-1] DEBUG org.hibernate.SQL - select ase1_0.id,ase1_0.active,ase1_0.admin_id,ase1_0.login_time,ase1_0.logout_time from admin_sessions ase1_0 where ase1_0.id=? and ase1_0.active
10-01-2026 18:15:30.943 [http-nio-8084-exec-10] DEBUG org.hibernate.SQL - select ase1_0.id,ase1_0.active,ase1_0.admin_id,ase1_0.login_time,ase1_0.logout_time from admin_sessions ase1_0 where ase1_0.id=? and ase1_0.active
10-01-2026 18:15:30.945 [http-nio-8084-exec-3] DEBUG org.hibernate.SQL - select aue1_0.id,aue1_0.active,aue1_0.password,aue1_0.username from admin_users aue1_0 where aue1_0.id=?
10-01-2026 18:15:30.945 [http-nio-8084-exec-10] DEBUG org.hibernate.SQL - select aue1_0.id,aue1_0.active,aue1_0.password,aue1_0.username from admin_users aue1_0 where aue1_0.id=?
10-01-2026 18:15:30.945 [http-nio-8084-exec-1] DEBUG org.hibernate.SQL - select aue1_0.id,aue1_0.active,aue1_0.password,aue1_0.username from admin_users aue1_0 where aue1_0.id=?
10-01-2026 18:15:30.949 [http-nio-8084-exec-3] DEBUG org.hibernate.SQL - select ue1_0.id,ue1_0.nombre from users ue1_0
10-01-2026 18:15:30.949 [http-nio-8084-exec-1] DEBUG org.hibernate.SQL - select be1_0.id,be1_0.anio,be1_0.author_id,be1_0.disponible,be1_0.nombre,be1_0.user_id from books be1_0
10-01-2026 18:15:30.949 [http-nio-8084-exec-10] DEBUG org.hibernate.SQL - select ae1_0.id,ae1_0.nombre from authors ae1_0
10-01-2026 18:15:46.956 [http-nio-8084-exec-4] DEBUG org.hibernate.SQL - select ase1_0.id,ase1_0.active,ase1_0.admin_id,ase1_0.login_time,ase1_0.logout_time from admin_sessions ase1_0 where ase1_0.id=? and ase1_0.active
10-01-2026 18:15:46.961 [http-nio-8084-exec-4] DEBUG org.hibernate.SQL - select aue1_0.id,aue1_0.active,aue1_0.password,aue1_0.username from admin_users aue1_0 where aue1_0.id=?
10-01-2026 18:15:46.970 [http-nio-8084-exec-4] DEBUG org.hibernate.SQL - select ase1_0.id,ase1_0.active,ase1_0.admin_id,ase1_0.login_time,ase1_0.logout_time from admin_sessions ase1_0 where ase1_0.id=? and ase1_0.active
10-01-2026 18:15:46.973 [http-nio-8084-exec-4] DEBUG org.hibernate.SQL - select aue1_0.id,aue1_0.active,aue1_0.password,aue1_0.username from admin_users aue1_0 where aue1_0.id=?
10-01-2026 18:15:46.996 [http-nio-8084-exec-4] DEBUG org.hibernate.SQL - update admin_sessions set active=?,admin_id=?,login_time=?,logout_time=? where id=?
10-01-2026 18:15:53.672 [http-nio-8084-exec-7] DEBUG org.hibernate.SQL - select aue1_0.id,aue1_0.active,aue1_0.password,aue1_0.username from admin_users aue1_0 where aue1_0.username=? and aue1_0.password=? and aue1_0.active
10-01-2026 18:15:53.681 [http-nio-8084-exec-7] DEBUG org.hibernate.SQL - insert into admin_sessions (active,admin_id,login_time,logout_time) values (?,?,?,?)
10-01-2026 18:22:27.845 [http-nio-8084-exec-3] DEBUG org.hibernate.SQL - select ase1_0.id,ase1_0.active,ase1_0.admin_id,ase1_0.login_time,ase1_0.logout_time from admin_sessions ase1_0 where ase1_0.id=? and ase1_0.active
10-01-2026 18:22:27.858 [http-nio-8084-exec-3] DEBUG org.hibernate.SQL - select aue1_0.id,aue1_0.active,aue1_0.password,aue1_0.username from admin_users aue1_0 where aue1_0.id=?
10-01-2026 18:22:27.863 [http-nio-8084-exec-3] DEBUG org.hibernate.SQL - select ase1_0.id,ase1_0.active,ase1_0.admin_id,ase1_0.login_time,ase1_0.logout_time from admin_sessions ase1_0 where ase1_0.id=? and ase1_0.active
10-01-2026 18:22:27.865 [http-nio-8084-exec-3] DEBUG org.hibernate.SQL - select aue1_0.id,aue1_0.active,aue1_0.password,aue1_0.username from admin_users aue1_0 where aue1_0.id=?
10-01-2026 18:22:27.869 [http-nio-8084-exec-3] DEBUG org.hibernate.SQL - update admin_sessions set active=?,admin_id=?,login_time=?,logout_time=? where id=?
10-01-2026 18:22:32.913 [http-nio-8084-exec-8] DEBUG org.hibernate.SQL - select aue1_0.id,aue1_0.active,aue1_0.password,aue1_0.username from admin_users aue1_0 where aue1_0.username=? and aue1_0.password=? and aue1_0.active
10-01-2026 18:22:32.919 [http-nio-8084-exec-8] DEBUG org.hibernate.SQL - insert into admin_sessions (active,admin_id,login_time,logout_time) values (?,?,?,?)
10-01-2026 18:23:05.460 [http-nio-8084-exec-10] DEBUG org.hibernate.SQL - select ase1_0.id,ase1_0.active,ase1_0.admin_id,ase1_0.login_time,ase1_0.logout_time from admin_sessions ase1_0 where ase1_0.id=? and ase1_0.active
10-01-2026 18:23:05.466 [http-nio-8084-exec-10] DEBUG org.hibernate.SQL - select aue1_0.id,aue1_0.active,aue1_0.password,aue1_0.username from admin_users aue1_0 where aue1_0.id=?
10-01-2026 18:23:05.474 [http-nio-8084-exec-10] DEBUG org.hibernate.SQL - select ase1_0.id,ase1_0.active,ase1_0.admin_id,ase1_0.login_time,ase1_0.logout_time from admin_sessions ase1_0 where ase1_0.id=? and ase1_0.active
10-01-2026 18:23:05.478 [http-nio-8084-exec-10] DEBUG org.hibernate.SQL - select aue1_0.id,aue1_0.active,aue1_0.password,aue1_0.username from admin_users aue1_0 where aue1_0.id=?
10-01-2026 18:23:05.484 [http-nio-8084-exec-10] DEBUG org.hibernate.SQL - update admin_sessions set active=?,admin_id=?,login_time=?,logout_time=? where id=?
10-01-2026 18:23:08.234 [http-nio-8084-exec-2] DEBUG org.hibernate.SQL - select aue1_0.id,aue1_0.active,aue1_0.password,aue1_0.username from admin_users aue1_0 where aue1_0.username=? and aue1_0.password=? and aue1_0.active
10-01-2026 18:23:08.241 [http-nio-8084-exec-2] DEBUG org.hibernate.SQL - insert into admin_sessions (active,admin_id,login_time,logout_time) values (?,?,?,?)
10-01-2026 18:25:20.021 [http-nio-8084-exec-9] DEBUG org.hibernate.SQL - select ase1_0.id,ase1_0.active,ase1_0.admin_id,ase1_0.login_time,ase1_0.logout_time from admin_sessions ase1_0 where ase1_0.id=? and ase1_0.active
10-01-2026 18:25:20.035 [http-nio-8084-exec-9] DEBUG org.hibernate.SQL - select aue1_0.id,aue1_0.active,aue1_0.password,aue1_0.username from admin_users aue1_0 where aue1_0.id=?
10-01-2026 18:25:20.043 [http-nio-8084-exec-9] DEBUG org.hibernate.SQL - select ase1_0.id,ase1_0.active,ase1_0.admin_id,ase1_0.login_time,ase1_0.logout_time from admin_sessions ase1_0 where ase1_0.id=? and ase1_0.active
10-01-2026 18:25:20.045 [http-nio-8084-exec-9] DEBUG org.hibernate.SQL - select aue1_0.id,aue1_0.active,aue1_0.password,aue1_0.username from admin_users aue1_0 where aue1_0.id=?
10-01-2026 18:25:20.051 [http-nio-8084-exec-9] DEBUG org.hibernate.SQL - update admin_sessions set active=?,admin_id=?,login_time=?,logout_time=? where id=?
10-01-2026 18:25:24.947 [http-nio-8084-exec-3] DEBUG org.hibernate.SQL - select aue1_0.id,aue1_0.active,aue1_0.password,aue1_0.username from admin_users aue1_0 where aue1_0.username=? and aue1_0.password=? and aue1_0.active
10-01-2026 18:25:24.955 [http-nio-8084-exec-3] DEBUG org.hibernate.SQL - insert into admin_sessions (active,admin_id,login_time,logout_time) values (?,?,?,?)
10-01-2026 18:55:20.526 [http-nio-8084-exec-10] DEBUG org.hibernate.SQL - select ase1_0.id,ase1_0.active,ase1_0.admin_id,ase1_0.login_time,ase1_0.logout_time from admin_sessions ase1_0 where ase1_0.id=? and ase1_0.active
10-01-2026 18:55:20.526 [http-nio-8084-exec-9] DEBUG org.hibernate.SQL - select ase1_0.id,ase1_0.active,ase1_0.admin_id,ase1_0.login_time,ase1_0.logout_time from admin_sessions ase1_0 where ase1_0.id=? and ase1_0.active
10-01-2026 18:55:20.526 [http-nio-8084-exec-7] DEBUG org.hibernate.SQL - select ase1_0.id,ase1_0.active,ase1_0.admin_id,ase1_0.login_time,ase1_0.logout_time from admin_sessions ase1_0 where ase1_0.id=? and ase1_0.active
10-01-2026 18:55:20.545 [http-nio-8084-exec-10] DEBUG org.hibernate.SQL - select aue1_0.id,aue1_0.active,aue1_0.password,aue1_0.username from admin_users aue1_0 where aue1_0.id=?
10-01-2026 18:55:20.545 [http-nio-8084-exec-9] DEBUG org.hibernate.SQL - select aue1_0.id,aue1_0.active,aue1_0.password,aue1_0.username from admin_users aue1_0 where aue1_0.id=?
10-01-2026 18:55:20.545 [http-nio-8084-exec-7] DEBUG org.hibernate.SQL - select aue1_0.id,aue1_0.active,aue1_0.password,aue1_0.username from admin_users aue1_0 where aue1_0.id=?
10-01-2026 18:55:20.556 [http-nio-8084-exec-7] DEBUG org.hibernate.SQL - select ase1_0.id,ase1_0.active,ase1_0.admin_id,ase1_0.login_time,ase1_0.logout_time from admin_sessions ase1_0 where ase1_0.id=? and ase1_0.active
10-01-2026 18:55:20.556 [http-nio-8084-exec-9] DEBUG org.hibernate.SQL - select ase1_0.id,ase1_0.active,ase1_0.admin_id,ase1_0.login_time,ase1_0.logout_time from admin_sessions ase1_0 where ase1_0.id=? and ase1_0.active
10-01-2026 18:55:20.557 [http-nio-8084-exec-10] DEBUG org.hibernate.SQL - select ase1_0.id,ase1_0.active,ase1_0.admin_id,ase1_0.login_time,ase1_0.logout_time from admin_sessions ase1_0 where ase1_0.id=? and ase1_0.active
10-01-2026 18:55:20.559 [http-nio-8084-exec-7] DEBUG org.hibernate.SQL - select aue1_0.id,aue1_0.active,aue1_0.password,aue1_0.username from admin_users aue1_0 where aue1_0.id=?
10-01-2026 18:55:20.559 [http-nio-8084-exec-10] DEBUG org.hibernate.SQL - select aue1_0.id,aue1_0.active,aue1_0.password,aue1_0.username from admin_users aue1_0 where aue1_0.id=?
10-01-2026 18:55:20.559 [http-nio-8084-exec-9] DEBUG org.hibernate.SQL - select aue1_0.id,aue1_0.active,aue1_0.password,aue1_0.username from admin_users aue1_0 where aue1_0.id=?
10-01-2026 18:55:20.567 [http-nio-8084-exec-7] DEBUG org.hibernate.SQL - select be1_0.id,be1_0.anio,be1_0.author_id,be1_0.disponible,be1_0.nombre,be1_0.user_id from books be1_0
10-01-2026 18:55:20.567 [http-nio-8084-exec-9] DEBUG org.hibernate.SQL - select ae1_0.id,ae1_0.nombre from authors ae1_0
10-01-2026 18:55:20.567 [http-nio-8084-exec-10] DEBUG org.hibernate.SQL - select ue1_0.id,ue1_0.nombre from users ue1_0
10-01-2026 18:56:13.116 [http-nio-8084-exec-9] DEBUG org.hibernate.SQL - select ase1_0.id,ase1_0.active,ase1_0.admin_id,ase1_0.login_time,ase1_0.logout_time from admin_sessions ase1_0 where ase1_0.id=? and ase1_0.active
10-01-2026 18:56:13.116 [http-nio-8084-exec-4] DEBUG org.hibernate.SQL - select ase1_0.id,ase1_0.active,ase1_0.admin_id,ase1_0.login_time,ase1_0.logout_time from admin_sessions ase1_0 where ase1_0.id=? and ase1_0.active
10-01-2026 18:56:13.116 [http-nio-8084-exec-7] DEBUG org.hibernate.SQL - select ase1_0.id,ase1_0.active,ase1_0.admin_id,ase1_0.login_time,ase1_0.logout_time from admin_sessions ase1_0 where ase1_0.id=? and ase1_0.active
10-01-2026 18:56:13.132 [http-nio-8084-exec-4] DEBUG org.hibernate.SQL - select aue1_0.id,aue1_0.active,aue1_0.password,aue1_0.username from admin_users aue1_0 where aue1_0.id=?
10-01-2026 18:56:13.134 [http-nio-8084-exec-7] DEBUG org.hibernate.SQL - select aue1_0.id,aue1_0.active,aue1_0.password,aue1_0.username from admin_users aue1_0 where aue1_0.id=?
10-01-2026 18:56:13.134 [http-nio-8084-exec-9] DEBUG org.hibernate.SQL - select aue1_0.id,aue1_0.active,aue1_0.password,aue1_0.username from admin_users aue1_0 where aue1_0.id=?
10-01-2026 18:56:13.137 [http-nio-8084-exec-7] DEBUG org.hibernate.SQL - select ase1_0.id,ase1_0.active,ase1_0.admin_id,ase1_0.login_time,ase1_0.logout_time from admin_sessions ase1_0 where ase1_0.id=? and ase1_0.active
10-01-2026 18:56:13.137 [http-nio-8084-exec-9] DEBUG org.hibernate.SQL - select ase1_0.id,ase1_0.active,ase1_0.admin_id,ase1_0.login_time,ase1_0.logout_time from admin_sessions ase1_0 where ase1_0.id=? and ase1_0.active
10-01-2026 18:56:13.137 [http-nio-8084-exec-4] DEBUG org.hibernate.SQL - select ase1_0.id,ase1_0.active,ase1_0.admin_id,ase1_0.login_time,ase1_0.logout_time from admin_sessions ase1_0 where ase1_0.id=? and ase1_0.active
10-01-2026 18:56:13.139 [http-nio-8084-exec-4] DEBUG org.hibernate.SQL - select aue1_0.id,aue1_0.active,aue1_0.password,aue1_0.username from admin_users aue1_0 where aue1_0.id=?
10-01-2026 18:56:13.139 [http-nio-8084-exec-9] DEBUG org.hibernate.SQL - select aue1_0.id,aue1_0.active,aue1_0.password,aue1_0.username from admin_users aue1_0 where aue1_0.id=?
10-01-2026 18:56:13.139 [http-nio-8084-exec-7] DEBUG org.hibernate.SQL - select aue1_0.id,aue1_0.active,aue1_0.password,aue1_0.username from admin_users aue1_0 where aue1_0.id=?
10-01-2026 18:56:13.143 [http-nio-8084-exec-9] DEBUG org.hibernate.SQL - select be1_0.id,be1_0.anio,be1_0.author_id,be1_0.disponible,be1_0.nombre,be1_0.user_id from books be1_0
10-01-2026 18:56:13.144 [http-nio-8084-exec-7] DEBUG org.hibernate.SQL - select ue1_0.id,ue1_0.nombre from users ue1_0
10-01-2026 18:56:13.143 [http-nio-8084-exec-4] DEBUG org.hibernate.SQL - select ae1_0.id,ae1_0.nombre from authors ae1_0
10-01-2026 18:56:13.155 [http-nio-8084-exec-10] DEBUG org.hibernate.SQL - select ase1_0.id,ase1_0.active,ase1_0.admin_id,ase1_0.login_time,ase1_0.logout_time from admin_sessions ase1_0 where ase1_0.id=? and ase1_0.active
10-01-2026 18:56:13.155 [http-nio-8084-exec-3] DEBUG org.hibernate.SQL - select ase1_0.id,ase1_0.active,ase1_0.admin_id,ase1_0.login_time,ase1_0.logout_time from admin_sessions ase1_0 where ase1_0.id=? and ase1_0.active
10-01-2026 18:56:13.155 [http-nio-8084-exec-1] DEBUG org.hibernate.SQL - select ase1_0.id,ase1_0.active,ase1_0.admin_id,ase1_0.login_time,ase1_0.logout_time from admin_sessions ase1_0 where ase1_0.id=? and ase1_0.active
10-01-2026 18:56:13.159 [http-nio-8084-exec-3] DEBUG org.hibernate.SQL - select aue1_0.id,aue1_0.active,aue1_0.password,aue1_0.username from admin_users aue1_0 where aue1_0.id=?
10-01-2026 18:56:13.159 [http-nio-8084-exec-10] DEBUG org.hibernate.SQL - select aue1_0.id,aue1_0.active,aue1_0.password,aue1_0.username from admin_users aue1_0 where aue1_0.id=?
10-01-2026 18:56:13.159 [http-nio-8084-exec-1] DEBUG org.hibernate.SQL - select aue1_0.id,aue1_0.active,aue1_0.password,aue1_0.username from admin_users aue1_0 where aue1_0.id=?
10-01-2026 18:56:13.164 [http-nio-8084-exec-1] DEBUG org.hibernate.SQL - select ase1_0.id,ase1_0.active,ase1_0.admin_id,ase1_0.login_time,ase1_0.logout_time from admin_sessions ase1_0 where ase1_0.id=? and ase1_0.active
10-01-2026 18:56:13.164 [http-nio-8084-exec-10] DEBUG org.hibernate.SQL - select ase1_0.id,ase1_0.active,ase1_0.admin_id,ase1_0.login_time,ase1_0.logout_time from admin_sessions ase1_0 where ase1_0.id=? and ase1_0.active
10-01-2026 18:56:13.165 [http-nio-8084-exec-3] DEBUG org.hibernate.SQL - select ase1_0.id,ase1_0.active,ase1_0.admin_id,ase1_0.login_time,ase1_0.logout_time from admin_sessions ase1_0 where ase1_0.id=? and ase1_0.active
10-01-2026 18:56:13.166 [http-nio-8084-exec-10] DEBUG org.hibernate.SQL - select aue1_0.id,aue1_0.active,aue1_0.password,aue1_0.username from admin_users aue1_0 where aue1_0.id=?
10-01-2026 18:56:13.166 [http-nio-8084-exec-1] DEBUG org.hibernate.SQL - select aue1_0.id,aue1_0.active,aue1_0.password,aue1_0.username from admin_users aue1_0 where aue1_0.id=?
10-01-2026 18:56:13.166 [http-nio-8084-exec-3] DEBUG org.hibernate.SQL - select aue1_0.id,aue1_0.active,aue1_0.password,aue1_0.username from admin_users aue1_0 where aue1_0.id=?
10-01-2026 18:56:13.171 [http-nio-8084-exec-10] DEBUG org.hibernate.SQL - select ue1_0.id,ue1_0.nombre from users ue1_0
10-01-2026 18:56:13.171 [http-nio-8084-exec-3] DEBUG org.hibernate.SQL - select be1_0.id,be1_0.anio,be1_0.author_id,be1_0.disponible,be1_0.nombre,be1_0.user_id from books be1_0
10-01-2026 18:56:13.171 [http-nio-8084-exec-1] DEBUG org.hibernate.SQL - select ae1_0.id,ae1_0.nombre from authors ae1_0
10-01-2026 18:56:22.420 [http-nio-8084-exec-6] DEBUG org.hibernate.SQL - select ase1_0.id,ase1_0.active,ase1_0.admin_id,ase1_0.login_time,ase1_0.logout_time from admin_sessions ase1_0 where ase1_0.id=? and ase1_0.active
10-01-2026 18:56:22.426 [http-nio-8084-exec-6] DEBUG org.hibernate.SQL - select aue1_0.id,aue1_0.active,aue1_0.password,aue1_0.username from admin_users aue1_0 where aue1_0.id=?
10-01-2026 18:56:22.433 [http-nio-8084-exec-6] DEBUG org.hibernate.SQL - select ase1_0.id,ase1_0.active,ase1_0.admin_id,ase1_0.login_time,ase1_0.logout_time from admin_sessions ase1_0 where ase1_0.id=? and ase1_0.active
10-01-2026 18:56:22.437 [http-nio-8084-exec-6] DEBUG org.hibernate.SQL - select aue1_0.id,aue1_0.active,aue1_0.password,aue1_0.username from admin_users aue1_0 where aue1_0.id=?
10-01-2026 18:56:22.444 [http-nio-8084-exec-6] DEBUG org.hibernate.SQL - update admin_sessions set active=?,admin_id=?,login_time=?,logout_time=? where id=?
10-01-2026 18:56:46.316 [http-nio-8084-exec-2] DEBUG org.hibernate.SQL - select aue1_0.id,aue1_0.active,aue1_0.password,aue1_0.username from admin_users aue1_0 where aue1_0.username=? and aue1_0.password=? and aue1_0.active
10-01-2026 18:56:46.327 [http-nio-8084-exec-2] DEBUG org.hibernate.SQL - insert into admin_sessions (active,admin_id,login_time,logout_time) values (?,?,?,?)
10-01-2026 18:56:46.355 [http-nio-8084-exec-5] DEBUG org.hibernate.SQL - select ase1_0.id,ase1_0.active,ase1_0.admin_id,ase1_0.login_time,ase1_0.logout_time from admin_sessions ase1_0 where ase1_0.id=? and ase1_0.active
10-01-2026 18:56:46.355 [http-nio-8084-exec-6] DEBUG org.hibernate.SQL - select ase1_0.id,ase1_0.active,ase1_0.admin_id,ase1_0.login_time,ase1_0.logout_time from admin_sessions ase1_0 where ase1_0.id=? and ase1_0.active
10-01-2026 18:56:46.356 [http-nio-8084-exec-8] DEBUG org.hibernate.SQL - select ase1_0.id,ase1_0.active,ase1_0.admin_id,ase1_0.login_time,ase1_0.logout_time from admin_sessions ase1_0 where ase1_0.id=? and ase1_0.active
10-01-2026 18:56:46.357 [http-nio-8084-exec-5] DEBUG org.hibernate.SQL - select aue1_0.id,aue1_0.active,aue1_0.password,aue1_0.username from admin_users aue1_0 where aue1_0.id=?
10-01-2026 18:56:46.357 [http-nio-8084-exec-8] DEBUG org.hibernate.SQL - select aue1_0.id,aue1_0.active,aue1_0.password,aue1_0.username from admin_users aue1_0 where aue1_0.id=?
10-01-2026 18:56:46.357 [http-nio-8084-exec-6] DEBUG org.hibernate.SQL - select aue1_0.id,aue1_0.active,aue1_0.password,aue1_0.username from admin_users aue1_0 where aue1_0.id=?
10-01-2026 18:56:46.359 [http-nio-8084-exec-5] DEBUG org.hibernate.SQL - select ase1_0.id,ase1_0.active,ase1_0.admin_id,ase1_0.login_time,ase1_0.logout_time from admin_sessions ase1_0 where ase1_0.id=? and ase1_0.active
10-01-2026 18:56:46.360 [http-nio-8084-exec-6] DEBUG org.hibernate.SQL - select ase1_0.id,ase1_0.active,ase1_0.admin_id,ase1_0.login_time,ase1_0.logout_time from admin_sessions ase1_0 where ase1_0.id=? and ase1_0.active
10-01-2026 18:56:46.360 [http-nio-8084-exec-8] DEBUG org.hibernate.SQL - select ase1_0.id,ase1_0.active,ase1_0.admin_id,ase1_0.login_time,ase1_0.logout_time from admin_sessions ase1_0 where ase1_0.id=? and ase1_0.active
10-01-2026 18:56:46.361 [http-nio-8084-exec-6] DEBUG org.hibernate.SQL - select aue1_0.id,aue1_0.active,aue1_0.password,aue1_0.username from admin_users aue1_0 where aue1_0.id=?
10-01-2026 18:56:46.361 [http-nio-8084-exec-5] DEBUG org.hibernate.SQL - select aue1_0.id,aue1_0.active,aue1_0.password,aue1_0.username from admin_users aue1_0 where aue1_0.id=?
10-01-2026 18:56:46.361 [http-nio-8084-exec-8] DEBUG org.hibernate.SQL - select aue1_0.id,aue1_0.active,aue1_0.password,aue1_0.username from admin_users aue1_0 where aue1_0.id=?
10-01-2026 18:56:46.363 [http-nio-8084-exec-8] DEBUG org.hibernate.SQL - select ue1_0.id,ue1_0.nombre from users ue1_0
10-01-2026 18:56:46.363 [http-nio-8084-exec-5] DEBUG org.hibernate.SQL - select ae1_0.id,ae1_0.nombre from authors ae1_0
10-01-2026 18:56:46.363 [http-nio-8084-exec-6] DEBUG org.hibernate.SQL - select be1_0.id,be1_0.anio,be1_0.author_id,be1_0.disponible,be1_0.nombre,be1_0.user_id from books be1_0
10-01-2026 18:56:46.369 [http-nio-8084-exec-7] DEBUG org.hibernate.SQL - select ase1_0.id,ase1_0.active,ase1_0.admin_id,ase1_0.login_time,ase1_0.logout_time from admin_sessions ase1_0 where ase1_0.id=? and ase1_0.active
10-01-2026 18:56:46.369 [http-nio-8084-exec-10] DEBUG org.hibernate.SQL - select ase1_0.id,ase1_0.active,ase1_0.admin_id,ase1_0.login_time,ase1_0.logout_time from admin_sessions ase1_0 where ase1_0.id=? and ase1_0.active
10-01-2026 18:56:46.369 [http-nio-8084-exec-2] DEBUG org.hibernate.SQL - select ase1_0.id,ase1_0.active,ase1_0.admin_id,ase1_0.login_time,ase1_0.logout_time from admin_sessions ase1_0 where ase1_0.id=? and ase1_0.active
10-01-2026 18:56:46.370 [http-nio-8084-exec-2] DEBUG org.hibernate.SQL - select aue1_0.id,aue1_0.active,aue1_0.password,aue1_0.username from admin_users aue1_0 where aue1_0.id=?
10-01-2026 18:56:46.370 [http-nio-8084-exec-10] DEBUG org.hibernate.SQL - select aue1_0.id,aue1_0.active,aue1_0.password,aue1_0.username from admin_users aue1_0 where aue1_0.id=?
10-01-2026 18:56:46.372 [http-nio-8084-exec-2] DEBUG org.hibernate.SQL - select ase1_0.id,ase1_0.active,ase1_0.admin_id,ase1_0.login_time,ase1_0.logout_time from admin_sessions ase1_0 where ase1_0.id=? and ase1_0.active
10-01-2026 18:56:46.372 [http-nio-8084-exec-10] DEBUG org.hibernate.SQL - select ase1_0.id,ase1_0.active,ase1_0.admin_id,ase1_0.login_time,ase1_0.logout_time from admin_sessions ase1_0 where ase1_0.id=? and ase1_0.active
10-01-2026 18:56:46.373 [http-nio-8084-exec-7] DEBUG org.hibernate.SQL - select aue1_0.id,aue1_0.active,aue1_0.password,aue1_0.username from admin_users aue1_0 where aue1_0.id=?
10-01-2026 18:56:46.374 [http-nio-8084-exec-10] DEBUG org.hibernate.SQL - select aue1_0.id,aue1_0.active,aue1_0.password,aue1_0.username from admin_users aue1_0 where aue1_0.id=?
10-01-2026 18:56:46.374 [http-nio-8084-exec-2] DEBUG org.hibernate.SQL - select aue1_0.id,aue1_0.active,aue1_0.password,aue1_0.username from admin_users aue1_0 where aue1_0.id=?
10-01-2026 18:56:46.375 [http-nio-8084-exec-7] DEBUG org.hibernate.SQL - select ase1_0.id,ase1_0.active,ase1_0.admin_id,ase1_0.login_time,ase1_0.logout_time from admin_sessions ase1_0 where ase1_0.id=? and ase1_0.active
10-01-2026 18:56:46.375 [http-nio-8084-exec-7] DEBUG org.hibernate.SQL - select aue1_0.id,aue1_0.active,aue1_0.password,aue1_0.username from admin_users aue1_0 where aue1_0.id=?
10-01-2026 18:56:46.376 [http-nio-8084-exec-10] DEBUG org.hibernate.SQL - select ue1_0.id,ue1_0.nombre from users ue1_0
10-01-2026 18:56:46.376 [http-nio-8084-exec-2] DEBUG org.hibernate.SQL - select be1_0.id,be1_0.anio,be1_0.author_id,be1_0.disponible,be1_0.nombre,be1_0.user_id from books be1_0
10-01-2026 18:56:46.377 [http-nio-8084-exec-7] DEBUG org.hibernate.SQL - select ae1_0.id,ae1_0.nombre from authors ae1_0
10-01-2026 18:58:16.366 [http-nio-8084-exec-4] DEBUG org.hibernate.SQL - select aue1_0.id,aue1_0.active,aue1_0.password,aue1_0.username from admin_users aue1_0 where aue1_0.username=? and aue1_0.password=? and aue1_0.active
10-01-2026 18:58:16.374 [http-nio-8084-exec-4] DEBUG org.hibernate.SQL - insert into admin_sessions (active,admin_id,login_time,logout_time) values (?,?,?,?)
10-01-2026 18:58:16.402 [http-nio-8084-exec-6] DEBUG org.hibernate.SQL - select ase1_0.id,ase1_0.active,ase1_0.admin_id,ase1_0.login_time,ase1_0.logout_time from admin_sessions ase1_0 where ase1_0.id=? and ase1_0.active
10-01-2026 18:58:16.407 [http-nio-8084-exec-3] DEBUG org.hibernate.SQL - select ase1_0.id,ase1_0.active,ase1_0.admin_id,ase1_0.login_time,ase1_0.logout_time from admin_sessions ase1_0 where ase1_0.id=? and ase1_0.active
10-01-2026 18:58:16.407 [http-nio-8084-exec-1] DEBUG org.hibernate.SQL - select ase1_0.id,ase1_0.active,ase1_0.admin_id,ase1_0.login_time,ase1_0.logout_time from admin_sessions ase1_0 where ase1_0.id=? and ase1_0.active
10-01-2026 18:58:16.410 [http-nio-8084-exec-6] DEBUG org.hibernate.SQL - select aue1_0.id,aue1_0.active,aue1_0.password,aue1_0.username from admin_users aue1_0 where aue1_0.id=?
10-01-2026 18:58:16.410 [http-nio-8084-exec-3] DEBUG org.hibernate.SQL - select aue1_0.id,aue1_0.active,aue1_0.password,aue1_0.username from admin_users aue1_0 where aue1_0.id=?
10-01-2026 18:58:16.412 [http-nio-8084-exec-1] DEBUG org.hibernate.SQL - select aue1_0.id,aue1_0.active,aue1_0.password,aue1_0.username from admin_users aue1_0 where aue1_0.id=?
10-01-2026 18:58:16.414 [http-nio-8084-exec-6] DEBUG org.hibernate.SQL - select ase1_0.id,ase1_0.active,ase1_0.admin_id,ase1_0.login_time,ase1_0.logout_time from admin_sessions ase1_0 where ase1_0.id=? and ase1_0.active
10-01-2026 18:58:16.414 [http-nio-8084-exec-3] DEBUG org.hibernate.SQL - select ase1_0.id,ase1_0.active,ase1_0.admin_id,ase1_0.login_time,ase1_0.logout_time from admin_sessions ase1_0 where ase1_0.id=? and ase1_0.active
10-01-2026 18:58:16.416 [http-nio-8084-exec-3] DEBUG org.hibernate.SQL - select aue1_0.id,aue1_0.active,aue1_0.password,aue1_0.username from admin_users aue1_0 where aue1_0.id=?
10-01-2026 18:58:16.416 [http-nio-8084-exec-6] DEBUG org.hibernate.SQL - select aue1_0.id,aue1_0.active,aue1_0.password,aue1_0.username from admin_users aue1_0 where aue1_0.id=?
10-01-2026 18:58:16.418 [http-nio-8084-exec-1] DEBUG org.hibernate.SQL - select ase1_0.id,ase1_0.active,ase1_0.admin_id,ase1_0.login_time,ase1_0.logout_time from admin_sessions ase1_0 where ase1_0.id=? and ase1_0.active
10-01-2026 18:58:16.420 [http-nio-8084-exec-1] DEBUG org.hibernate.SQL - select aue1_0.id,aue1_0.active,aue1_0.password,aue1_0.username from admin_users aue1_0 where aue1_0.id=?
10-01-2026 18:58:16.420 [http-nio-8084-exec-3] DEBUG org.hibernate.SQL - select ue1_0.id,ue1_0.nombre from users ue1_0
10-01-2026 18:58:16.420 [http-nio-8084-exec-6] DEBUG org.hibernate.SQL - select ae1_0.id,ae1_0.nombre from authors ae1_0
10-01-2026 18:58:16.422 [http-nio-8084-exec-1] DEBUG org.hibernate.SQL - select be1_0.id,be1_0.anio,be1_0.author_id,be1_0.disponible,be1_0.nombre,be1_0.user_id from books be1_0
10-01-2026 18:58:16.426 [http-nio-8084-exec-8] DEBUG org.hibernate.SQL - select ase1_0.id,ase1_0.active,ase1_0.admin_id,ase1_0.login_time,ase1_0.logout_time from admin_sessions ase1_0 where ase1_0.id=? and ase1_0.active
10-01-2026 18:58:16.427 [http-nio-8084-exec-4] DEBUG org.hibernate.SQL - select ase1_0.id,ase1_0.active,ase1_0.admin_id,ase1_0.login_time,ase1_0.logout_time from admin_sessions ase1_0 where ase1_0.id=? and ase1_0.active
10-01-2026 18:58:16.428 [http-nio-8084-exec-8] DEBUG org.hibernate.SQL - select aue1_0.id,aue1_0.active,aue1_0.password,aue1_0.username from admin_users aue1_0 where aue1_0.id=?
10-01-2026 18:58:16.428 [http-nio-8084-exec-4] DEBUG org.hibernate.SQL - select aue1_0.id,aue1_0.active,aue1_0.password,aue1_0.username from admin_users aue1_0 where aue1_0.id=?
10-01-2026 18:58:16.428 [http-nio-8084-exec-1] DEBUG org.hibernate.SQL - select ase1_0.id,ase1_0.active,ase1_0.admin_id,ase1_0.login_time,ase1_0.logout_time from admin_sessions ase1_0 where ase1_0.id=? and ase1_0.active
10-01-2026 18:58:16.429 [http-nio-8084-exec-1] DEBUG org.hibernate.SQL - select aue1_0.id,aue1_0.active,aue1_0.password,aue1_0.username from admin_users aue1_0 where aue1_0.id=?
10-01-2026 18:58:16.431 [http-nio-8084-exec-8] DEBUG org.hibernate.SQL - select ase1_0.id,ase1_0.active,ase1_0.admin_id,ase1_0.login_time,ase1_0.logout_time from admin_sessions ase1_0 where ase1_0.id=? and ase1_0.active
10-01-2026 18:58:16.431 [http-nio-8084-exec-1] DEBUG org.hibernate.SQL - select ase1_0.id,ase1_0.active,ase1_0.admin_id,ase1_0.login_time,ase1_0.logout_time from admin_sessions ase1_0 where ase1_0.id=? and ase1_0.active
10-01-2026 18:58:16.432 [http-nio-8084-exec-4] DEBUG org.hibernate.SQL - select ase1_0.id,ase1_0.active,ase1_0.admin_id,ase1_0.login_time,ase1_0.logout_time from admin_sessions ase1_0 where ase1_0.id=? and ase1_0.active
10-01-2026 18:58:16.433 [http-nio-8084-exec-8] DEBUG org.hibernate.SQL - select aue1_0.id,aue1_0.active,aue1_0.password,aue1_0.username from admin_users aue1_0 where aue1_0.id=?
10-01-2026 18:58:16.433 [http-nio-8084-exec-1] DEBUG org.hibernate.SQL - select aue1_0.id,aue1_0.active,aue1_0.password,aue1_0.username from admin_users aue1_0 where aue1_0.id=?
10-01-2026 18:58:16.433 [http-nio-8084-exec-4] DEBUG org.hibernate.SQL - select aue1_0.id,aue1_0.active,aue1_0.password,aue1_0.username from admin_users aue1_0 where aue1_0.id=?
10-01-2026 18:58:16.437 [http-nio-8084-exec-8] DEBUG org.hibernate.SQL - select ae1_0.id,ae1_0.nombre from authors ae1_0
10-01-2026 18:58:16.437 [http-nio-8084-exec-4] DEBUG org.hibernate.SQL - select ue1_0.id,ue1_0.nombre from users ue1_0
10-01-2026 18:58:16.437 [http-nio-8084-exec-1] DEBUG org.hibernate.SQL - select be1_0.id,be1_0.anio,be1_0.author_id,be1_0.disponible,be1_0.nombre,be1_0.user_id from books be1_0
10-01-2026 19:10:58.730 [http-nio-8084-exec-9] DEBUG org.hibernate.SQL - select ase1_0.id,ase1_0.active,ase1_0.admin_id,ase1_0.login_time,ase1_0.logout_time from admin_sessions ase1_0 where ase1_0.id=? and ase1_0.active
10-01-2026 19:10:58.730 [http-nio-8084-exec-8] DEBUG org.hibernate.SQL - select ase1_0.id,ase1_0.active,ase1_0.admin_id,ase1_0.login_time,ase1_0.logout_time from admin_sessions ase1_0 where ase1_0.id=? and ase1_0.active
10-01-2026 19:10:58.730 [http-nio-8084-exec-4] DEBUG org.hibernate.SQL - select ase1_0.id,ase1_0.active,ase1_0.admin_id,ase1_0.login_time,ase1_0.logout_time from admin_sessions ase1_0 where ase1_0.id=? and ase1_0.active
10-01-2026 19:10:58.740 [http-nio-8084-exec-4] DEBUG org.hibernate.SQL - select aue1_0.id,aue1_0.active,aue1_0.password,aue1_0.username from admin_users aue1_0 where aue1_0.id=?
10-01-2026 19:10:58.740 [http-nio-8084-exec-8] DEBUG org.hibernate.SQL - select aue1_0.id,aue1_0.active,aue1_0.password,aue1_0.username from admin_users aue1_0 where aue1_0.id=?
10-01-2026 19:10:58.740 [http-nio-8084-exec-9] DEBUG org.hibernate.SQL - select aue1_0.id,aue1_0.active,aue1_0.password,aue1_0.username from admin_users aue1_0 where aue1_0.id=?
10-01-2026 19:10:58.744 [http-nio-8084-exec-4] DEBUG org.hibernate.SQL - select ase1_0.id,ase1_0.active,ase1_0.admin_id,ase1_0.login_time,ase1_0.logout_time from admin_sessions ase1_0 where ase1_0.id=? and ase1_0.active
10-01-2026 19:10:58.744 [http-nio-8084-exec-8] DEBUG org.hibernate.SQL - select ase1_0.id,ase1_0.active,ase1_0.admin_id,ase1_0.login_time,ase1_0.logout_time from admin_sessions ase1_0 where ase1_0.id=? and ase1_0.active
10-01-2026 19:10:58.745 [http-nio-8084-exec-9] DEBUG org.hibernate.SQL - select ase1_0.id,ase1_0.active,ase1_0.admin_id,ase1_0.login_time,ase1_0.logout_time from admin_sessions ase1_0 where ase1_0.id=? and ase1_0.active
10-01-2026 19:10:58.745 [http-nio-8084-exec-4] DEBUG org.hibernate.SQL - select aue1_0.id,aue1_0.active,aue1_0.password,aue1_0.username from admin_users aue1_0 where aue1_0.id=?
10-01-2026 19:10:58.745 [http-nio-8084-exec-8] DEBUG org.hibernate.SQL - select aue1_0.id,aue1_0.active,aue1_0.password,aue1_0.username from admin_users aue1_0 where aue1_0.id=?
10-01-2026 19:10:58.745 [http-nio-8084-exec-9] DEBUG org.hibernate.SQL - select aue1_0.id,aue1_0.active,aue1_0.password,aue1_0.username from admin_users aue1_0 where aue1_0.id=?
10-01-2026 19:10:58.748 [http-nio-8084-exec-8] DEBUG org.hibernate.SQL - select ae1_0.id,ae1_0.nombre from authors ae1_0
10-01-2026 19:10:58.748 [http-nio-8084-exec-9] DEBUG org.hibernate.SQL - select ue1_0.id,ue1_0.nombre from users ue1_0
10-01-2026 19:10:58.748 [http-nio-8084-exec-4] DEBUG org.hibernate.SQL - select be1_0.id,be1_0.anio,be1_0.author_id,be1_0.disponible,be1_0.nombre,be1_0.user_id from books be1_0
10-01-2026 19:11:07.310 [http-nio-8084-exec-8] DEBUG org.hibernate.SQL - select ase1_0.id,ase1_0.active,ase1_0.admin_id,ase1_0.login_time,ase1_0.logout_time from admin_sessions ase1_0 where ase1_0.id=? and ase1_0.active
10-01-2026 19:11:07.311 [http-nio-8084-exec-9] DEBUG org.hibernate.SQL - select ase1_0.id,ase1_0.active,ase1_0.admin_id,ase1_0.login_time,ase1_0.logout_time from admin_sessions ase1_0 where ase1_0.id=? and ase1_0.active
10-01-2026 19:11:07.310 [http-nio-8084-exec-2] DEBUG org.hibernate.SQL - select ase1_0.id,ase1_0.active,ase1_0.admin_id,ase1_0.login_time,ase1_0.logout_time from admin_sessions ase1_0 where ase1_0.id=? and ase1_0.active
10-01-2026 19:11:07.316 [http-nio-8084-exec-8] DEBUG org.hibernate.SQL - select aue1_0.id,aue1_0.active,aue1_0.password,aue1_0.username from admin_users aue1_0 where aue1_0.id=?
10-01-2026 19:11:07.317 [http-nio-8084-exec-9] DEBUG org.hibernate.SQL - select aue1_0.id,aue1_0.active,aue1_0.password,aue1_0.username from admin_users aue1_0 where aue1_0.id=?
10-01-2026 19:11:07.319 [http-nio-8084-exec-2] DEBUG org.hibernate.SQL - select aue1_0.id,aue1_0.active,aue1_0.password,aue1_0.username from admin_users aue1_0 where aue1_0.id=?
10-01-2026 19:11:07.322 [http-nio-8084-exec-9] DEBUG org.hibernate.SQL - select ase1_0.id,ase1_0.active,ase1_0.admin_id,ase1_0.login_time,ase1_0.logout_time from admin_sessions ase1_0 where ase1_0.id=? and ase1_0.active
10-01-2026 19:11:07.322 [http-nio-8084-exec-8] DEBUG org.hibernate.SQL - select ase1_0.id,ase1_0.active,ase1_0.admin_id,ase1_0.login_time,ase1_0.logout_time from admin_sessions ase1_0 where ase1_0.id=? and ase1_0.active
10-01-2026 19:11:07.324 [http-nio-8084-exec-2] DEBUG org.hibernate.SQL - select ase1_0.id,ase1_0.active,ase1_0.admin_id,ase1_0.login_time,ase1_0.logout_time from admin_sessions ase1_0 where ase1_0.id=? and ase1_0.active
10-01-2026 19:11:07.324 [http-nio-8084-exec-9] DEBUG org.hibernate.SQL - select aue1_0.id,aue1_0.active,aue1_0.password,aue1_0.username from admin_users aue1_0 where aue1_0.id=?
10-01-2026 19:11:07.325 [http-nio-8084-exec-8] DEBUG org.hibernate.SQL - select aue1_0.id,aue1_0.active,aue1_0.password,aue1_0.username from admin_users aue1_0 where aue1_0.id=?
10-01-2026 19:11:07.326 [http-nio-8084-exec-2] DEBUG org.hibernate.SQL - select aue1_0.id,aue1_0.active,aue1_0.password,aue1_0.username from admin_users aue1_0 where aue1_0.id=?
10-01-2026 19:11:07.329 [http-nio-8084-exec-9] DEBUG org.hibernate.SQL - select ae1_0.id,ae1_0.nombre from authors ae1_0
10-01-2026 19:11:07.331 [http-nio-8084-exec-8] DEBUG org.hibernate.SQL - select ue1_0.id,ue1_0.nombre from users ue1_0
10-01-2026 19:11:07.332 [http-nio-8084-exec-2] DEBUG org.hibernate.SQL - select be1_0.id,be1_0.anio,be1_0.author_id,be1_0.disponible,be1_0.nombre,be1_0.user_id from books be1_0
10-01-2026 19:11:07.337 [http-nio-8084-exec-4] DEBUG org.hibernate.SQL - select ase1_0.id,ase1_0.active,ase1_0.admin_id,ase1_0.login_time,ase1_0.logout_time from admin_sessions ase1_0 where ase1_0.id=? and ase1_0.active
10-01-2026 19:11:07.337 [http-nio-8084-exec-8] DEBUG org.hibernate.SQL - select ase1_0.id,ase1_0.active,ase1_0.admin_id,ase1_0.login_time,ase1_0.logout_time from admin_sessions ase1_0 where ase1_0.id=? and ase1_0.active
10-01-2026 19:11:07.337 [http-nio-8084-exec-12] DEBUG org.hibernate.SQL - select ase1_0.id,ase1_0.active,ase1_0.admin_id,ase1_0.login_time,ase1_0.logout_time from admin_sessions ase1_0 where ase1_0.id=? and ase1_0.active
10-01-2026 19:11:07.339 [http-nio-8084-exec-4] DEBUG org.hibernate.SQL - select aue1_0.id,aue1_0.active,aue1_0.password,aue1_0.username from admin_users aue1_0 where aue1_0.id=?
10-01-2026 19:11:07.339 [http-nio-8084-exec-8] DEBUG org.hibernate.SQL - select aue1_0.id,aue1_0.active,aue1_0.password,aue1_0.username from admin_users aue1_0 where aue1_0.id=?
10-01-2026 19:11:07.339 [http-nio-8084-exec-12] DEBUG org.hibernate.SQL - select aue1_0.id,aue1_0.active,aue1_0.password,aue1_0.username from admin_users aue1_0 where aue1_0.id=?
10-01-2026 19:11:07.342 [http-nio-8084-exec-12] DEBUG org.hibernate.SQL - select ase1_0.id,ase1_0.active,ase1_0.admin_id,ase1_0.login_time,ase1_0.logout_time from admin_sessions ase1_0 where ase1_0.id=? and ase1_0.active
10-01-2026 19:11:07.342 [http-nio-8084-exec-8] DEBUG org.hibernate.SQL - select ase1_0.id,ase1_0.active,ase1_0.admin_id,ase1_0.login_time,ase1_0.logout_time from admin_sessions ase1_0 where ase1_0.id=? and ase1_0.active
10-01-2026 19:11:07.342 [http-nio-8084-exec-4] DEBUG org.hibernate.SQL - select ase1_0.id,ase1_0.active,ase1_0.admin_id,ase1_0.login_time,ase1_0.logout_time from admin_sessions ase1_0 where ase1_0.id=? and ase1_0.active
10-01-2026 19:11:07.343 [http-nio-8084-exec-4] DEBUG org.hibernate.SQL - select aue1_0.id,aue1_0.active,aue1_0.password,aue1_0.username from admin_users aue1_0 where aue1_0.id=?
10-01-2026 19:11:07.343 [http-nio-8084-exec-12] DEBUG org.hibernate.SQL - select aue1_0.id,aue1_0.active,aue1_0.password,aue1_0.username from admin_users aue1_0 where aue1_0.id=?
10-01-2026 19:11:07.343 [http-nio-8084-exec-8] DEBUG org.hibernate.SQL - select aue1_0.id,aue1_0.active,aue1_0.password,aue1_0.username from admin_users aue1_0 where aue1_0.id=?
10-01-2026 19:11:07.347 [http-nio-8084-exec-12] DEBUG org.hibernate.SQL - select be1_0.id,be1_0.anio,be1_0.author_id,be1_0.disponible,be1_0.nombre,be1_0.user_id from books be1_0
10-01-2026 19:11:07.347 [http-nio-8084-exec-8] DEBUG org.hibernate.SQL - select ue1_0.id,ue1_0.nombre from users ue1_0
10-01-2026 19:11:07.347 [http-nio-8084-exec-4] DEBUG org.hibernate.SQL - select ae1_0.id,ae1_0.nombre from authors ae1_0
10-01-2026 19:16:52.327 [http-nio-8084-exec-4] DEBUG org.hibernate.SQL - select ase1_0.id,ase1_0.active,ase1_0.admin_id,ase1_0.login_time,ase1_0.logout_time from admin_sessions ase1_0 where ase1_0.id=? and ase1_0.active
10-01-2026 19:16:52.327 [http-nio-8084-exec-8] DEBUG org.hibernate.SQL - select ase1_0.id,ase1_0.active,ase1_0.admin_id,ase1_0.login_time,ase1_0.logout_time from admin_sessions ase1_0 where ase1_0.id=? and ase1_0.active
10-01-2026 19:16:52.327 [http-nio-8084-exec-12] DEBUG org.hibernate.SQL - select ase1_0.id,ase1_0.active,ase1_0.admin_id,ase1_0.login_time,ase1_0.logout_time from admin_sessions ase1_0 where ase1_0.id=? and ase1_0.active
10-01-2026 19:16:52.333 [http-nio-8084-exec-8] DEBUG org.hibernate.SQL - select aue1_0.id,aue1_0.active,aue1_0.password,aue1_0.username from admin_users aue1_0 where aue1_0.id=?
10-01-2026 19:16:52.333 [http-nio-8084-exec-4] DEBUG org.hibernate.SQL - select aue1_0.id,aue1_0.active,aue1_0.password,aue1_0.username from admin_users aue1_0 where aue1_0.id=?
10-01-2026 19:16:52.333 [http-nio-8084-exec-12] DEBUG org.hibernate.SQL - select aue1_0.id,aue1_0.active,aue1_0.password,aue1_0.username from admin_users aue1_0 where aue1_0.id=?
10-01-2026 19:16:52.338 [http-nio-8084-exec-8] DEBUG org.hibernate.SQL - select ase1_0.id,ase1_0.active,ase1_0.admin_id,ase1_0.login_time,ase1_0.logout_time from admin_sessions ase1_0 where ase1_0.id=? and ase1_0.active
10-01-2026 19:16:52.339 [http-nio-8084-exec-12] DEBUG org.hibernate.SQL - select ase1_0.id,ase1_0.active,ase1_0.admin_id,ase1_0.login_time,ase1_0.logout_time from admin_sessions ase1_0 where ase1_0.id=? and ase1_0.active
10-01-2026 19:16:52.339 [http-nio-8084-exec-4] DEBUG org.hibernate.SQL - select ase1_0.id,ase1_0.active,ase1_0.admin_id,ase1_0.login_time,ase1_0.logout_time from admin_sessions ase1_0 where ase1_0.id=? and ase1_0.active
10-01-2026 19:16:52.340 [http-nio-8084-exec-12] DEBUG org.hibernate.SQL - select aue1_0.id,aue1_0.active,aue1_0.password,aue1_0.username from admin_users aue1_0 where aue1_0.id=?
10-01-2026 19:16:52.340 [http-nio-8084-exec-4] DEBUG org.hibernate.SQL - select aue1_0.id,aue1_0.active,aue1_0.password,aue1_0.username from admin_users aue1_0 where aue1_0.id=?
10-01-2026 19:16:52.341 [http-nio-8084-exec-8] DEBUG org.hibernate.SQL - select aue1_0.id,aue1_0.active,aue1_0.password,aue1_0.username from admin_users aue1_0 where aue1_0.id=?
10-01-2026 19:16:52.344 [http-nio-8084-exec-4] DEBUG org.hibernate.SQL - select be1_0.id,be1_0.anio,be1_0.author_id,be1_0.disponible,be1_0.nombre,be1_0.user_id from books be1_0
10-01-2026 19:16:52.344 [http-nio-8084-exec-8] DEBUG org.hibernate.SQL - select ue1_0.id,ue1_0.nombre from users ue1_0
10-01-2026 19:16:52.344 [http-nio-8084-exec-12] DEBUG org.hibernate.SQL - select ae1_0.id,ae1_0.nombre from authors ae1_0
10-01-2026 19:16:52.356 [http-nio-8084-exec-5] DEBUG org.hibernate.SQL - select ase1_0.id,ase1_0.active,ase1_0.admin_id,ase1_0.login_time,ase1_0.logout_time from admin_sessions ase1_0 where ase1_0.id=? and ase1_0.active
10-01-2026 19:16:52.356 [http-nio-8084-exec-6] DEBUG org.hibernate.SQL - select ase1_0.id,ase1_0.active,ase1_0.admin_id,ase1_0.login_time,ase1_0.logout_time from admin_sessions ase1_0 where ase1_0.id=? and ase1_0.active
10-01-2026 19:16:52.356 [http-nio-8084-exec-9] DEBUG org.hibernate.SQL - select ase1_0.id,ase1_0.active,ase1_0.admin_id,ase1_0.login_time,ase1_0.logout_time from admin_sessions ase1_0 where ase1_0.id=? and ase1_0.active
10-01-2026 19:16:52.358 [http-nio-8084-exec-9] DEBUG org.hibernate.SQL - select aue1_0.id,aue1_0.active,aue1_0.password,aue1_0.username from admin_users aue1_0 where aue1_0.id=?
10-01-2026 19:16:52.358 [http-nio-8084-exec-5] DEBUG org.hibernate.SQL - select aue1_0.id,aue1_0.active,aue1_0.password,aue1_0.username from admin_users aue1_0 where aue1_0.id=?
10-01-2026 19:16:52.358 [http-nio-8084-exec-6] DEBUG org.hibernate.SQL - select aue1_0.id,aue1_0.active,aue1_0.password,aue1_0.username from admin_users aue1_0 where aue1_0.id=?
10-01-2026 19:16:52.360 [http-nio-8084-exec-6] DEBUG org.hibernate.SQL - select ase1_0.id,ase1_0.active,ase1_0.admin_id,ase1_0.login_time,ase1_0.logout_time from admin_sessions ase1_0 where ase1_0.id=? and ase1_0.active
10-01-2026 19:16:52.360 [http-nio-8084-exec-5] DEBUG org.hibernate.SQL - select ase1_0.id,ase1_0.active,ase1_0.admin_id,ase1_0.login_time,ase1_0.logout_time from admin_sessions ase1_0 where ase1_0.id=? and ase1_0.active
10-01-2026 19:16:52.361 [http-nio-8084-exec-9] DEBUG org.hibernate.SQL - select ase1_0.id,ase1_0.active,ase1_0.admin_id,ase1_0.login_time,ase1_0.logout_time from admin_sessions ase1_0 where ase1_0.id=? and ase1_0.active
10-01-2026 19:16:52.363 [http-nio-8084-exec-9] DEBUG org.hibernate.SQL - select aue1_0.id,aue1_0.active,aue1_0.password,aue1_0.username from admin_users aue1_0 where aue1_0.id=?
10-01-2026 19:16:52.363 [http-nio-8084-exec-5] DEBUG org.hibernate.SQL - select aue1_0.id,aue1_0.active,aue1_0.password,aue1_0.username from admin_users aue1_0 where aue1_0.id=?
10-01-2026 19:16:52.364 [http-nio-8084-exec-6] DEBUG org.hibernate.SQL - select aue1_0.id,aue1_0.active,aue1_0.password,aue1_0.username from admin_users aue1_0 where aue1_0.id=?
10-01-2026 19:16:52.366 [http-nio-8084-exec-6] DEBUG org.hibernate.SQL - select ae1_0.id,ae1_0.nombre from authors ae1_0
10-01-2026 19:16:52.366 [http-nio-8084-exec-9] DEBUG org.hibernate.SQL - select be1_0.id,be1_0.anio,be1_0.author_id,be1_0.disponible,be1_0.nombre,be1_0.user_id from books be1_0
10-01-2026 19:16:52.366 [http-nio-8084-exec-5] DEBUG org.hibernate.SQL - select ue1_0.id,ue1_0.nombre from users ue1_0
10-01-2026 19:16:57.549 [http-nio-8084-exec-3] DEBUG org.hibernate.SQL - select ase1_0.id,ase1_0.active,ase1_0.admin_id,ase1_0.login_time,ase1_0.logout_time from admin_sessions ase1_0 where ase1_0.id=? and ase1_0.active
10-01-2026 19:16:57.555 [http-nio-8084-exec-3] DEBUG org.hibernate.SQL - select aue1_0.id,aue1_0.active,aue1_0.password,aue1_0.username from admin_users aue1_0 where aue1_0.id=?
10-01-2026 19:16:57.560 [http-nio-8084-exec-3] DEBUG org.hibernate.SQL - select ase1_0.id,ase1_0.active,ase1_0.admin_id,ase1_0.login_time,ase1_0.logout_time from admin_sessions ase1_0 where ase1_0.id=? and ase1_0.active
10-01-2026 19:16:57.565 [http-nio-8084-exec-3] DEBUG org.hibernate.SQL - select aue1_0.id,aue1_0.active,aue1_0.password,aue1_0.username from admin_users aue1_0 where aue1_0.id=?
10-01-2026 19:16:57.570 [http-nio-8084-exec-3] DEBUG org.hibernate.SQL - update admin_sessions set active=?,admin_id=?,login_time=?,logout_time=? where id=?
10-01-2026 19:17:08.624 [http-nio-8084-exec-7] DEBUG org.hibernate.SQL - select aue1_0.id,aue1_0.active,aue1_0.password,aue1_0.username from admin_users aue1_0 where aue1_0.username=? and aue1_0.password=? and aue1_0.active
10-01-2026 19:17:08.632 [http-nio-8084-exec-7] DEBUG org.hibernate.SQL - insert into admin_sessions (active,admin_id,login_time,logout_time) values (?,?,?,?)
10-01-2026 19:18:39.068 [http-nio-8084-exec-3] DEBUG org.hibernate.SQL - select ase1_0.id,ase1_0.active,ase1_0.admin_id,ase1_0.login_time,ase1_0.logout_time from admin_sessions ase1_0 where ase1_0.id=? and ase1_0.active
10-01-2026 19:18:39.068 [http-nio-8084-exec-5] DEBUG org.hibernate.SQL - select ase1_0.id,ase1_0.active,ase1_0.admin_id,ase1_0.login_time,ase1_0.logout_time from admin_sessions ase1_0 where ase1_0.id=? and ase1_0.active
10-01-2026 19:18:39.076 [http-nio-8084-exec-5] DEBUG org.hibernate.SQL - select aue1_0.id,aue1_0.active,aue1_0.password,aue1_0.username from admin_users aue1_0 where aue1_0.id=?
10-01-2026 19:18:39.076 [http-nio-8084-exec-3] DEBUG org.hibernate.SQL - select aue1_0.id,aue1_0.active,aue1_0.password,aue1_0.username from admin_users aue1_0 where aue1_0.id=?
10-01-2026 19:18:39.084 [http-nio-8084-exec-5] DEBUG org.hibernate.SQL - select ase1_0.id,ase1_0.active,ase1_0.admin_id,ase1_0.login_time,ase1_0.logout_time from admin_sessions ase1_0 where ase1_0.id=? and ase1_0.active
10-01-2026 19:18:39.084 [http-nio-8084-exec-3] DEBUG org.hibernate.SQL - select ase1_0.id,ase1_0.active,ase1_0.admin_id,ase1_0.login_time,ase1_0.logout_time from admin_sessions ase1_0 where ase1_0.id=? and ase1_0.active
10-01-2026 19:18:39.087 [http-nio-8084-exec-5] DEBUG org.hibernate.SQL - select aue1_0.id,aue1_0.active,aue1_0.password,aue1_0.username from admin_users aue1_0 where aue1_0.id=?
10-01-2026 19:18:39.087 [http-nio-8084-exec-3] DEBUG org.hibernate.SQL - select aue1_0.id,aue1_0.active,aue1_0.password,aue1_0.username from admin_users aue1_0 where aue1_0.id=?
10-01-2026 19:18:39.089 [http-nio-8084-exec-1] DEBUG org.hibernate.SQL - select ase1_0.id,ase1_0.active,ase1_0.admin_id,ase1_0.login_time,ase1_0.logout_time from admin_sessions ase1_0 where ase1_0.id=? and ase1_0.active
10-01-2026 19:18:39.090 [http-nio-8084-exec-3] DEBUG org.hibernate.SQL - select ae1_0.id,ae1_0.nombre from authors ae1_0
10-01-2026 19:18:39.090 [http-nio-8084-exec-5] DEBUG org.hibernate.SQL - select ue1_0.id,ue1_0.nombre from users ue1_0
10-01-2026 19:18:39.091 [http-nio-8084-exec-1] DEBUG org.hibernate.SQL - select aue1_0.id,aue1_0.active,aue1_0.password,aue1_0.username from admin_users aue1_0 where aue1_0.id=?
10-01-2026 19:18:39.117 [http-nio-8084-exec-1] DEBUG org.hibernate.SQL - select ase1_0.id,ase1_0.active,ase1_0.admin_id,ase1_0.login_time,ase1_0.logout_time from admin_sessions ase1_0 where ase1_0.id=? and ase1_0.active
10-01-2026 19:18:39.119 [http-nio-8084-exec-1] DEBUG org.hibernate.SQL - select aue1_0.id,aue1_0.active,aue1_0.password,aue1_0.username from admin_users aue1_0 where aue1_0.id=?
10-01-2026 19:27:01.624 [http-nio-8084-exec-3] DEBUG org.hibernate.SQL - select ase1_0.id,ase1_0.active,ase1_0.admin_id,ase1_0.login_time,ase1_0.logout_time from admin_sessions ase1_0 where ase1_0.id=? and ase1_0.active
10-01-2026 19:27:01.641 [http-nio-8084-exec-3] DEBUG org.hibernate.SQL - select aue1_0.id,aue1_0.active,aue1_0.password,aue1_0.username from admin_users aue1_0 where aue1_0.id=?
10-01-2026 19:27:01.647 [http-nio-8084-exec-3] DEBUG org.hibernate.SQL - select ase1_0.id,ase1_0.active,ase1_0.admin_id,ase1_0.login_time,ase1_0.logout_time from admin_sessions ase1_0 where ase1_0.id=? and ase1_0.active
10-01-2026 19:27:01.649 [http-nio-8084-exec-3] DEBUG org.hibernate.SQL - select aue1_0.id,aue1_0.active,aue1_0.password,aue1_0.username from admin_users aue1_0 where aue1_0.id=?
10-01-2026 19:27:01.653 [http-nio-8084-exec-3] DEBUG org.hibernate.SQL - update admin_sessions set active=?,admin_id=?,login_time=?,logout_time=? where id=?
10-01-2026 19:27:06.927 [http-nio-8084-exec-1] DEBUG org.hibernate.SQL - select aue1_0.id,aue1_0.active,aue1_0.password,aue1_0.username from admin_users aue1_0 where aue1_0.username=? and aue1_0.password=? and aue1_0.active
10-01-2026 19:27:06.936 [http-nio-8084-exec-1] DEBUG org.hibernate.SQL - insert into admin_sessions (active,admin_id,login_time,logout_time) values (?,?,?,?)
10-01-2026 19:45:39.616 [http-nio-8084-exec-4] DEBUG org.hibernate.SQL - select ase1_0.id,ase1_0.active,ase1_0.admin_id,ase1_0.login_time,ase1_0.logout_time from admin_sessions ase1_0 where ase1_0.id=? and ase1_0.active
10-01-2026 19:45:39.616 [http-nio-8084-exec-12] DEBUG org.hibernate.SQL - select ase1_0.id,ase1_0.active,ase1_0.admin_id,ase1_0.login_time,ase1_0.logout_time from admin_sessions ase1_0 where ase1_0.id=? and ase1_0.active
10-01-2026 19:45:39.616 [http-nio-8084-exec-3] DEBUG org.hibernate.SQL - select ase1_0.id,ase1_0.active,ase1_0.admin_id,ase1_0.login_time,ase1_0.logout_time from admin_sessions ase1_0 where ase1_0.id=? and ase1_0.active
10-01-2026 19:45:39.621 [http-nio-8084-exec-12] DEBUG org.hibernate.SQL - select aue1_0.id,aue1_0.active,aue1_0.password,aue1_0.username from admin_users aue1_0 where aue1_0.id=?
10-01-2026 19:45:39.621 [http-nio-8084-exec-3] DEBUG org.hibernate.SQL - select aue1_0.id,aue1_0.active,aue1_0.password,aue1_0.username from admin_users aue1_0 where aue1_0.id=?
10-01-2026 19:45:39.621 [http-nio-8084-exec-4] DEBUG org.hibernate.SQL - select aue1_0.id,aue1_0.active,aue1_0.password,aue1_0.username from admin_users aue1_0 where aue1_0.id=?
10-01-2026 19:45:39.624 [http-nio-8084-exec-4] DEBUG org.hibernate.SQL - select ase1_0.id,ase1_0.active,ase1_0.admin_id,ase1_0.login_time,ase1_0.logout_time from admin_sessions ase1_0 where ase1_0.id=? and ase1_0.active
10-01-2026 19:45:39.625 [http-nio-8084-exec-3] DEBUG org.hibernate.SQL - select ase1_0.id,ase1_0.active,ase1_0.admin_id,ase1_0.login_time,ase1_0.logout_time from admin_sessions ase1_0 where ase1_0.id=? and ase1_0.active
10-01-2026 19:45:39.626 [http-nio-8084-exec-3] DEBUG org.hibernate.SQL - select aue1_0.id,aue1_0.active,aue1_0.password,aue1_0.username from admin_users aue1_0 where aue1_0.id=?
10-01-2026 19:45:39.626 [http-nio-8084-exec-4] DEBUG org.hibernate.SQL - select aue1_0.id,aue1_0.active,aue1_0.password,aue1_0.username from admin_users aue1_0 where aue1_0.id=?
10-01-2026 19:45:39.629 [http-nio-8084-exec-3] DEBUG org.hibernate.SQL - select ue1_0.id,ue1_0.nombre from users ue1_0
10-01-2026 19:45:39.629 [http-nio-8084-exec-4] DEBUG org.hibernate.SQL - select ae1_0.id,ae1_0.nombre from authors ae1_0
10-01-2026 19:45:39.629 [http-nio-8084-exec-12] DEBUG org.hibernate.SQL - select ase1_0.id,ase1_0.active,ase1_0.admin_id,ase1_0.login_time,ase1_0.logout_time from admin_sessions ase1_0 where ase1_0.id=? and ase1_0.active
10-01-2026 19:45:39.630 [http-nio-8084-exec-12] DEBUG org.hibernate.SQL - select aue1_0.id,aue1_0.active,aue1_0.password,aue1_0.username from admin_users aue1_0 where aue1_0.id=?
10-01-2026 19:46:26.133 [http-nio-8084-exec-1] DEBUG org.hibernate.SQL - select ase1_0.id,ase1_0.active,ase1_0.admin_id,ase1_0.login_time,ase1_0.logout_time from admin_sessions ase1_0 where ase1_0.id=? and ase1_0.active
10-01-2026 19:46:26.146 [http-nio-8084-exec-1] DEBUG org.hibernate.SQL - select aue1_0.id,aue1_0.active,aue1_0.password,aue1_0.username from admin_users aue1_0 where aue1_0.id=?
10-01-2026 19:46:26.153 [http-nio-8084-exec-1] DEBUG org.hibernate.SQL - select ase1_0.id,ase1_0.active,ase1_0.admin_id,ase1_0.login_time,ase1_0.logout_time from admin_sessions ase1_0 where ase1_0.id=? and ase1_0.active
10-01-2026 19:46:26.156 [http-nio-8084-exec-1] DEBUG org.hibernate.SQL - select aue1_0.id,aue1_0.active,aue1_0.password,aue1_0.username from admin_users aue1_0 where aue1_0.id=?
10-01-2026 19:46:26.163 [http-nio-8084-exec-1] DEBUG org.hibernate.SQL - update admin_sessions set active=?,admin_id=?,login_time=?,logout_time=? where id=?
10-01-2026 19:46:46.156 [http-nio-8084-exec-4] DEBUG org.hibernate.SQL - select aue1_0.id,aue1_0.active,aue1_0.password,aue1_0.username from admin_users aue1_0 where aue1_0.username=? and aue1_0.password=? and aue1_0.active
10-01-2026 19:46:46.166 [http-nio-8084-exec-4] DEBUG org.hibernate.SQL - insert into admin_sessions (active,admin_id,login_time,logout_time) values (?,?,?,?)
10-01-2026 19:46:46.197 [http-nio-8084-exec-7] DEBUG org.hibernate.SQL - select ase1_0.id,ase1_0.active,ase1_0.admin_id,ase1_0.login_time,ase1_0.logout_time from admin_sessions ase1_0 where ase1_0.id=? and ase1_0.active
10-01-2026 19:46:46.197 [http-nio-8084-exec-6] DEBUG org.hibernate.SQL - select ase1_0.id,ase1_0.active,ase1_0.admin_id,ase1_0.login_time,ase1_0.logout_time from admin_sessions ase1_0 where ase1_0.id=? and ase1_0.active
10-01-2026 19:46:46.199 [http-nio-8084-exec-6] DEBUG org.hibernate.SQL - select aue1_0.id,aue1_0.active,aue1_0.password,aue1_0.username from admin_users aue1_0 where aue1_0.id=?
10-01-2026 19:46:46.199 [http-nio-8084-exec-7] DEBUG org.hibernate.SQL - select aue1_0.id,aue1_0.active,aue1_0.password,aue1_0.username from admin_users aue1_0 where aue1_0.id=?
10-01-2026 19:46:46.199 [http-nio-8084-exec-2] DEBUG org.hibernate.SQL - select ase1_0.id,ase1_0.active,ase1_0.admin_id,ase1_0.login_time,ase1_0.logout_time from admin_sessions ase1_0 where ase1_0.id=? and ase1_0.active
10-01-2026 19:46:46.201 [http-nio-8084-exec-6] DEBUG org.hibernate.SQL - select ase1_0.id,ase1_0.active,ase1_0.admin_id,ase1_0.login_time,ase1_0.logout_time from admin_sessions ase1_0 where ase1_0.id=? and ase1_0.active
10-01-2026 19:46:46.201 [http-nio-8084-exec-7] DEBUG org.hibernate.SQL - select ase1_0.id,ase1_0.active,ase1_0.admin_id,ase1_0.login_time,ase1_0.logout_time from admin_sessions ase1_0 where ase1_0.id=? and ase1_0.active
10-01-2026 19:46:46.202 [http-nio-8084-exec-2] DEBUG org.hibernate.SQL - select aue1_0.id,aue1_0.active,aue1_0.password,aue1_0.username from admin_users aue1_0 where aue1_0.id=?
10-01-2026 19:46:46.202 [http-nio-8084-exec-6] DEBUG org.hibernate.SQL - select aue1_0.id,aue1_0.active,aue1_0.password,aue1_0.username from admin_users aue1_0 where aue1_0.id=?
10-01-2026 19:46:46.202 [http-nio-8084-exec-7] DEBUG org.hibernate.SQL - select aue1_0.id,aue1_0.active,aue1_0.password,aue1_0.username from admin_users aue1_0 where aue1_0.id=?
10-01-2026 19:46:46.204 [http-nio-8084-exec-7] DEBUG org.hibernate.SQL - select ae1_0.id,ae1_0.nombre from authors ae1_0
10-01-2026 19:46:46.204 [http-nio-8084-exec-6] DEBUG org.hibernate.SQL - select be1_0.id,be1_0.anio,be1_0.author_id,be1_0.disponible,be1_0.nombre,be1_0.user_id from books be1_0
10-01-2026 19:46:46.204 [http-nio-8084-exec-2] DEBUG org.hibernate.SQL - select ase1_0.id,ase1_0.active,ase1_0.admin_id,ase1_0.login_time,ase1_0.logout_time from admin_sessions ase1_0 where ase1_0.id=? and ase1_0.active
10-01-2026 19:46:46.206 [http-nio-8084-exec-2] DEBUG org.hibernate.SQL - select aue1_0.id,aue1_0.active,aue1_0.password,aue1_0.username from admin_users aue1_0 where aue1_0.id=?
10-01-2026 19:46:46.209 [http-nio-8084-exec-2] DEBUG org.hibernate.SQL - select ue1_0.id,ue1_0.nombre from users ue1_0
10-01-2026 19:46:46.210 [http-nio-8084-exec-12] DEBUG org.hibernate.SQL - select ase1_0.id,ase1_0.active,ase1_0.admin_id,ase1_0.login_time,ase1_0.logout_time from admin_sessions ase1_0 where ase1_0.id=? and ase1_0.active
10-01-2026 19:46:46.210 [http-nio-8084-exec-4] DEBUG org.hibernate.SQL - select ase1_0.id,ase1_0.active,ase1_0.admin_id,ase1_0.login_time,ase1_0.logout_time from admin_sessions ase1_0 where ase1_0.id=? and ase1_0.active
10-01-2026 19:46:46.211 [http-nio-8084-exec-12] DEBUG org.hibernate.SQL - select aue1_0.id,aue1_0.active,aue1_0.password,aue1_0.username from admin_users aue1_0 where aue1_0.id=?
10-01-2026 19:46:46.211 [http-nio-8084-exec-4] DEBUG org.hibernate.SQL - select aue1_0.id,aue1_0.active,aue1_0.password,aue1_0.username from admin_users aue1_0 where aue1_0.id=?
10-01-2026 19:46:46.213 [http-nio-8084-exec-12] DEBUG org.hibernate.SQL - select ase1_0.id,ase1_0.active,ase1_0.admin_id,ase1_0.login_time,ase1_0.logout_time from admin_sessions ase1_0 where ase1_0.id=? and ase1_0.active
10-01-2026 19:46:46.213 [http-nio-8084-exec-4] DEBUG org.hibernate.SQL - select ase1_0.id,ase1_0.active,ase1_0.admin_id,ase1_0.login_time,ase1_0.logout_time from admin_sessions ase1_0 where ase1_0.id=? and ase1_0.active
10-01-2026 19:46:46.214 [http-nio-8084-exec-5] DEBUG org.hibernate.SQL - select ase1_0.id,ase1_0.active,ase1_0.admin_id,ase1_0.login_time,ase1_0.logout_time from admin_sessions ase1_0 where ase1_0.id=? and ase1_0.active
10-01-2026 19:46:46.214 [http-nio-8084-exec-4] DEBUG org.hibernate.SQL - select aue1_0.id,aue1_0.active,aue1_0.password,aue1_0.username from admin_users aue1_0 where aue1_0.id=?
10-01-2026 19:46:46.215 [http-nio-8084-exec-12] DEBUG org.hibernate.SQL - select aue1_0.id,aue1_0.active,aue1_0.password,aue1_0.username from admin_users aue1_0 where aue1_0.id=?
10-01-2026 19:46:46.216 [http-nio-8084-exec-5] DEBUG org.hibernate.SQL - select aue1_0.id,aue1_0.active,aue1_0.password,aue1_0.username from admin_users aue1_0 where aue1_0.id=?
10-01-2026 19:46:46.218 [http-nio-8084-exec-4] DEBUG org.hibernate.SQL - select ae1_0.id,ae1_0.nombre from authors ae1_0
10-01-2026 19:46:46.218 [http-nio-8084-exec-12] DEBUG org.hibernate.SQL - select be1_0.id,be1_0.anio,be1_0.author_id,be1_0.disponible,be1_0.nombre,be1_0.user_id from books be1_0
10-01-2026 19:46:46.218 [http-nio-8084-exec-5] DEBUG org.hibernate.SQL - select ase1_0.id,ase1_0.active,ase1_0.admin_id,ase1_0.login_time,ase1_0.logout_time from admin_sessions ase1_0 where ase1_0.id=? and ase1_0.active
10-01-2026 19:46:46.219 [http-nio-8084-exec-5] DEBUG org.hibernate.SQL - select aue1_0.id,aue1_0.active,aue1_0.password,aue1_0.username from admin_users aue1_0 where aue1_0.id=?
10-01-2026 19:46:46.222 [http-nio-8084-exec-5] DEBUG org.hibernate.SQL - select ue1_0.id,ue1_0.nombre from users ue1_0
10-01-2026 19:46:55.597 [http-nio-8084-exec-9] DEBUG org.hibernate.SQL - select ase1_0.id,ase1_0.active,ase1_0.admin_id,ase1_0.login_time,ase1_0.logout_time from admin_sessions ase1_0 where ase1_0.id=? and ase1_0.active
10-01-2026 19:46:55.601 [http-nio-8084-exec-9] DEBUG org.hibernate.SQL - select aue1_0.id,aue1_0.active,aue1_0.password,aue1_0.username from admin_users aue1_0 where aue1_0.id=?
10-01-2026 19:46:55.605 [http-nio-8084-exec-9] DEBUG org.hibernate.SQL - select ase1_0.id,ase1_0.active,ase1_0.admin_id,ase1_0.login_time,ase1_0.logout_time from admin_sessions ase1_0 where ase1_0.id=? and ase1_0.active
10-01-2026 19:46:55.608 [http-nio-8084-exec-9] DEBUG org.hibernate.SQL - select aue1_0.id,aue1_0.active,aue1_0.password,aue1_0.username from admin_users aue1_0 where aue1_0.id=?
10-01-2026 19:46:55.612 [http-nio-8084-exec-9] DEBUG org.hibernate.SQL - update admin_sessions set active=?,admin_id=?,login_time=?,logout_time=? where id=?
10-01-2026 19:47:10.721 [http-nio-8084-exec-8] DEBUG org.hibernate.SQL - select aue1_0.id,aue1_0.active,aue1_0.password,aue1_0.username from admin_users aue1_0 where aue1_0.username=? and aue1_0.password=? and aue1_0.active
10-01-2026 19:47:10.729 [http-nio-8084-exec-8] DEBUG org.hibernate.SQL - insert into admin_sessions (active,admin_id,login_time,logout_time) values (?,?,?,?)
10-01-2026 19:47:10.758 [http-nio-8084-exec-1] DEBUG org.hibernate.SQL - select ase1_0.id,ase1_0.active,ase1_0.admin_id,ase1_0.login_time,ase1_0.logout_time from admin_sessions ase1_0 where ase1_0.id=? and ase1_0.active
10-01-2026 19:47:10.758 [http-nio-8084-exec-3] DEBUG org.hibernate.SQL - select ase1_0.id,ase1_0.active,ase1_0.admin_id,ase1_0.login_time,ase1_0.logout_time from admin_sessions ase1_0 where ase1_0.id=? and ase1_0.active
10-01-2026 19:47:10.758 [http-nio-8084-exec-9] DEBUG org.hibernate.SQL - select ase1_0.id,ase1_0.active,ase1_0.admin_id,ase1_0.login_time,ase1_0.logout_time from admin_sessions ase1_0 where ase1_0.id=? and ase1_0.active
10-01-2026 19:47:10.761 [http-nio-8084-exec-1] DEBUG org.hibernate.SQL - select aue1_0.id,aue1_0.active,aue1_0.password,aue1_0.username from admin_users aue1_0 where aue1_0.id=?
10-01-2026 19:47:10.762 [http-nio-8084-exec-3] DEBUG org.hibernate.SQL - select aue1_0.id,aue1_0.active,aue1_0.password,aue1_0.username from admin_users aue1_0 where aue1_0.id=?
10-01-2026 19:47:10.762 [http-nio-8084-exec-9] DEBUG org.hibernate.SQL - select aue1_0.id,aue1_0.active,aue1_0.password,aue1_0.username from admin_users aue1_0 where aue1_0.id=?
10-01-2026 19:47:10.766 [http-nio-8084-exec-1] DEBUG org.hibernate.SQL - select ase1_0.id,ase1_0.active,ase1_0.admin_id,ase1_0.login_time,ase1_0.logout_time from admin_sessions ase1_0 where ase1_0.id=? and ase1_0.active
10-01-2026 19:47:10.768 [http-nio-8084-exec-3] DEBUG org.hibernate.SQL - select ase1_0.id,ase1_0.active,ase1_0.admin_id,ase1_0.login_time,ase1_0.logout_time from admin_sessions ase1_0 where ase1_0.id=? and ase1_0.active
10-01-2026 19:47:10.769 [http-nio-8084-exec-9] DEBUG org.hibernate.SQL - select ase1_0.id,ase1_0.active,ase1_0.admin_id,ase1_0.login_time,ase1_0.logout_time from admin_sessions ase1_0 where ase1_0.id=? and ase1_0.active
10-01-2026 19:47:10.770 [http-nio-8084-exec-1] DEBUG org.hibernate.SQL - select aue1_0.id,aue1_0.active,aue1_0.password,aue1_0.username from admin_users aue1_0 where aue1_0.id=?
10-01-2026 19:47:10.770 [http-nio-8084-exec-3] DEBUG org.hibernate.SQL - select aue1_0.id,aue1_0.active,aue1_0.password,aue1_0.username from admin_users aue1_0 where aue1_0.id=?
10-01-2026 19:47:10.770 [http-nio-8084-exec-9] DEBUG org.hibernate.SQL - select aue1_0.id,aue1_0.active,aue1_0.password,aue1_0.username from admin_users aue1_0 where aue1_0.id=?
10-01-2026 19:47:10.774 [http-nio-8084-exec-3] DEBUG org.hibernate.SQL - select ae1_0.id,ae1_0.nombre from authors ae1_0
10-01-2026 19:47:10.774 [http-nio-8084-exec-1] DEBUG org.hibernate.SQL - select ue1_0.id,ue1_0.nombre from users ue1_0
10-01-2026 19:47:10.774 [http-nio-8084-exec-9] DEBUG org.hibernate.SQL - select be1_0.id,be1_0.anio,be1_0.author_id,be1_0.disponible,be1_0.nombre,be1_0.user_id from books be1_0
10-01-2026 19:47:10.783 [http-nio-8084-exec-3] DEBUG org.hibernate.SQL - select ase1_0.id,ase1_0.active,ase1_0.admin_id,ase1_0.login_time,ase1_0.logout_time from admin_sessions ase1_0 where ase1_0.id=? and ase1_0.active
10-01-2026 19:47:10.783 [http-nio-8084-exec-7] DEBUG org.hibernate.SQL - select ase1_0.id,ase1_0.active,ase1_0.admin_id,ase1_0.login_time,ase1_0.logout_time from admin_sessions ase1_0 where ase1_0.id=? and ase1_0.active
10-01-2026 19:47:10.783 [http-nio-8084-exec-8] DEBUG org.hibernate.SQL - select ase1_0.id,ase1_0.active,ase1_0.admin_id,ase1_0.login_time,ase1_0.logout_time from admin_sessions ase1_0 where ase1_0.id=? and ase1_0.active
10-01-2026 19:47:10.784 [http-nio-8084-exec-3] DEBUG org.hibernate.SQL - select aue1_0.id,aue1_0.active,aue1_0.password,aue1_0.username from admin_users aue1_0 where aue1_0.id=?
10-01-2026 19:47:10.784 [http-nio-8084-exec-8] DEBUG org.hibernate.SQL - select aue1_0.id,aue1_0.active,aue1_0.password,aue1_0.username from admin_users aue1_0 where aue1_0.id=?
10-01-2026 19:47:10.785 [http-nio-8084-exec-7] DEBUG org.hibernate.SQL - select aue1_0.id,aue1_0.active,aue1_0.password,aue1_0.username from admin_users aue1_0 where aue1_0.id=?
10-01-2026 19:47:10.787 [http-nio-8084-exec-8] DEBUG org.hibernate.SQL - select ase1_0.id,ase1_0.active,ase1_0.admin_id,ase1_0.login_time,ase1_0.logout_time from admin_sessions ase1_0 where ase1_0.id=? and ase1_0.active
10-01-2026 19:47:10.787 [http-nio-8084-exec-3] DEBUG org.hibernate.SQL - select ase1_0.id,ase1_0.active,ase1_0.admin_id,ase1_0.login_time,ase1_0.logout_time from admin_sessions ase1_0 where ase1_0.id=? and ase1_0.active
10-01-2026 19:47:10.787 [http-nio-8084-exec-7] DEBUG org.hibernate.SQL - select ase1_0.id,ase1_0.active,ase1_0.admin_id,ase1_0.login_time,ase1_0.logout_time from admin_sessions ase1_0 where ase1_0.id=? and ase1_0.active
10-01-2026 19:47:10.788 [http-nio-8084-exec-3] DEBUG org.hibernate.SQL - select aue1_0.id,aue1_0.active,aue1_0.password,aue1_0.username from admin_users aue1_0 where aue1_0.id=?
10-01-2026 19:47:10.788 [http-nio-8084-exec-7] DEBUG org.hibernate.SQL - select aue1_0.id,aue1_0.active,aue1_0.password,aue1_0.username from admin_users aue1_0 where aue1_0.id=?
10-01-2026 19:47:10.788 [http-nio-8084-exec-8] DEBUG org.hibernate.SQL - select aue1_0.id,aue1_0.active,aue1_0.password,aue1_0.username from admin_users aue1_0 where aue1_0.id=?
10-01-2026 19:47:10.791 [http-nio-8084-exec-7] DEBUG org.hibernate.SQL - select ae1_0.id,ae1_0.nombre from authors ae1_0
10-01-2026 19:47:10.791 [http-nio-8084-exec-8] DEBUG org.hibernate.SQL - select be1_0.id,be1_0.anio,be1_0.author_id,be1_0.disponible,be1_0.nombre,be1_0.user_id from books be1_0
10-01-2026 19:47:10.791 [http-nio-8084-exec-3] DEBUG org.hibernate.SQL - select ue1_0.id,ue1_0.nombre from users ue1_0
10-01-2026 19:47:25.626 [http-nio-8084-exec-4] DEBUG org.hibernate.SQL - select ase1_0.id,ase1_0.active,ase1_0.admin_id,ase1_0.login_time,ase1_0.logout_time from admin_sessions ase1_0 where ase1_0.id=? and ase1_0.active
10-01-2026 19:47:25.626 [http-nio-8084-exec-5] DEBUG org.hibernate.SQL - select ase1_0.id,ase1_0.active,ase1_0.admin_id,ase1_0.login_time,ase1_0.logout_time from admin_sessions ase1_0 where ase1_0.id=? and ase1_0.active
10-01-2026 19:47:25.629 [http-nio-8084-exec-6] DEBUG org.hibernate.SQL - select ase1_0.id,ase1_0.active,ase1_0.admin_id,ase1_0.login_time,ase1_0.logout_time from admin_sessions ase1_0 where ase1_0.id=? and ase1_0.active
10-01-2026 19:47:25.629 [http-nio-8084-exec-5] DEBUG org.hibernate.SQL - select aue1_0.id,aue1_0.active,aue1_0.password,aue1_0.username from admin_users aue1_0 where aue1_0.id=?
10-01-2026 19:47:25.629 [http-nio-8084-exec-4] DEBUG org.hibernate.SQL - select aue1_0.id,aue1_0.active,aue1_0.password,aue1_0.username from admin_users aue1_0 where aue1_0.id=?
10-01-2026 19:47:25.631 [http-nio-8084-exec-6] DEBUG org.hibernate.SQL - select aue1_0.id,aue1_0.active,aue1_0.password,aue1_0.username from admin_users aue1_0 where aue1_0.id=?
10-01-2026 19:47:25.633 [http-nio-8084-exec-5] DEBUG org.hibernate.SQL - select ase1_0.id,ase1_0.active,ase1_0.admin_id,ase1_0.login_time,ase1_0.logout_time from admin_sessions ase1_0 where ase1_0.id=? and ase1_0.active
10-01-2026 19:47:25.633 [http-nio-8084-exec-4] DEBUG org.hibernate.SQL - select ase1_0.id,ase1_0.active,ase1_0.admin_id,ase1_0.login_time,ase1_0.logout_time from admin_sessions ase1_0 where ase1_0.id=? and ase1_0.active
10-01-2026 19:47:25.634 [http-nio-8084-exec-4] DEBUG org.hibernate.SQL - select aue1_0.id,aue1_0.active,aue1_0.password,aue1_0.username from admin_users aue1_0 where aue1_0.id=?
10-01-2026 19:47:25.634 [http-nio-8084-exec-5] DEBUG org.hibernate.SQL - select aue1_0.id,aue1_0.active,aue1_0.password,aue1_0.username from admin_users aue1_0 where aue1_0.id=?
10-01-2026 19:47:25.635 [http-nio-8084-exec-6] DEBUG org.hibernate.SQL - select ase1_0.id,ase1_0.active,ase1_0.admin_id,ase1_0.login_time,ase1_0.logout_time from admin_sessions ase1_0 where ase1_0.id=? and ase1_0.active
10-01-2026 19:47:25.636 [http-nio-8084-exec-6] DEBUG org.hibernate.SQL - select aue1_0.id,aue1_0.active,aue1_0.password,aue1_0.username from admin_users aue1_0 where aue1_0.id=?
10-01-2026 19:47:25.637 [http-nio-8084-exec-4] DEBUG org.hibernate.SQL - select ue1_0.id,ue1_0.nombre from users ue1_0
10-01-2026 19:47:25.637 [http-nio-8084-exec-5] DEBUG org.hibernate.SQL - select ae1_0.id,ae1_0.nombre from authors ae1_0
10-01-2026 19:47:25.643 [http-nio-8084-exec-8] DEBUG org.hibernate.SQL - select ase1_0.id,ase1_0.active,ase1_0.admin_id,ase1_0.login_time,ase1_0.logout_time from admin_sessions ase1_0 where ase1_0.id=? and ase1_0.active
10-01-2026 19:47:25.644 [http-nio-8084-exec-12] DEBUG org.hibernate.SQL - select ase1_0.id,ase1_0.active,ase1_0.admin_id,ase1_0.login_time,ase1_0.logout_time from admin_sessions ase1_0 where ase1_0.id=? and ase1_0.active
10-01-2026 19:47:25.644 [http-nio-8084-exec-2] DEBUG org.hibernate.SQL - select ase1_0.id,ase1_0.active,ase1_0.admin_id,ase1_0.login_time,ase1_0.logout_time from admin_sessions ase1_0 where ase1_0.id=? and ase1_0.active
10-01-2026 19:47:25.647 [http-nio-8084-exec-8] DEBUG org.hibernate.SQL - select aue1_0.id,aue1_0.active,aue1_0.password,aue1_0.username from admin_users aue1_0 where aue1_0.id=?
10-01-2026 19:47:25.647 [http-nio-8084-exec-2] DEBUG org.hibernate.SQL - select aue1_0.id,aue1_0.active,aue1_0.password,aue1_0.username from admin_users aue1_0 where aue1_0.id=?
10-01-2026 19:47:25.647 [http-nio-8084-exec-12] DEBUG org.hibernate.SQL - select aue1_0.id,aue1_0.active,aue1_0.password,aue1_0.username from admin_users aue1_0 where aue1_0.id=?
10-01-2026 19:47:25.651 [http-nio-8084-exec-12] DEBUG org.hibernate.SQL - select ase1_0.id,ase1_0.active,ase1_0.admin_id,ase1_0.login_time,ase1_0.logout_time from admin_sessions ase1_0 where ase1_0.id=? and ase1_0.active
10-01-2026 19:47:25.651 [http-nio-8084-exec-2] DEBUG org.hibernate.SQL - select ase1_0.id,ase1_0.active,ase1_0.admin_id,ase1_0.login_time,ase1_0.logout_time from admin_sessions ase1_0 where ase1_0.id=? and ase1_0.active
10-01-2026 19:47:25.651 [http-nio-8084-exec-8] DEBUG org.hibernate.SQL - select ase1_0.id,ase1_0.active,ase1_0.admin_id,ase1_0.login_time,ase1_0.logout_time from admin_sessions ase1_0 where ase1_0.id=? and ase1_0.active
10-01-2026 19:47:25.653 [http-nio-8084-exec-12] DEBUG org.hibernate.SQL - select aue1_0.id,aue1_0.active,aue1_0.password,aue1_0.username from admin_users aue1_0 where aue1_0.id=?
10-01-2026 19:47:25.653 [http-nio-8084-exec-8] DEBUG org.hibernate.SQL - select aue1_0.id,aue1_0.active,aue1_0.password,aue1_0.username from admin_users aue1_0 where aue1_0.id=?
10-01-2026 19:47:25.653 [http-nio-8084-exec-2] DEBUG org.hibernate.SQL - select aue1_0.id,aue1_0.active,aue1_0.password,aue1_0.username from admin_users aue1_0 where aue1_0.id=?
10-01-2026 19:47:25.656 [http-nio-8084-exec-2] DEBUG org.hibernate.SQL - select ae1_0.id,ae1_0.nombre from authors ae1_0
10-01-2026 19:47:25.656 [http-nio-8084-exec-12] DEBUG org.hibernate.SQL - select ue1_0.id,ue1_0.nombre from users ue1_0
10-01-2026 20:25:56.668 [http-nio-8084-exec-7] DEBUG org.hibernate.SQL - select aue1_0.id,aue1_0.active,aue1_0.password,aue1_0.username from admin_users aue1_0 where aue1_0.username=? and aue1_0.password=? and aue1_0.active
10-01-2026 20:25:56.687 [http-nio-8084-exec-7] DEBUG org.hibernate.SQL - insert into admin_sessions (active,admin_id,login_time,logout_time) values (?,?,?,?)
10-01-2026 20:25:56.725 [http-nio-8084-exec-6] DEBUG org.hibernate.SQL - select ase1_0.id,ase1_0.active,ase1_0.admin_id,ase1_0.login_time,ase1_0.logout_time from admin_sessions ase1_0 where ase1_0.id=? and ase1_0.active
10-01-2026 20:25:56.725 [http-nio-8084-exec-12] DEBUG org.hibernate.SQL - select ase1_0.id,ase1_0.active,ase1_0.admin_id,ase1_0.login_time,ase1_0.logout_time from admin_sessions ase1_0 where ase1_0.id=? and ase1_0.active
10-01-2026 20:25:56.725 [http-nio-8084-exec-9] DEBUG org.hibernate.SQL - select ase1_0.id,ase1_0.active,ase1_0.admin_id,ase1_0.login_time,ase1_0.logout_time from admin_sessions ase1_0 where ase1_0.id=? and ase1_0.active
10-01-2026 20:25:56.727 [http-nio-8084-exec-6] DEBUG org.hibernate.SQL - select aue1_0.id,aue1_0.active,aue1_0.password,aue1_0.username from admin_users aue1_0 where aue1_0.id=?
10-01-2026 20:25:56.728 [http-nio-8084-exec-9] DEBUG org.hibernate.SQL - select aue1_0.id,aue1_0.active,aue1_0.password,aue1_0.username from admin_users aue1_0 where aue1_0.id=?
10-01-2026 20:25:56.728 [http-nio-8084-exec-12] DEBUG org.hibernate.SQL - select aue1_0.id,aue1_0.active,aue1_0.password,aue1_0.username from admin_users aue1_0 where aue1_0.id=?
10-01-2026 20:25:56.730 [http-nio-8084-exec-6] DEBUG org.hibernate.SQL - select ase1_0.id,ase1_0.active,ase1_0.admin_id,ase1_0.login_time,ase1_0.logout_time from admin_sessions ase1_0 where ase1_0.id=? and ase1_0.active
10-01-2026 20:25:56.731 [http-nio-8084-exec-12] DEBUG org.hibernate.SQL - select ase1_0.id,ase1_0.active,ase1_0.admin_id,ase1_0.login_time,ase1_0.logout_time from admin_sessions ase1_0 where ase1_0.id=? and ase1_0.active
10-01-2026 20:25:56.731 [http-nio-8084-exec-9] DEBUG org.hibernate.SQL - select ase1_0.id,ase1_0.active,ase1_0.admin_id,ase1_0.login_time,ase1_0.logout_time from admin_sessions ase1_0 where ase1_0.id=? and ase1_0.active
10-01-2026 20:25:56.731 [http-nio-8084-exec-6] DEBUG org.hibernate.SQL - select aue1_0.id,aue1_0.active,aue1_0.password,aue1_0.username from admin_users aue1_0 where aue1_0.id=?
10-01-2026 20:25:56.731 [http-nio-8084-exec-12] DEBUG org.hibernate.SQL - select aue1_0.id,aue1_0.active,aue1_0.password,aue1_0.username from admin_users aue1_0 where aue1_0.id=?
10-01-2026 20:25:56.731 [http-nio-8084-exec-9] DEBUG org.hibernate.SQL - select aue1_0.id,aue1_0.active,aue1_0.password,aue1_0.username from admin_users aue1_0 where aue1_0.id=?
10-01-2026 20:25:56.733 [http-nio-8084-exec-12] DEBUG org.hibernate.SQL - select ue1_0.id,ue1_0.nombre from users ue1_0
10-01-2026 20:25:56.733 [http-nio-8084-exec-6] DEBUG org.hibernate.SQL - select ae1_0.id,ae1_0.nombre from authors ae1_0
10-01-2026 20:25:56.734 [http-nio-8084-exec-9] DEBUG org.hibernate.SQL - select be1_0.id,be1_0.anio,be1_0.author_id,be1_0.disponible,be1_0.nombre,be1_0.user_id from books be1_0
10-01-2026 20:25:56.741 [http-nio-8084-exec-7] DEBUG org.hibernate.SQL - select ase1_0.id,ase1_0.active,ase1_0.admin_id,ase1_0.login_time,ase1_0.logout_time from admin_sessions ase1_0 where ase1_0.id=? and ase1_0.active
10-01-2026 20:25:56.741 [http-nio-8084-exec-8] DEBUG org.hibernate.SQL - select ase1_0.id,ase1_0.active,ase1_0.admin_id,ase1_0.login_time,ase1_0.logout_time from admin_sessions ase1_0 where ase1_0.id=? and ase1_0.active
10-01-2026 20:25:56.741 [http-nio-8084-exec-3] DEBUG org.hibernate.SQL - select ase1_0.id,ase1_0.active,ase1_0.admin_id,ase1_0.login_time,ase1_0.logout_time from admin_sessions ase1_0 where ase1_0.id=? and ase1_0.active
10-01-2026 20:25:56.743 [http-nio-8084-exec-7] DEBUG org.hibernate.SQL - select aue1_0.id,aue1_0.active,aue1_0.password,aue1_0.username from admin_users aue1_0 where aue1_0.id=?
10-01-2026 20:25:56.743 [http-nio-8084-exec-3] DEBUG org.hibernate.SQL - select aue1_0.id,aue1_0.active,aue1_0.password,aue1_0.username from admin_users aue1_0 where aue1_0.id=?
10-01-2026 20:25:56.743 [http-nio-8084-exec-8] DEBUG org.hibernate.SQL - select aue1_0.id,aue1_0.active,aue1_0.password,aue1_0.username from admin_users aue1_0 where aue1_0.id=?
10-01-2026 20:25:56.746 [http-nio-8084-exec-8] DEBUG org.hibernate.SQL - select ase1_0.id,ase1_0.active,ase1_0.admin_id,ase1_0.login_time,ase1_0.logout_time from admin_sessions ase1_0 where ase1_0.id=? and ase1_0.active
10-01-2026 20:25:56.746 [http-nio-8084-exec-7] DEBUG org.hibernate.SQL - select ase1_0.id,ase1_0.active,ase1_0.admin_id,ase1_0.login_time,ase1_0.logout_time from admin_sessions ase1_0 where ase1_0.id=? and ase1_0.active
10-01-2026 20:25:56.746 [http-nio-8084-exec-3] DEBUG org.hibernate.SQL - select ase1_0.id,ase1_0.active,ase1_0.admin_id,ase1_0.login_time,ase1_0.logout_time from admin_sessions ase1_0 where ase1_0.id=? and ase1_0.active
10-01-2026 20:25:56.748 [http-nio-8084-exec-3] DEBUG org.hibernate.SQL - select aue1_0.id,aue1_0.active,aue1_0.password,aue1_0.username from admin_users aue1_0 where aue1_0.id=?
10-01-2026 20:25:56.748 [http-nio-8084-exec-8] DEBUG org.hibernate.SQL - select aue1_0.id,aue1_0.active,aue1_0.password,aue1_0.username from admin_users aue1_0 where aue1_0.id=?
10-01-2026 20:25:56.748 [http-nio-8084-exec-7] DEBUG org.hibernate.SQL - select aue1_0.id,aue1_0.active,aue1_0.password,aue1_0.username from admin_users aue1_0 where aue1_0.id=?
10-01-2026 20:25:56.750 [http-nio-8084-exec-3] DEBUG org.hibernate.SQL - select ae1_0.id,ae1_0.nombre from authors ae1_0
10-01-2026 20:25:56.750 [http-nio-8084-exec-8] DEBUG org.hibernate.SQL - select ue1_0.id,ue1_0.nombre from users ue1_0
10-01-2026 20:25:56.750 [http-nio-8084-exec-7] DEBUG org.hibernate.SQL - select be1_0.id,be1_0.anio,be1_0.author_id,be1_0.disponible,be1_0.nombre,be1_0.user_id from books be1_0
10-01-2026 20:29:17.996 [http-nio-8084-exec-12] DEBUG org.hibernate.SQL - select ase1_0.id,ase1_0.active,ase1_0.admin_id,ase1_0.login_time,ase1_0.logout_time from admin_sessions ase1_0 where ase1_0.id=? and ase1_0.active
10-01-2026 20:29:18.010 [http-nio-8084-exec-12] DEBUG org.hibernate.SQL - select aue1_0.id,aue1_0.active,aue1_0.password,aue1_0.username from admin_users aue1_0 where aue1_0.id=?
10-01-2026 20:29:18.042 [http-nio-8084-exec-12] DEBUG org.hibernate.SQL - select ase1_0.id,ase1_0.active,ase1_0.admin_id,ase1_0.login_time,ase1_0.logout_time from admin_sessions ase1_0 where ase1_0.id=? and ase1_0.active
10-01-2026 20:29:18.044 [http-nio-8084-exec-12] DEBUG org.hibernate.SQL - select aue1_0.id,aue1_0.active,aue1_0.password,aue1_0.username from admin_users aue1_0 where aue1_0.id=?
10-01-2026 20:29:18.053 [http-nio-8084-exec-12] DEBUG org.hibernate.SQL - insert into authors (nombre) values (?)
10-01-2026 20:29:39.970 [http-nio-8084-exec-9] DEBUG org.hibernate.SQL - select aue1_0.id,aue1_0.active,aue1_0.password,aue1_0.username from admin_users aue1_0 where aue1_0.username=? and aue1_0.password=? and aue1_0.active
10-01-2026 20:29:39.980 [http-nio-8084-exec-9] DEBUG org.hibernate.SQL - insert into admin_sessions (active,admin_id,login_time,logout_time) values (?,?,?,?)
10-01-2026 20:29:40.023 [http-nio-8084-exec-1] DEBUG org.hibernate.SQL - select ase1_0.id,ase1_0.active,ase1_0.admin_id,ase1_0.login_time,ase1_0.logout_time from admin_sessions ase1_0 where ase1_0.id=? and ase1_0.active
10-01-2026 20:29:40.025 [http-nio-8084-exec-6] DEBUG org.hibernate.SQL - select ase1_0.id,ase1_0.active,ase1_0.admin_id,ase1_0.login_time,ase1_0.logout_time from admin_sessions ase1_0 where ase1_0.id=? and ase1_0.active
10-01-2026 20:29:40.023 [http-nio-8084-exec-12] DEBUG org.hibernate.SQL - select ase1_0.id,ase1_0.active,ase1_0.admin_id,ase1_0.login_time,ase1_0.logout_time from admin_sessions ase1_0 where ase1_0.id=? and ase1_0.active
10-01-2026 20:29:40.027 [http-nio-8084-exec-1] DEBUG org.hibernate.SQL - select aue1_0.id,aue1_0.active,aue1_0.password,aue1_0.username from admin_users aue1_0 where aue1_0.id=?
10-01-2026 20:29:40.028 [http-nio-8084-exec-6] DEBUG org.hibernate.SQL - select aue1_0.id,aue1_0.active,aue1_0.password,aue1_0.username from admin_users aue1_0 where aue1_0.id=?
10-01-2026 20:29:40.029 [http-nio-8084-exec-12] DEBUG org.hibernate.SQL - select aue1_0.id,aue1_0.active,aue1_0.password,aue1_0.username from admin_users aue1_0 where aue1_0.id=?
10-01-2026 20:29:40.032 [http-nio-8084-exec-6] DEBUG org.hibernate.SQL - select ase1_0.id,ase1_0.active,ase1_0.admin_id,ase1_0.login_time,ase1_0.logout_time from admin_sessions ase1_0 where ase1_0.id=? and ase1_0.active
10-01-2026 20:29:40.033 [http-nio-8084-exec-12] DEBUG org.hibernate.SQL - select ase1_0.id,ase1_0.active,ase1_0.admin_id,ase1_0.login_time,ase1_0.logout_time from admin_sessions ase1_0 where ase1_0.id=? and ase1_0.active
10-01-2026 20:29:40.033 [http-nio-8084-exec-1] DEBUG org.hibernate.SQL - select ase1_0.id,ase1_0.active,ase1_0.admin_id,ase1_0.login_time,ase1_0.logout_time from admin_sessions ase1_0 where ase1_0.id=? and ase1_0.active
10-01-2026 20:29:40.035 [http-nio-8084-exec-1] DEBUG org.hibernate.SQL - select aue1_0.id,aue1_0.active,aue1_0.password,aue1_0.username from admin_users aue1_0 where aue1_0.id=?
10-01-2026 20:29:40.035 [http-nio-8084-exec-12] DEBUG org.hibernate.SQL - select aue1_0.id,aue1_0.active,aue1_0.password,aue1_0.username from admin_users aue1_0 where aue1_0.id=?
10-01-2026 20:29:40.037 [http-nio-8084-exec-6] DEBUG org.hibernate.SQL - select aue1_0.id,aue1_0.active,aue1_0.password,aue1_0.username from admin_users aue1_0 where aue1_0.id=?
10-01-2026 20:29:40.043 [http-nio-8084-exec-6] DEBUG org.hibernate.SQL - select ue1_0.id,ue1_0.nombre from users ue1_0
10-01-2026 20:29:40.043 [http-nio-8084-exec-1] DEBUG org.hibernate.SQL - select ae1_0.id,ae1_0.nombre from authors ae1_0
10-01-2026 20:29:40.043 [http-nio-8084-exec-12] DEBUG org.hibernate.SQL - select be1_0.id,be1_0.anio,be1_0.author_id,be1_0.disponible,be1_0.nombre,be1_0.user_id from books be1_0
10-01-2026 20:29:40.051 [http-nio-8084-exec-9] DEBUG org.hibernate.SQL - select ase1_0.id,ase1_0.active,ase1_0.admin_id,ase1_0.login_time,ase1_0.logout_time from admin_sessions ase1_0 where ase1_0.id=? and ase1_0.active
10-01-2026 20:29:40.051 [http-nio-8084-exec-8] DEBUG org.hibernate.SQL - select ase1_0.id,ase1_0.active,ase1_0.admin_id,ase1_0.login_time,ase1_0.logout_time from admin_sessions ase1_0 where ase1_0.id=? and ase1_0.active
10-01-2026 20:29:40.053 [http-nio-8084-exec-9] DEBUG org.hibernate.SQL - select aue1_0.id,aue1_0.active,aue1_0.password,aue1_0.username from admin_users aue1_0 where aue1_0.id=?
10-01-2026 20:29:40.053 [http-nio-8084-exec-8] DEBUG org.hibernate.SQL - select aue1_0.id,aue1_0.active,aue1_0.password,aue1_0.username from admin_users aue1_0 where aue1_0.id=?
10-01-2026 20:29:40.055 [http-nio-8084-exec-8] DEBUG org.hibernate.SQL - select ase1_0.id,ase1_0.active,ase1_0.admin_id,ase1_0.login_time,ase1_0.logout_time from admin_sessions ase1_0 where ase1_0.id=? and ase1_0.active
10-01-2026 20:29:40.055 [http-nio-8084-exec-9] DEBUG org.hibernate.SQL - select ase1_0.id,ase1_0.active,ase1_0.admin_id,ase1_0.login_time,ase1_0.logout_time from admin_sessions ase1_0 where ase1_0.id=? and ase1_0.active
10-01-2026 20:29:40.056 [http-nio-8084-exec-8] DEBUG org.hibernate.SQL - select aue1_0.id,aue1_0.active,aue1_0.password,aue1_0.username from admin_users aue1_0 where aue1_0.id=?
10-01-2026 20:29:40.056 [http-nio-8084-exec-9] DEBUG org.hibernate.SQL - select aue1_0.id,aue1_0.active,aue1_0.password,aue1_0.username from admin_users aue1_0 where aue1_0.id=?
10-01-2026 20:29:40.058 [http-nio-8084-exec-9] DEBUG org.hibernate.SQL - select be1_0.id,be1_0.anio,be1_0.author_id,be1_0.disponible,be1_0.nombre,be1_0.user_id from books be1_0
10-01-2026 20:29:40.058 [http-nio-8084-exec-8] DEBUG org.hibernate.SQL - select ue1_0.id,ue1_0.nombre from users ue1_0
10-01-2026 20:29:40.063 [http-nio-8084-exec-3] DEBUG org.hibernate.SQL - select ase1_0.id,ase1_0.active,ase1_0.admin_id,ase1_0.login_time,ase1_0.logout_time from admin_sessions ase1_0 where ase1_0.id=? and ase1_0.active
10-01-2026 20:29:40.064 [http-nio-8084-exec-3] DEBUG org.hibernate.SQL - select aue1_0.id,aue1_0.active,aue1_0.password,aue1_0.username from admin_users aue1_0 where aue1_0.id=?
10-01-2026 20:29:40.067 [http-nio-8084-exec-3] DEBUG org.hibernate.SQL - select ase1_0.id,ase1_0.active,ase1_0.admin_id,ase1_0.login_time,ase1_0.logout_time from admin_sessions ase1_0 where ase1_0.id=? and ase1_0.active
10-01-2026 20:29:40.069 [http-nio-8084-exec-3] DEBUG org.hibernate.SQL - select aue1_0.id,aue1_0.active,aue1_0.password,aue1_0.username from admin_users aue1_0 where aue1_0.id=?
10-01-2026 20:29:40.072 [http-nio-8084-exec-3] DEBUG org.hibernate.SQL - select ae1_0.id,ae1_0.nombre from authors ae1_0
10-01-2026 20:55:32.009 [http-nio-8084-exec-8] DEBUG org.hibernate.SQL - select ase1_0.id,ase1_0.active,ase1_0.admin_id,ase1_0.login_time,ase1_0.logout_time from admin_sessions ase1_0 where ase1_0.id=? and ase1_0.active
10-01-2026 20:55:32.021 [http-nio-8084-exec-8] DEBUG org.hibernate.SQL - select aue1_0.id,aue1_0.active,aue1_0.password,aue1_0.username from admin_users aue1_0 where aue1_0.id=?
10-01-2026 20:55:32.029 [http-nio-8084-exec-8] DEBUG org.hibernate.SQL - select ase1_0.id,ase1_0.active,ase1_0.admin_id,ase1_0.login_time,ase1_0.logout_time from admin_sessions ase1_0 where ase1_0.id=? and ase1_0.active
10-01-2026 20:55:32.032 [http-nio-8084-exec-8] DEBUG org.hibernate.SQL - select aue1_0.id,aue1_0.active,aue1_0.password,aue1_0.username from admin_users aue1_0 where aue1_0.id=?
10-01-2026 20:55:32.035 [http-nio-8084-exec-8] DEBUG org.hibernate.SQL - insert into authors (nombre) values (?)
10-01-2026 20:55:41.944 [http-nio-8084-exec-1] DEBUG org.hibernate.SQL - select ase1_0.id,ase1_0.active,ase1_0.admin_id,ase1_0.login_time,ase1_0.logout_time from admin_sessions ase1_0 where ase1_0.id=? and ase1_0.active
10-01-2026 20:55:41.947 [http-nio-8084-exec-1] DEBUG org.hibernate.SQL - select aue1_0.id,aue1_0.active,aue1_0.password,aue1_0.username from admin_users aue1_0 where aue1_0.id=?
10-01-2026 20:55:41.952 [http-nio-8084-exec-1] DEBUG org.hibernate.SQL - select ase1_0.id,ase1_0.active,ase1_0.admin_id,ase1_0.login_time,ase1_0.logout_time from admin_sessions ase1_0 where ase1_0.id=? and ase1_0.active
10-01-2026 20:55:41.955 [http-nio-8084-exec-1] DEBUG org.hibernate.SQL - select aue1_0.id,aue1_0.active,aue1_0.password,aue1_0.username from admin_users aue1_0 where aue1_0.id=?
10-01-2026 20:55:41.960 [http-nio-8084-exec-1] DEBUG org.hibernate.SQL - update admin_sessions set active=?,admin_id=?,login_time=?,logout_time=? where id=?
10-01-2026 20:55:48.061 [http-nio-8084-exec-7] DEBUG org.hibernate.SQL - select aue1_0.id,aue1_0.active,aue1_0.password,aue1_0.username from admin_users aue1_0 where aue1_0.username=? and aue1_0.password=? and aue1_0.active
10-01-2026 20:55:48.072 [http-nio-8084-exec-7] DEBUG org.hibernate.SQL - insert into admin_sessions (active,admin_id,login_time,logout_time) values (?,?,?,?)
10-01-2026 20:56:22.983 [http-nio-8084-exec-4] DEBUG org.hibernate.SQL - select aue1_0.id,aue1_0.active,aue1_0.password,aue1_0.username from admin_users aue1_0 where aue1_0.username=? and aue1_0.password=? and aue1_0.active
10-01-2026 20:56:22.991 [http-nio-8084-exec-4] DEBUG org.hibernate.SQL - insert into admin_sessions (active,admin_id,login_time,logout_time) values (?,?,?,?)
10-01-2026 20:56:23.019 [http-nio-8084-exec-14] DEBUG org.hibernate.SQL - select ase1_0.id,ase1_0.active,ase1_0.admin_id,ase1_0.login_time,ase1_0.logout_time from admin_sessions ase1_0 where ase1_0.id=? and ase1_0.active
10-01-2026 20:56:23.019 [http-nio-8084-exec-7] DEBUG org.hibernate.SQL - select ase1_0.id,ase1_0.active,ase1_0.admin_id,ase1_0.login_time,ase1_0.logout_time from admin_sessions ase1_0 where ase1_0.id=? and ase1_0.active
10-01-2026 20:56:23.020 [http-nio-8084-exec-3] DEBUG org.hibernate.SQL - select ase1_0.id,ase1_0.active,ase1_0.admin_id,ase1_0.login_time,ase1_0.logout_time from admin_sessions ase1_0 where ase1_0.id=? and ase1_0.active
10-01-2026 20:56:23.023 [http-nio-8084-exec-14] DEBUG org.hibernate.SQL - select aue1_0.id,aue1_0.active,aue1_0.password,aue1_0.username from admin_users aue1_0 where aue1_0.id=?
10-01-2026 20:56:23.027 [http-nio-8084-exec-7] DEBUG org.hibernate.SQL - select aue1_0.id,aue1_0.active,aue1_0.password,aue1_0.username from admin_users aue1_0 where aue1_0.id=?
10-01-2026 20:56:23.028 [http-nio-8084-exec-14] DEBUG org.hibernate.SQL - select ase1_0.id,ase1_0.active,ase1_0.admin_id,ase1_0.login_time,ase1_0.logout_time from admin_sessions ase1_0 where ase1_0.id=? and ase1_0.active
10-01-2026 20:56:23.028 [http-nio-8084-exec-3] DEBUG org.hibernate.SQL - select aue1_0.id,aue1_0.active,aue1_0.password,aue1_0.username from admin_users aue1_0 where aue1_0.id=?
10-01-2026 20:56:23.030 [http-nio-8084-exec-14] DEBUG org.hibernate.SQL - select aue1_0.id,aue1_0.active,aue1_0.password,aue1_0.username from admin_users aue1_0 where aue1_0.id=?
10-01-2026 20:56:23.032 [http-nio-8084-exec-7] DEBUG org.hibernate.SQL - select ase1_0.id,ase1_0.active,ase1_0.admin_id,ase1_0.login_time,ase1_0.logout_time from admin_sessions ase1_0 where ase1_0.id=? and ase1_0.active
10-01-2026 20:56:23.032 [http-nio-8084-exec-3] DEBUG org.hibernate.SQL - select ase1_0.id,ase1_0.active,ase1_0.admin_id,ase1_0.login_time,ase1_0.logout_time from admin_sessions ase1_0 where ase1_0.id=? and ase1_0.active
10-01-2026 20:56:23.034 [http-nio-8084-exec-3] DEBUG org.hibernate.SQL - select aue1_0.id,aue1_0.active,aue1_0.password,aue1_0.username from admin_users aue1_0 where aue1_0.id=?
10-01-2026 20:56:23.034 [http-nio-8084-exec-7] DEBUG org.hibernate.SQL - select aue1_0.id,aue1_0.active,aue1_0.password,aue1_0.username from admin_users aue1_0 where aue1_0.id=?
10-01-2026 20:56:23.037 [http-nio-8084-exec-14] DEBUG org.hibernate.SQL - select ue1_0.id,ue1_0.nombre from users ue1_0
10-01-2026 20:56:23.038 [http-nio-8084-exec-3] DEBUG org.hibernate.SQL - select ae1_0.id,ae1_0.nombre from authors ae1_0
10-01-2026 20:56:23.038 [http-nio-8084-exec-7] DEBUG org.hibernate.SQL - select be1_0.id,be1_0.anio,be1_0.author_id,be1_0.disponible,be1_0.nombre,be1_0.user_id from books be1_0
10-01-2026 20:56:23.044 [http-nio-8084-exec-4] DEBUG org.hibernate.SQL - select ase1_0.id,ase1_0.active,ase1_0.admin_id,ase1_0.login_time,ase1_0.logout_time from admin_sessions ase1_0 where ase1_0.id=? and ase1_0.active
10-01-2026 20:56:23.044 [http-nio-8084-exec-13] DEBUG org.hibernate.SQL - select ase1_0.id,ase1_0.active,ase1_0.admin_id,ase1_0.login_time,ase1_0.logout_time from admin_sessions ase1_0 where ase1_0.id=? and ase1_0.active
10-01-2026 20:56:23.044 [http-nio-8084-exec-3] DEBUG org.hibernate.SQL - select ase1_0.id,ase1_0.active,ase1_0.admin_id,ase1_0.login_time,ase1_0.logout_time from admin_sessions ase1_0 where ase1_0.id=? and ase1_0.active
10-01-2026 20:56:23.046 [http-nio-8084-exec-3] DEBUG org.hibernate.SQL - select aue1_0.id,aue1_0.active,aue1_0.password,aue1_0.username from admin_users aue1_0 where aue1_0.id=?
10-01-2026 20:56:23.046 [http-nio-8084-exec-13] DEBUG org.hibernate.SQL - select aue1_0.id,aue1_0.active,aue1_0.password,aue1_0.username from admin_users aue1_0 where aue1_0.id=?
10-01-2026 20:56:23.046 [http-nio-8084-exec-4] DEBUG org.hibernate.SQL - select aue1_0.id,aue1_0.active,aue1_0.password,aue1_0.username from admin_users aue1_0 where aue1_0.id=?
10-01-2026 20:56:23.049 [http-nio-8084-exec-13] DEBUG org.hibernate.SQL - select ase1_0.id,ase1_0.active,ase1_0.admin_id,ase1_0.login_time,ase1_0.logout_time from admin_sessions ase1_0 where ase1_0.id=? and ase1_0.active
10-01-2026 20:56:23.049 [http-nio-8084-exec-3] DEBUG org.hibernate.SQL - select ase1_0.id,ase1_0.active,ase1_0.admin_id,ase1_0.login_time,ase1_0.logout_time from admin_sessions ase1_0 where ase1_0.id=? and ase1_0.active
10-01-2026 20:56:23.049 [http-nio-8084-exec-4] DEBUG org.hibernate.SQL - select ase1_0.id,ase1_0.active,ase1_0.admin_id,ase1_0.login_time,ase1_0.logout_time from admin_sessions ase1_0 where ase1_0.id=? and ase1_0.active
10-01-2026 20:56:23.051 [http-nio-8084-exec-4] DEBUG org.hibernate.SQL - select aue1_0.id,aue1_0.active,aue1_0.password,aue1_0.username from admin_users aue1_0 where aue1_0.id=?
10-01-2026 20:56:23.051 [http-nio-8084-exec-13] DEBUG org.hibernate.SQL - select aue1_0.id,aue1_0.active,aue1_0.password,aue1_0.username from admin_users aue1_0 where aue1_0.id=?
10-01-2026 20:56:23.051 [http-nio-8084-exec-3] DEBUG org.hibernate.SQL - select aue1_0.id,aue1_0.active,aue1_0.password,aue1_0.username from admin_users aue1_0 where aue1_0.id=?
10-01-2026 20:56:23.053 [http-nio-8084-exec-3] DEBUG org.hibernate.SQL - select ae1_0.id,ae1_0.nombre from authors ae1_0
10-01-2026 20:56:23.053 [http-nio-8084-exec-13] DEBUG org.hibernate.SQL - select ue1_0.id,ue1_0.nombre from users ue1_0
10-01-2026 20:56:23.053 [http-nio-8084-exec-4] DEBUG org.hibernate.SQL - select be1_0.id,be1_0.anio,be1_0.author_id,be1_0.disponible,be1_0.nombre,be1_0.user_id from books be1_0
10-01-2026 21:25:30.939 [http-nio-8084-exec-2] DEBUG org.hibernate.SQL - select ase1_0.id,ase1_0.active,ase1_0.admin_id,ase1_0.login_time,ase1_0.logout_time from admin_sessions ase1_0 where ase1_0.id=? and ase1_0.active
10-01-2026 21:25:30.951 [http-nio-8084-exec-2] DEBUG org.hibernate.SQL - select aue1_0.id,aue1_0.active,aue1_0.password,aue1_0.username from admin_users aue1_0 where aue1_0.id=?
10-01-2026 21:25:30.960 [http-nio-8084-exec-2] DEBUG org.hibernate.SQL - select ase1_0.id,ase1_0.active,ase1_0.admin_id,ase1_0.login_time,ase1_0.logout_time from admin_sessions ase1_0 where ase1_0.id=? and ase1_0.active
10-01-2026 21:25:30.962 [http-nio-8084-exec-2] DEBUG org.hibernate.SQL - select aue1_0.id,aue1_0.active,aue1_0.password,aue1_0.username from admin_users aue1_0 where aue1_0.id=?
10-01-2026 21:25:30.966 [http-nio-8084-exec-2] DEBUG org.hibernate.SQL - insert into authors (nombre) values (?)
10-01-2026 21:25:55.798 [http-nio-8084-exec-4] DEBUG org.hibernate.SQL - select ase1_0.id,ase1_0.active,ase1_0.admin_id,ase1_0.login_time,ase1_0.logout_time from admin_sessions ase1_0 where ase1_0.id=? and ase1_0.active
10-01-2026 21:25:55.804 [http-nio-8084-exec-4] DEBUG org.hibernate.SQL - select aue1_0.id,aue1_0.active,aue1_0.password,aue1_0.username from admin_users aue1_0 where aue1_0.id=?
10-01-2026 21:25:55.810 [http-nio-8084-exec-4] DEBUG org.hibernate.SQL - select ase1_0.id,ase1_0.active,ase1_0.admin_id,ase1_0.login_time,ase1_0.logout_time from admin_sessions ase1_0 where ase1_0.id=? and ase1_0.active
10-01-2026 21:25:55.813 [http-nio-8084-exec-4] DEBUG org.hibernate.SQL - select aue1_0.id,aue1_0.active,aue1_0.password,aue1_0.username from admin_users aue1_0 where aue1_0.id=?
10-01-2026 21:25:55.818 [http-nio-8084-exec-4] DEBUG org.hibernate.SQL - insert into authors (nombre) values (?)
10-01-2026 21:28:14.383 [http-nio-8084-exec-15] DEBUG org.hibernate.SQL - select ase1_0.id,ase1_0.active,ase1_0.admin_id,ase1_0.login_time,ase1_0.logout_time from admin_sessions ase1_0 where ase1_0.id=? and ase1_0.active
10-01-2026 21:28:14.389 [http-nio-8084-exec-15] DEBUG org.hibernate.SQL - select aue1_0.id,aue1_0.active,aue1_0.password,aue1_0.username from admin_users aue1_0 where aue1_0.id=?
10-01-2026 21:28:14.411 [http-nio-8084-exec-15] DEBUG org.hibernate.SQL - select ase1_0.id,ase1_0.active,ase1_0.admin_id,ase1_0.login_time,ase1_0.logout_time from admin_sessions ase1_0 where ase1_0.id=? and ase1_0.active
10-01-2026 21:28:14.414 [http-nio-8084-exec-15] DEBUG org.hibernate.SQL - select aue1_0.id,aue1_0.active,aue1_0.password,aue1_0.username from admin_users aue1_0 where aue1_0.id=?
10-01-2026 21:28:14.439 [http-nio-8084-exec-15] ERROR o.a.c.c.C.[.[.[.[dispatcherServlet] - Servlet.service() for servlet [dispatcherServlet] in context with path [] threw exception [Request processing failed: org.springframework.dao.InvalidDataAccessApiUsageException: The given id must not be null] with root cause
java.lang.IllegalArgumentException: The given id must not be null
	at org.springframework.util.Assert.notNull(Assert.java:172)
	at org.springframework.data.jpa.repository.support.SimpleJpaRepository.findById(SimpleJpaRepository.java:302)
	at java.base/jdk.internal.reflect.DirectMethodHandleAccessor.invoke(DirectMethodHandleAccessor.java:103)
	at java.base/java.lang.reflect.Method.invoke(Method.java:580)
	at org.springframework.aop.support.AopUtils.invokeJoinpointUsingReflection(AopUtils.java:354)
	at org.springframework.data.repository.core.support.RepositoryMethodInvoker$RepositoryFragmentMethodInvoker.lambda$new$0(RepositoryMethodInvoker.java:277)
	at org.springframework.data.repository.core.support.RepositoryMethodInvoker.doInvoke(RepositoryMethodInvoker.java:170)
	at org.springframework.data.repository.core.support.RepositoryMethodInvoker.invoke(RepositoryMethodInvoker.java:158)
	at org.springframework.data.repository.core.support.RepositoryComposition$RepositoryFragments.invoke(RepositoryComposition.java:516)
	at org.springframework.data.repository.core.support.RepositoryComposition.invoke(RepositoryComposition.java:285)
	at org.springframework.data.repository.core.support.RepositoryFactorySupport$ImplementationMethodExecutionInterceptor.invoke(RepositoryFactorySupport.java:628)
	at org.springframework.aop.framework.ReflectiveMethodInvocation.proceed(ReflectiveMethodInvocation.java:184)
	at org.springframework.data.repository.core.support.QueryExecutorMethodInterceptor.doInvoke(QueryExecutorMethodInterceptor.java:168)
	at org.springframework.data.repository.core.support.QueryExecutorMethodInterceptor.invoke(QueryExecutorMethodInterceptor.java:143)
	at org.springframework.aop.framework.ReflectiveMethodInvocation.proceed(ReflectiveMethodInvocation.java:184)
	at org.springframework.data.projection.DefaultMethodInvokingMethodInterceptor.invoke(DefaultMethodInvokingMethodInterceptor.java:70)
	at org.springframework.aop.framework.ReflectiveMethodInvocation.proceed(ReflectiveMethodInvocation.java:184)
	at org.springframework.transaction.interceptor.TransactionInterceptor$1.proceedWithInvocation(TransactionInterceptor.java:123)
	at org.springframework.transaction.interceptor.TransactionAspectSupport.invokeWithinTransaction(TransactionAspectSupport.java:392)
	at org.springframework.transaction.interceptor.TransactionInterceptor.invoke(TransactionInterceptor.java:119)
	at org.springframework.aop.framework.ReflectiveMethodInvocation.proceed(ReflectiveMethodInvocation.java:184)
	at org.springframework.dao.support.PersistenceExceptionTranslationInterceptor.invoke(PersistenceExceptionTranslationInterceptor.java:137)
	at org.springframework.aop.framework.ReflectiveMethodInvocation.proceed(ReflectiveMethodInvocation.java:184)
	at org.springframework.data.jpa.repository.support.CrudMethodMetadataPostProcessor$CrudMethodMetadataPopulatingMethodInterceptor.invoke(CrudMethodMetadataPostProcessor.java:164)
	at org.springframework.aop.framework.ReflectiveMethodInvocation.proceed(ReflectiveMethodInvocation.java:184)
	at org.springframework.aop.interceptor.ExposeInvocationInterceptor.invoke(ExposeInvocationInterceptor.java:97)
	at org.springframework.aop.framework.ReflectiveMethodInvocation.proceed(ReflectiveMethodInvocation.java:184)
	at org.springframework.aop.framework.JdkDynamicAopProxy.invoke(JdkDynamicAopProxy.java:223)
	at jdk.proxy2/jdk.proxy2.$Proxy122.findById(Unknown Source)
	at com.ebac.biblioteca.services.LibraryImpl.addBook(LibraryImpl.java:37)
	at com.ebac.biblioteca.controller.BookController.createBook(BookController.java:25)
	at java.base/jdk.internal.reflect.DirectMethodHandleAccessor.invoke(DirectMethodHandleAccessor.java:103)
	at java.base/java.lang.reflect.Method.invoke(Method.java:580)
	at org.springframework.web.method.support.InvocableHandlerMethod.doInvoke(InvocableHandlerMethod.java:255)
	at org.springframework.web.method.support.InvocableHandlerMethod.invokeForRequest(InvocableHandlerMethod.java:188)
	at org.springframework.web.servlet.mvc.method.annotation.ServletInvocableHandlerMethod.invokeAndHandle(ServletInvocableHandlerMethod.java:118)
	at org.springframework.web.servlet.mvc.method.annotation.RequestMappingHandlerAdapter.invokeHandlerMethod(RequestMappingHandlerAdapter.java:926)
	at org.springframework.web.servlet.mvc.method.annotation.RequestMappingHandlerAdapter.handleInternal(RequestMappingHandlerAdapter.java:831)
	at org.springframework.web.servlet.mvc.method.AbstractHandlerMethodAdapter.handle(AbstractHandlerMethodAdapter.java:87)
	at org.springframework.web.servlet.DispatcherServlet.doDispatch(DispatcherServlet.java:1089)
	at org.springframework.web.servlet.DispatcherServlet.doService(DispatcherServlet.java:979)
	at org.springframework.web.servlet.FrameworkServlet.processRequest(FrameworkServlet.java:1014)
	at org.springframework.web.servlet.FrameworkServlet.doPost(FrameworkServlet.java:914)
	at jakarta.servlet.http.HttpServlet.service(HttpServlet.java:590)
	at org.springframework.web.servlet.FrameworkServlet.service(FrameworkServlet.java:885)
	at jakarta.servlet.http.HttpServlet.service(HttpServlet.java:658)
	at org.apache.catalina.core.ApplicationFilterChain.internalDoFilter(ApplicationFilterChain.java:206)
	at org.apache.catalina.core.ApplicationFilterChain.doFilter(ApplicationFilterChain.java:150)
	at org.apache.tomcat.websocket.server.WsFilter.doFilter(WsFilter.java:51)
	at org.apache.catalina.core.ApplicationFilterChain.internalDoFilter(ApplicationFilterChain.java:175)
	at org.apache.catalina.core.ApplicationFilterChain.doFilter(ApplicationFilterChain.java:150)
	at org.springframework.web.filter.CorsFilter.doFilterInternal(CorsFilter.java:91)
	at org.springframework.web.filter.OncePerRequestFilter.doFilter(OncePerRequestFilter.java:116)
	at org.apache.catalina.core.ApplicationFilterChain.internalDoFilter(ApplicationFilterChain.java:175)
	at org.apache.catalina.core.ApplicationFilterChain.doFilter(ApplicationFilterChain.java:150)
	at org.springframework.web.filter.RequestContextFilter.doFilterInternal(RequestContextFilter.java:100)
	at org.springframework.web.filter.OncePerRequestFilter.doFilter(OncePerRequestFilter.java:116)
	at org.apache.catalina.core.ApplicationFilterChain.internalDoFilter(ApplicationFilterChain.java:175)
	at org.apache.catalina.core.ApplicationFilterChain.doFilter(ApplicationFilterChain.java:150)
	at org.springframework.web.filter.FormContentFilter.doFilterInternal(FormContentFilter.java:93)
	at org.springframework.web.filter.OncePerRequestFilter.doFilter(OncePerRequestFilter.java:116)
	at org.apache.catalina.core.ApplicationFilterChain.internalDoFilter(ApplicationFilterChain.java:175)
	at org.apache.catalina.core.ApplicationFilterChain.doFilter(ApplicationFilterChain.java:150)
	at org.springframework.web.filter.CharacterEncodingFilter.doFilterInternal(CharacterEncodingFilter.java:201)
	at org.springframework.web.filter.OncePerRequestFilter.doFilter(OncePerRequestFilter.java:116)
	at org.apache.catalina.core.ApplicationFilterChain.internalDoFilter(ApplicationFilterChain.java:175)
	at org.apache.catalina.core.ApplicationFilterChain.doFilter(ApplicationFilterChain.java:150)
	at org.apache.catalina.core.StandardWrapperValve.invoke(StandardWrapperValve.java:167)
	at org.apache.catalina.core.StandardContextValve.invoke(StandardContextValve.java:90)
	at org.apache.catalina.authenticator.AuthenticatorBase.invoke(AuthenticatorBase.java:482)
	at org.apache.catalina.core.StandardHostValve.invoke(StandardHostValve.java:115)
	at org.apache.catalina.valves.ErrorReportValve.invoke(ErrorReportValve.java:93)
	at org.apache.catalina.core.StandardEngineValve.invoke(StandardEngineValve.java:74)
	at org.apache.catalina.connector.CoyoteAdapter.service(CoyoteAdapter.java:344)
	at org.apache.coyote.http11.Http11Processor.service(Http11Processor.java:391)
	at org.apache.coyote.AbstractProcessorLight.process(AbstractProcessorLight.java:63)
	at org.apache.coyote.AbstractProtocol$ConnectionHandler.process(AbstractProtocol.java:896)
	at org.apache.tomcat.util.net.NioEndpoint$SocketProcessor.doRun(NioEndpoint.java:1736)
	at org.apache.tomcat.util.net.SocketProcessorBase.run(SocketProcessorBase.java:52)
	at org.apache.tomcat.util.threads.ThreadPoolExecutor.runWorker(ThreadPoolExecutor.java:1191)
	at org.apache.tomcat.util.threads.ThreadPoolExecutor$Worker.run(ThreadPoolExecutor.java:659)
	at org.apache.tomcat.util.threads.TaskThread$WrappingRunnable.run(TaskThread.java:63)
	at java.base/java.lang.Thread.run(Thread.java:1583)
10-01-2026 21:28:14.445 [http-nio-8084-exec-15] DEBUG org.hibernate.SQL - select ase1_0.id,ase1_0.active,ase1_0.admin_id,ase1_0.login_time,ase1_0.logout_time from admin_sessions ase1_0 where ase1_0.id=? and ase1_0.active
10-01-2026 21:28:14.447 [http-nio-8084-exec-15] DEBUG org.hibernate.SQL - select aue1_0.id,aue1_0.active,aue1_0.password,aue1_0.username from admin_users aue1_0 where aue1_0.id=?
10-01-2026 21:30:19.746 [http-nio-8084-exec-14] DEBUG org.hibernate.SQL - select ase1_0.id,ase1_0.active,ase1_0.admin_id,ase1_0.login_time,ase1_0.logout_time from admin_sessions ase1_0 where ase1_0.id=? and ase1_0.active
10-01-2026 21:30:19.759 [http-nio-8084-exec-14] DEBUG org.hibernate.SQL - select aue1_0.id,aue1_0.active,aue1_0.password,aue1_0.username from admin_users aue1_0 where aue1_0.id=?
10-01-2026 21:30:19.769 [http-nio-8084-exec-14] DEBUG org.hibernate.SQL - select ase1_0.id,ase1_0.active,ase1_0.admin_id,ase1_0.login_time,ase1_0.logout_time from admin_sessions ase1_0 where ase1_0.id=? and ase1_0.active
10-01-2026 21:30:19.772 [http-nio-8084-exec-14] DEBUG org.hibernate.SQL - select aue1_0.id,aue1_0.active,aue1_0.password,aue1_0.username from admin_users aue1_0 where aue1_0.id=?
10-01-2026 21:30:19.779 [http-nio-8084-exec-14] ERROR o.a.c.c.C.[.[.[.[dispatcherServlet] - Servlet.service() for servlet [dispatcherServlet] in context with path [] threw exception [Request processing failed: org.springframework.dao.InvalidDataAccessApiUsageException: The given id must not be null] with root cause
java.lang.IllegalArgumentException: The given id must not be null
	at org.springframework.util.Assert.notNull(Assert.java:172)
	at org.springframework.data.jpa.repository.support.SimpleJpaRepository.findById(SimpleJpaRepository.java:302)
	at java.base/jdk.internal.reflect.DirectMethodHandleAccessor.invoke(DirectMethodHandleAccessor.java:103)
	at java.base/java.lang.reflect.Method.invoke(Method.java:580)
	at org.springframework.aop.support.AopUtils.invokeJoinpointUsingReflection(AopUtils.java:354)
	at org.springframework.data.repository.core.support.RepositoryMethodInvoker$RepositoryFragmentMethodInvoker.lambda$new$0(RepositoryMethodInvoker.java:277)
	at org.springframework.data.repository.core.support.RepositoryMethodInvoker.doInvoke(RepositoryMethodInvoker.java:170)
	at org.springframework.data.repository.core.support.RepositoryMethodInvoker.invoke(RepositoryMethodInvoker.java:158)
	at org.springframework.data.repository.core.support.RepositoryComposition$RepositoryFragments.invoke(RepositoryComposition.java:516)
	at org.springframework.data.repository.core.support.RepositoryComposition.invoke(RepositoryComposition.java:285)
	at org.springframework.data.repository.core.support.RepositoryFactorySupport$ImplementationMethodExecutionInterceptor.invoke(RepositoryFactorySupport.java:628)
	at org.springframework.aop.framework.ReflectiveMethodInvocation.proceed(ReflectiveMethodInvocation.java:184)
	at org.springframework.data.repository.core.support.QueryExecutorMethodInterceptor.doInvoke(QueryExecutorMethodInterceptor.java:168)
	at org.springframework.data.repository.core.support.QueryExecutorMethodInterceptor.invoke(QueryExecutorMethodInterceptor.java:143)
	at org.springframework.aop.framework.ReflectiveMethodInvocation.proceed(ReflectiveMethodInvocation.java:184)
	at org.springframework.data.projection.DefaultMethodInvokingMethodInterceptor.invoke(DefaultMethodInvokingMethodInterceptor.java:70)
	at org.springframework.aop.framework.ReflectiveMethodInvocation.proceed(ReflectiveMethodInvocation.java:184)
	at org.springframework.transaction.interceptor.TransactionInterceptor$1.proceedWithInvocation(TransactionInterceptor.java:123)
	at org.springframework.transaction.interceptor.TransactionAspectSupport.invokeWithinTransaction(TransactionAspectSupport.java:392)
	at org.springframework.transaction.interceptor.TransactionInterceptor.invoke(TransactionInterceptor.java:119)
	at org.springframework.aop.framework.ReflectiveMethodInvocation.proceed(ReflectiveMethodInvocation.java:184)
	at org.springframework.dao.support.PersistenceExceptionTranslationInterceptor.invoke(PersistenceExceptionTranslationInterceptor.java:137)
	at org.springframework.aop.framework.ReflectiveMethodInvocation.proceed(ReflectiveMethodInvocation.java:184)
	at org.springframework.data.jpa.repository.support.CrudMethodMetadataPostProcessor$CrudMethodMetadataPopulatingMethodInterceptor.invoke(CrudMethodMetadataPostProcessor.java:164)
	at org.springframework.aop.framework.ReflectiveMethodInvocation.proceed(ReflectiveMethodInvocation.java:184)
	at org.springframework.aop.interceptor.ExposeInvocationInterceptor.invoke(ExposeInvocationInterceptor.java:97)
	at org.springframework.aop.framework.ReflectiveMethodInvocation.proceed(ReflectiveMethodInvocation.java:184)
	at org.springframework.aop.framework.JdkDynamicAopProxy.invoke(JdkDynamicAopProxy.java:223)
	at jdk.proxy2/jdk.proxy2.$Proxy122.findById(Unknown Source)
	at com.ebac.biblioteca.services.LibraryImpl.addBook(LibraryImpl.java:37)
	at com.ebac.biblioteca.controller.BookController.createBook(BookController.java:25)
	at java.base/jdk.internal.reflect.DirectMethodHandleAccessor.invoke(DirectMethodHandleAccessor.java:103)
	at java.base/java.lang.reflect.Method.invoke(Method.java:580)
	at org.springframework.web.method.support.InvocableHandlerMethod.doInvoke(InvocableHandlerMethod.java:255)
	at org.springframework.web.method.support.InvocableHandlerMethod.invokeForRequest(InvocableHandlerMethod.java:188)
	at org.springframework.web.servlet.mvc.method.annotation.ServletInvocableHandlerMethod.invokeAndHandle(ServletInvocableHandlerMethod.java:118)
	at org.springframework.web.servlet.mvc.method.annotation.RequestMappingHandlerAdapter.invokeHandlerMethod(RequestMappingHandlerAdapter.java:926)
	at org.springframework.web.servlet.mvc.method.annotation.RequestMappingHandlerAdapter.handleInternal(RequestMappingHandlerAdapter.java:831)
	at org.springframework.web.servlet.mvc.method.AbstractHandlerMethodAdapter.handle(AbstractHandlerMethodAdapter.java:87)
	at org.springframework.web.servlet.DispatcherServlet.doDispatch(DispatcherServlet.java:1089)
	at org.springframework.web.servlet.DispatcherServlet.doService(DispatcherServlet.java:979)
	at org.springframework.web.servlet.FrameworkServlet.processRequest(FrameworkServlet.java:1014)
	at org.springframework.web.servlet.FrameworkServlet.doPost(FrameworkServlet.java:914)
	at jakarta.servlet.http.HttpServlet.service(HttpServlet.java:590)
	at org.springframework.web.servlet.FrameworkServlet.service(FrameworkServlet.java:885)
	at jakarta.servlet.http.HttpServlet.service(HttpServlet.java:658)
	at org.apache.catalina.core.ApplicationFilterChain.internalDoFilter(ApplicationFilterChain.java:206)
	at org.apache.catalina.core.ApplicationFilterChain.doFilter(ApplicationFilterChain.java:150)
	at org.apache.tomcat.websocket.server.WsFilter.doFilter(WsFilter.java:51)
	at org.apache.catalina.core.ApplicationFilterChain.internalDoFilter(ApplicationFilterChain.java:175)
	at org.apache.catalina.core.ApplicationFilterChain.doFilter(ApplicationFilterChain.java:150)
	at org.springframework.web.filter.CorsFilter.doFilterInternal(CorsFilter.java:91)
	at org.springframework.web.filter.OncePerRequestFilter.doFilter(OncePerRequestFilter.java:116)
	at org.apache.catalina.core.ApplicationFilterChain.internalDoFilter(ApplicationFilterChain.java:175)
	at org.apache.catalina.core.ApplicationFilterChain.doFilter(ApplicationFilterChain.java:150)
	at org.springframework.web.filter.RequestContextFilter.doFilterInternal(RequestContextFilter.java:100)
	at org.springframework.web.filter.OncePerRequestFilter.doFilter(OncePerRequestFilter.java:116)
	at org.apache.catalina.core.ApplicationFilterChain.internalDoFilter(ApplicationFilterChain.java:175)
	at org.apache.catalina.core.ApplicationFilterChain.doFilter(ApplicationFilterChain.java:150)
	at org.springframework.web.filter.FormContentFilter.doFilterInternal(FormContentFilter.java:93)
	at org.springframework.web.filter.OncePerRequestFilter.doFilter(OncePerRequestFilter.java:116)
	at org.apache.catalina.core.ApplicationFilterChain.internalDoFilter(ApplicationFilterChain.java:175)
	at org.apache.catalina.core.ApplicationFilterChain.doFilter(ApplicationFilterChain.java:150)
	at org.springframework.web.filter.CharacterEncodingFilter.doFilterInternal(CharacterEncodingFilter.java:201)
	at org.springframework.web.filter.OncePerRequestFilter.doFilter(OncePerRequestFilter.java:116)
	at org.apache.catalina.core.ApplicationFilterChain.internalDoFilter(ApplicationFilterChain.java:175)
	at org.apache.catalina.core.ApplicationFilterChain.doFilter(ApplicationFilterChain.java:150)
	at org.apache.catalina.core.StandardWrapperValve.invoke(StandardWrapperValve.java:167)
	at org.apache.catalina.core.StandardContextValve.invoke(StandardContextValve.java:90)
	at org.apache.catalina.authenticator.AuthenticatorBase.invoke(AuthenticatorBase.java:482)
	at org.apache.catalina.core.StandardHostValve.invoke(StandardHostValve.java:115)
	at org.apache.catalina.valves.ErrorReportValve.invoke(ErrorReportValve.java:93)
	at org.apache.catalina.core.StandardEngineValve.invoke(StandardEngineValve.java:74)
	at org.apache.catalina.connector.CoyoteAdapter.service(CoyoteAdapter.java:344)
	at org.apache.coyote.http11.Http11Processor.service(Http11Processor.java:391)
	at org.apache.coyote.AbstractProcessorLight.process(AbstractProcessorLight.java:63)
	at org.apache.coyote.AbstractProtocol$ConnectionHandler.process(AbstractProtocol.java:896)
	at org.apache.tomcat.util.net.NioEndpoint$SocketProcessor.doRun(NioEndpoint.java:1736)
	at org.apache.tomcat.util.net.SocketProcessorBase.run(SocketProcessorBase.java:52)
	at org.apache.tomcat.util.threads.ThreadPoolExecutor.runWorker(ThreadPoolExecutor.java:1191)
	at org.apache.tomcat.util.threads.ThreadPoolExecutor$Worker.run(ThreadPoolExecutor.java:659)
	at org.apache.tomcat.util.threads.TaskThread$WrappingRunnable.run(TaskThread.java:63)
	at java.base/java.lang.Thread.run(Thread.java:1583)
10-01-2026 21:30:19.782 [http-nio-8084-exec-14] DEBUG org.hibernate.SQL - select ase1_0.id,ase1_0.active,ase1_0.admin_id,ase1_0.login_time,ase1_0.logout_time from admin_sessions ase1_0 where ase1_0.id=? and ase1_0.active
10-01-2026 21:30:19.784 [http-nio-8084-exec-14] DEBUG org.hibernate.SQL - select aue1_0.id,aue1_0.active,aue1_0.password,aue1_0.username from admin_users aue1_0 where aue1_0.id=?
10-01-2026 21:31:28.828 [http-nio-8084-exec-4] DEBUG org.hibernate.SQL - select ase1_0.id,ase1_0.active,ase1_0.admin_id,ase1_0.login_time,ase1_0.logout_time from admin_sessions ase1_0 where ase1_0.id=? and ase1_0.active
10-01-2026 21:31:28.831 [http-nio-8084-exec-4] DEBUG org.hibernate.SQL - select aue1_0.id,aue1_0.active,aue1_0.password,aue1_0.username from admin_users aue1_0 where aue1_0.id=?
10-01-2026 21:31:28.837 [http-nio-8084-exec-4] DEBUG org.hibernate.SQL - select ase1_0.id,ase1_0.active,ase1_0.admin_id,ase1_0.login_time,ase1_0.logout_time from admin_sessions ase1_0 where ase1_0.id=? and ase1_0.active
10-01-2026 21:31:28.839 [http-nio-8084-exec-4] DEBUG org.hibernate.SQL - select aue1_0.id,aue1_0.active,aue1_0.password,aue1_0.username from admin_users aue1_0 where aue1_0.id=?
10-01-2026 21:31:28.846 [http-nio-8084-exec-4] ERROR o.a.c.c.C.[.[.[.[dispatcherServlet] - Servlet.service() for servlet [dispatcherServlet] in context with path [] threw exception [Request processing failed: org.springframework.dao.InvalidDataAccessApiUsageException: The given id must not be null] with root cause
java.lang.IllegalArgumentException: The given id must not be null
	at org.springframework.util.Assert.notNull(Assert.java:172)
	at org.springframework.data.jpa.repository.support.SimpleJpaRepository.findById(SimpleJpaRepository.java:302)
	at java.base/jdk.internal.reflect.DirectMethodHandleAccessor.invoke(DirectMethodHandleAccessor.java:103)
	at java.base/java.lang.reflect.Method.invoke(Method.java:580)
	at org.springframework.aop.support.AopUtils.invokeJoinpointUsingReflection(AopUtils.java:354)
	at org.springframework.data.repository.core.support.RepositoryMethodInvoker$RepositoryFragmentMethodInvoker.lambda$new$0(RepositoryMethodInvoker.java:277)
	at org.springframework.data.repository.core.support.RepositoryMethodInvoker.doInvoke(RepositoryMethodInvoker.java:170)
	at org.springframework.data.repository.core.support.RepositoryMethodInvoker.invoke(RepositoryMethodInvoker.java:158)
	at org.springframework.data.repository.core.support.RepositoryComposition$RepositoryFragments.invoke(RepositoryComposition.java:516)
	at org.springframework.data.repository.core.support.RepositoryComposition.invoke(RepositoryComposition.java:285)
	at org.springframework.data.repository.core.support.RepositoryFactorySupport$ImplementationMethodExecutionInterceptor.invoke(RepositoryFactorySupport.java:628)
	at org.springframework.aop.framework.ReflectiveMethodInvocation.proceed(ReflectiveMethodInvocation.java:184)
	at org.springframework.data.repository.core.support.QueryExecutorMethodInterceptor.doInvoke(QueryExecutorMethodInterceptor.java:168)
	at org.springframework.data.repository.core.support.QueryExecutorMethodInterceptor.invoke(QueryExecutorMethodInterceptor.java:143)
	at org.springframework.aop.framework.ReflectiveMethodInvocation.proceed(ReflectiveMethodInvocation.java:184)
	at org.springframework.data.projection.DefaultMethodInvokingMethodInterceptor.invoke(DefaultMethodInvokingMethodInterceptor.java:70)
	at org.springframework.aop.framework.ReflectiveMethodInvocation.proceed(ReflectiveMethodInvocation.java:184)
	at org.springframework.transaction.interceptor.TransactionInterceptor$1.proceedWithInvocation(TransactionInterceptor.java:123)
	at org.springframework.transaction.interceptor.TransactionAspectSupport.invokeWithinTransaction(TransactionAspectSupport.java:392)
	at org.springframework.transaction.interceptor.TransactionInterceptor.invoke(TransactionInterceptor.java:119)
	at org.springframework.aop.framework.ReflectiveMethodInvocation.proceed(ReflectiveMethodInvocation.java:184)
	at org.springframework.dao.support.PersistenceExceptionTranslationInterceptor.invoke(PersistenceExceptionTranslationInterceptor.java:137)
	at org.springframework.aop.framework.ReflectiveMethodInvocation.proceed(ReflectiveMethodInvocation.java:184)
	at org.springframework.data.jpa.repository.support.CrudMethodMetadataPostProcessor$CrudMethodMetadataPopulatingMethodInterceptor.invoke(CrudMethodMetadataPostProcessor.java:164)
	at org.springframework.aop.framework.ReflectiveMethodInvocation.proceed(ReflectiveMethodInvocation.java:184)
	at org.springframework.aop.interceptor.ExposeInvocationInterceptor.invoke(ExposeInvocationInterceptor.java:97)
	at org.springframework.aop.framework.ReflectiveMethodInvocation.proceed(ReflectiveMethodInvocation.java:184)
	at org.springframework.aop.framework.JdkDynamicAopProxy.invoke(JdkDynamicAopProxy.java:223)
	at jdk.proxy2/jdk.proxy2.$Proxy122.findById(Unknown Source)
	at com.ebac.biblioteca.services.LibraryImpl.addBook(LibraryImpl.java:37)
	at com.ebac.biblioteca.controller.BookController.createBook(BookController.java:25)
	at java.base/jdk.internal.reflect.DirectMethodHandleAccessor.invoke(DirectMethodHandleAccessor.java:103)
	at java.base/java.lang.reflect.Method.invoke(Method.java:580)
	at org.springframework.web.method.support.InvocableHandlerMethod.doInvoke(InvocableHandlerMethod.java:255)
	at org.springframework.web.method.support.InvocableHandlerMethod.invokeForRequest(InvocableHandlerMethod.java:188)
	at org.springframework.web.servlet.mvc.method.annotation.ServletInvocableHandlerMethod.invokeAndHandle(ServletInvocableHandlerMethod.java:118)
	at org.springframework.web.servlet.mvc.method.annotation.RequestMappingHandlerAdapter.invokeHandlerMethod(RequestMappingHandlerAdapter.java:926)
	at org.springframework.web.servlet.mvc.method.annotation.RequestMappingHandlerAdapter.handleInternal(RequestMappingHandlerAdapter.java:831)
	at org.springframework.web.servlet.mvc.method.AbstractHandlerMethodAdapter.handle(AbstractHandlerMethodAdapter.java:87)
	at org.springframework.web.servlet.DispatcherServlet.doDispatch(DispatcherServlet.java:1089)
	at org.springframework.web.servlet.DispatcherServlet.doService(DispatcherServlet.java:979)
	at org.springframework.web.servlet.FrameworkServlet.processRequest(FrameworkServlet.java:1014)
	at org.springframework.web.servlet.FrameworkServlet.doPost(FrameworkServlet.java:914)
	at jakarta.servlet.http.HttpServlet.service(HttpServlet.java:590)
	at org.springframework.web.servlet.FrameworkServlet.service(FrameworkServlet.java:885)
	at jakarta.servlet.http.HttpServlet.service(HttpServlet.java:658)
	at org.apache.catalina.core.ApplicationFilterChain.internalDoFilter(ApplicationFilterChain.java:206)
	at org.apache.catalina.core.ApplicationFilterChain.doFilter(ApplicationFilterChain.java:150)
	at org.apache.tomcat.websocket.server.WsFilter.doFilter(WsFilter.java:51)
	at org.apache.catalina.core.ApplicationFilterChain.internalDoFilter(ApplicationFilterChain.java:175)
	at org.apache.catalina.core.ApplicationFilterChain.doFilter(ApplicationFilterChain.java:150)
	at org.springframework.web.filter.CorsFilter.doFilterInternal(CorsFilter.java:91)
	at org.springframework.web.filter.OncePerRequestFilter.doFilter(OncePerRequestFilter.java:116)
	at org.apache.catalina.core.ApplicationFilterChain.internalDoFilter(ApplicationFilterChain.java:175)
	at org.apache.catalina.core.ApplicationFilterChain.doFilter(ApplicationFilterChain.java:150)
	at org.springframework.web.filter.RequestContextFilter.doFilterInternal(RequestContextFilter.java:100)
	at org.springframework.web.filter.OncePerRequestFilter.doFilter(OncePerRequestFilter.java:116)
	at org.apache.catalina.core.ApplicationFilterChain.internalDoFilter(ApplicationFilterChain.java:175)
	at org.apache.catalina.core.ApplicationFilterChain.doFilter(ApplicationFilterChain.java:150)
	at org.springframework.web.filter.FormContentFilter.doFilterInternal(FormContentFilter.java:93)
	at org.springframework.web.filter.OncePerRequestFilter.doFilter(OncePerRequestFilter.java:116)
	at org.apache.catalina.core.ApplicationFilterChain.internalDoFilter(ApplicationFilterChain.java:175)
	at org.apache.catalina.core.ApplicationFilterChain.doFilter(ApplicationFilterChain.java:150)
	at org.springframework.web.filter.CharacterEncodingFilter.doFilterInternal(CharacterEncodingFilter.java:201)
	at org.springframework.web.filter.OncePerRequestFilter.doFilter(OncePerRequestFilter.java:116)
	at org.apache.catalina.core.ApplicationFilterChain.internalDoFilter(ApplicationFilterChain.java:175)
	at org.apache.catalina.core.ApplicationFilterChain.doFilter(ApplicationFilterChain.java:150)
	at org.apache.catalina.core.StandardWrapperValve.invoke(StandardWrapperValve.java:167)
	at org.apache.catalina.core.StandardContextValve.invoke(StandardContextValve.java:90)
	at org.apache.catalina.authenticator.AuthenticatorBase.invoke(AuthenticatorBase.java:482)
	at org.apache.catalina.core.StandardHostValve.invoke(StandardHostValve.java:115)
	at org.apache.catalina.valves.ErrorReportValve.invoke(ErrorReportValve.java:93)
	at org.apache.catalina.core.StandardEngineValve.invoke(StandardEngineValve.java:74)
	at org.apache.catalina.connector.CoyoteAdapter.service(CoyoteAdapter.java:344)
	at org.apache.coyote.http11.Http11Processor.service(Http11Processor.java:391)
	at org.apache.coyote.AbstractProcessorLight.process(AbstractProcessorLight.java:63)
	at org.apache.coyote.AbstractProtocol$ConnectionHandler.process(AbstractProtocol.java:896)
	at org.apache.tomcat.util.net.NioEndpoint$SocketProcessor.doRun(NioEndpoint.java:1736)
	at org.apache.tomcat.util.net.SocketProcessorBase.run(SocketProcessorBase.java:52)
	at org.apache.tomcat.util.threads.ThreadPoolExecutor.runWorker(ThreadPoolExecutor.java:1191)
	at org.apache.tomcat.util.threads.ThreadPoolExecutor$Worker.run(ThreadPoolExecutor.java:659)
	at org.apache.tomcat.util.threads.TaskThread$WrappingRunnable.run(TaskThread.java:63)
	at java.base/java.lang.Thread.run(Thread.java:1583)
10-01-2026 21:31:28.849 [http-nio-8084-exec-4] DEBUG org.hibernate.SQL - select ase1_0.id,ase1_0.active,ase1_0.admin_id,ase1_0.login_time,ase1_0.logout_time from admin_sessions ase1_0 where ase1_0.id=? and ase1_0.active
10-01-2026 21:31:28.851 [http-nio-8084-exec-4] DEBUG org.hibernate.SQL - select aue1_0.id,aue1_0.active,aue1_0.password,aue1_0.username from admin_users aue1_0 where aue1_0.id=?
10-01-2026 21:33:01.294 [http-nio-8084-exec-6] DEBUG org.hibernate.SQL - select ase1_0.id,ase1_0.active,ase1_0.admin_id,ase1_0.login_time,ase1_0.logout_time from admin_sessions ase1_0 where ase1_0.id=? and ase1_0.active
10-01-2026 21:33:01.305 [http-nio-8084-exec-6] DEBUG org.hibernate.SQL - select aue1_0.id,aue1_0.active,aue1_0.password,aue1_0.username from admin_users aue1_0 where aue1_0.id=?
10-01-2026 21:33:01.314 [http-nio-8084-exec-6] DEBUG org.hibernate.SQL - select ase1_0.id,ase1_0.active,ase1_0.admin_id,ase1_0.login_time,ase1_0.logout_time from admin_sessions ase1_0 where ase1_0.id=? and ase1_0.active
10-01-2026 21:33:01.316 [http-nio-8084-exec-6] DEBUG org.hibernate.SQL - select aue1_0.id,aue1_0.active,aue1_0.password,aue1_0.username from admin_users aue1_0 where aue1_0.id=?
10-01-2026 21:33:01.325 [http-nio-8084-exec-6] ERROR o.a.c.c.C.[.[.[.[dispatcherServlet] - Servlet.service() for servlet [dispatcherServlet] in context with path [] threw exception [Request processing failed: org.springframework.dao.InvalidDataAccessApiUsageException: The given id must not be null] with root cause
java.lang.IllegalArgumentException: The given id must not be null
	at org.springframework.util.Assert.notNull(Assert.java:172)
	at org.springframework.data.jpa.repository.support.SimpleJpaRepository.findById(SimpleJpaRepository.java:302)
	at java.base/jdk.internal.reflect.DirectMethodHandleAccessor.invoke(DirectMethodHandleAccessor.java:103)
	at java.base/java.lang.reflect.Method.invoke(Method.java:580)
	at org.springframework.aop.support.AopUtils.invokeJoinpointUsingReflection(AopUtils.java:354)
	at org.springframework.data.repository.core.support.RepositoryMethodInvoker$RepositoryFragmentMethodInvoker.lambda$new$0(RepositoryMethodInvoker.java:277)
	at org.springframework.data.repository.core.support.RepositoryMethodInvoker.doInvoke(RepositoryMethodInvoker.java:170)
	at org.springframework.data.repository.core.support.RepositoryMethodInvoker.invoke(RepositoryMethodInvoker.java:158)
	at org.springframework.data.repository.core.support.RepositoryComposition$RepositoryFragments.invoke(RepositoryComposition.java:516)
	at org.springframework.data.repository.core.support.RepositoryComposition.invoke(RepositoryComposition.java:285)
	at org.springframework.data.repository.core.support.RepositoryFactorySupport$ImplementationMethodExecutionInterceptor.invoke(RepositoryFactorySupport.java:628)
	at org.springframework.aop.framework.ReflectiveMethodInvocation.proceed(ReflectiveMethodInvocation.java:184)
	at org.springframework.data.repository.core.support.QueryExecutorMethodInterceptor.doInvoke(QueryExecutorMethodInterceptor.java:168)
	at org.springframework.data.repository.core.support.QueryExecutorMethodInterceptor.invoke(QueryExecutorMethodInterceptor.java:143)
	at org.springframework.aop.framework.ReflectiveMethodInvocation.proceed(ReflectiveMethodInvocation.java:184)
	at org.springframework.data.projection.DefaultMethodInvokingMethodInterceptor.invoke(DefaultMethodInvokingMethodInterceptor.java:70)
	at org.springframework.aop.framework.ReflectiveMethodInvocation.proceed(ReflectiveMethodInvocation.java:184)
	at org.springframework.transaction.interceptor.TransactionInterceptor$1.proceedWithInvocation(TransactionInterceptor.java:123)
	at org.springframework.transaction.interceptor.TransactionAspectSupport.invokeWithinTransaction(TransactionAspectSupport.java:392)
	at org.springframework.transaction.interceptor.TransactionInterceptor.invoke(TransactionInterceptor.java:119)
	at org.springframework.aop.framework.ReflectiveMethodInvocation.proceed(ReflectiveMethodInvocation.java:184)
	at org.springframework.dao.support.PersistenceExceptionTranslationInterceptor.invoke(PersistenceExceptionTranslationInterceptor.java:137)
	at org.springframework.aop.framework.ReflectiveMethodInvocation.proceed(ReflectiveMethodInvocation.java:184)
	at org.springframework.data.jpa.repository.support.CrudMethodMetadataPostProcessor$CrudMethodMetadataPopulatingMethodInterceptor.invoke(CrudMethodMetadataPostProcessor.java:164)
	at org.springframework.aop.framework.ReflectiveMethodInvocation.proceed(ReflectiveMethodInvocation.java:184)
	at org.springframework.aop.interceptor.ExposeInvocationInterceptor.invoke(ExposeInvocationInterceptor.java:97)
	at org.springframework.aop.framework.ReflectiveMethodInvocation.proceed(ReflectiveMethodInvocation.java:184)
	at org.springframework.aop.framework.JdkDynamicAopProxy.invoke(JdkDynamicAopProxy.java:223)
	at jdk.proxy2/jdk.proxy2.$Proxy122.findById(Unknown Source)
	at com.ebac.biblioteca.services.LibraryImpl.addBook(LibraryImpl.java:37)
	at com.ebac.biblioteca.controller.BookController.createBook(BookController.java:25)
	at java.base/jdk.internal.reflect.DirectMethodHandleAccessor.invoke(DirectMethodHandleAccessor.java:103)
	at java.base/java.lang.reflect.Method.invoke(Method.java:580)
	at org.springframework.web.method.support.InvocableHandlerMethod.doInvoke(InvocableHandlerMethod.java:255)
	at org.springframework.web.method.support.InvocableHandlerMethod.invokeForRequest(InvocableHandlerMethod.java:188)
	at org.springframework.web.servlet.mvc.method.annotation.ServletInvocableHandlerMethod.invokeAndHandle(ServletInvocableHandlerMethod.java:118)
	at org.springframework.web.servlet.mvc.method.annotation.RequestMappingHandlerAdapter.invokeHandlerMethod(RequestMappingHandlerAdapter.java:926)
	at org.springframework.web.servlet.mvc.method.annotation.RequestMappingHandlerAdapter.handleInternal(RequestMappingHandlerAdapter.java:831)
	at org.springframework.web.servlet.mvc.method.AbstractHandlerMethodAdapter.handle(AbstractHandlerMethodAdapter.java:87)
	at org.springframework.web.servlet.DispatcherServlet.doDispatch(DispatcherServlet.java:1089)
	at org.springframework.web.servlet.DispatcherServlet.doService(DispatcherServlet.java:979)
	at org.springframework.web.servlet.FrameworkServlet.processRequest(FrameworkServlet.java:1014)
	at org.springframework.web.servlet.FrameworkServlet.doPost(FrameworkServlet.java:914)
	at jakarta.servlet.http.HttpServlet.service(HttpServlet.java:590)
	at org.springframework.web.servlet.FrameworkServlet.service(FrameworkServlet.java:885)
	at jakarta.servlet.http.HttpServlet.service(HttpServlet.java:658)
	at org.apache.catalina.core.ApplicationFilterChain.internalDoFilter(ApplicationFilterChain.java:206)
	at org.apache.catalina.core.ApplicationFilterChain.doFilter(ApplicationFilterChain.java:150)
	at org.apache.tomcat.websocket.server.WsFilter.doFilter(WsFilter.java:51)
	at org.apache.catalina.core.ApplicationFilterChain.internalDoFilter(ApplicationFilterChain.java:175)
	at org.apache.catalina.core.ApplicationFilterChain.doFilter(ApplicationFilterChain.java:150)
	at org.springframework.web.filter.CorsFilter.doFilterInternal(CorsFilter.java:91)
	at org.springframework.web.filter.OncePerRequestFilter.doFilter(OncePerRequestFilter.java:116)
	at org.apache.catalina.core.ApplicationFilterChain.internalDoFilter(ApplicationFilterChain.java:175)
	at org.apache.catalina.core.ApplicationFilterChain.doFilter(ApplicationFilterChain.java:150)
	at org.springframework.web.filter.RequestContextFilter.doFilterInternal(RequestContextFilter.java:100)
	at org.springframework.web.filter.OncePerRequestFilter.doFilter(OncePerRequestFilter.java:116)
	at org.apache.catalina.core.ApplicationFilterChain.internalDoFilter(ApplicationFilterChain.java:175)
	at org.apache.catalina.core.ApplicationFilterChain.doFilter(ApplicationFilterChain.java:150)
	at org.springframework.web.filter.FormContentFilter.doFilterInternal(FormContentFilter.java:93)
	at org.springframework.web.filter.OncePerRequestFilter.doFilter(OncePerRequestFilter.java:116)
	at org.apache.catalina.core.ApplicationFilterChain.internalDoFilter(ApplicationFilterChain.java:175)
	at org.apache.catalina.core.ApplicationFilterChain.doFilter(ApplicationFilterChain.java:150)
	at org.springframework.web.filter.CharacterEncodingFilter.doFilterInternal(CharacterEncodingFilter.java:201)
	at org.springframework.web.filter.OncePerRequestFilter.doFilter(OncePerRequestFilter.java:116)
	at org.apache.catalina.core.ApplicationFilterChain.internalDoFilter(ApplicationFilterChain.java:175)
	at org.apache.catalina.core.ApplicationFilterChain.doFilter(ApplicationFilterChain.java:150)
	at org.apache.catalina.core.StandardWrapperValve.invoke(StandardWrapperValve.java:167)
	at org.apache.catalina.core.StandardContextValve.invoke(StandardContextValve.java:90)
	at org.apache.catalina.authenticator.AuthenticatorBase.invoke(AuthenticatorBase.java:482)
	at org.apache.catalina.core.StandardHostValve.invoke(StandardHostValve.java:115)
	at org.apache.catalina.valves.ErrorReportValve.invoke(ErrorReportValve.java:93)
	at org.apache.catalina.core.StandardEngineValve.invoke(StandardEngineValve.java:74)
	at org.apache.catalina.connector.CoyoteAdapter.service(CoyoteAdapter.java:344)
	at org.apache.coyote.http11.Http11Processor.service(Http11Processor.java:391)
	at org.apache.coyote.AbstractProcessorLight.process(AbstractProcessorLight.java:63)
	at org.apache.coyote.AbstractProtocol$ConnectionHandler.process(AbstractProtocol.java:896)
	at org.apache.tomcat.util.net.NioEndpoint$SocketProcessor.doRun(NioEndpoint.java:1736)
	at org.apache.tomcat.util.net.SocketProcessorBase.run(SocketProcessorBase.java:52)
	at org.apache.tomcat.util.threads.ThreadPoolExecutor.runWorker(ThreadPoolExecutor.java:1191)
	at org.apache.tomcat.util.threads.ThreadPoolExecutor$Worker.run(ThreadPoolExecutor.java:659)
	at org.apache.tomcat.util.threads.TaskThread$WrappingRunnable.run(TaskThread.java:63)
	at java.base/java.lang.Thread.run(Thread.java:1583)
10-01-2026 21:33:01.328 [http-nio-8084-exec-6] DEBUG org.hibernate.SQL - select ase1_0.id,ase1_0.active,ase1_0.admin_id,ase1_0.login_time,ase1_0.logout_time from admin_sessions ase1_0 where ase1_0.id=? and ase1_0.active
10-01-2026 21:33:01.329 [http-nio-8084-exec-6] DEBUG org.hibernate.SQL - select aue1_0.id,aue1_0.active,aue1_0.password,aue1_0.username from admin_users aue1_0 where aue1_0.id=?
10-01-2026 21:34:48.024 [http-nio-8084-exec-15] DEBUG org.hibernate.SQL - select ase1_0.id,ase1_0.active,ase1_0.admin_id,ase1_0.login_time,ase1_0.logout_time from admin_sessions ase1_0 where ase1_0.id=? and ase1_0.active
10-01-2026 21:34:48.032 [http-nio-8084-exec-15] DEBUG org.hibernate.SQL - select aue1_0.id,aue1_0.active,aue1_0.password,aue1_0.username from admin_users aue1_0 where aue1_0.id=?
10-01-2026 21:34:48.038 [http-nio-8084-exec-15] DEBUG org.hibernate.SQL - select ase1_0.id,ase1_0.active,ase1_0.admin_id,ase1_0.login_time,ase1_0.logout_time from admin_sessions ase1_0 where ase1_0.id=? and ase1_0.active
10-01-2026 21:34:48.040 [http-nio-8084-exec-15] DEBUG org.hibernate.SQL - select aue1_0.id,aue1_0.active,aue1_0.password,aue1_0.username from admin_users aue1_0 where aue1_0.id=?
10-01-2026 21:34:48.047 [http-nio-8084-exec-15] ERROR o.a.c.c.C.[.[.[.[dispatcherServlet] - Servlet.service() for servlet [dispatcherServlet] in context with path [] threw exception [Request processing failed: org.springframework.dao.InvalidDataAccessApiUsageException: The given id must not be null] with root cause
java.lang.IllegalArgumentException: The given id must not be null
	at org.springframework.util.Assert.notNull(Assert.java:172)
	at org.springframework.data.jpa.repository.support.SimpleJpaRepository.findById(SimpleJpaRepository.java:302)
	at java.base/jdk.internal.reflect.DirectMethodHandleAccessor.invoke(DirectMethodHandleAccessor.java:103)
	at java.base/java.lang.reflect.Method.invoke(Method.java:580)
	at org.springframework.aop.support.AopUtils.invokeJoinpointUsingReflection(AopUtils.java:354)
	at org.springframework.data.repository.core.support.RepositoryMethodInvoker$RepositoryFragmentMethodInvoker.lambda$new$0(RepositoryMethodInvoker.java:277)
	at org.springframework.data.repository.core.support.RepositoryMethodInvoker.doInvoke(RepositoryMethodInvoker.java:170)
	at org.springframework.data.repository.core.support.RepositoryMethodInvoker.invoke(RepositoryMethodInvoker.java:158)
	at org.springframework.data.repository.core.support.RepositoryComposition$RepositoryFragments.invoke(RepositoryComposition.java:516)
	at org.springframework.data.repository.core.support.RepositoryComposition.invoke(RepositoryComposition.java:285)
	at org.springframework.data.repository.core.support.RepositoryFactorySupport$ImplementationMethodExecutionInterceptor.invoke(RepositoryFactorySupport.java:628)
	at org.springframework.aop.framework.ReflectiveMethodInvocation.proceed(ReflectiveMethodInvocation.java:184)
	at org.springframework.data.repository.core.support.QueryExecutorMethodInterceptor.doInvoke(QueryExecutorMethodInterceptor.java:168)
	at org.springframework.data.repository.core.support.QueryExecutorMethodInterceptor.invoke(QueryExecutorMethodInterceptor.java:143)
	at org.springframework.aop.framework.ReflectiveMethodInvocation.proceed(ReflectiveMethodInvocation.java:184)
	at org.springframework.data.projection.DefaultMethodInvokingMethodInterceptor.invoke(DefaultMethodInvokingMethodInterceptor.java:70)
	at org.springframework.aop.framework.ReflectiveMethodInvocation.proceed(ReflectiveMethodInvocation.java:184)
	at org.springframework.transaction.interceptor.TransactionInterceptor$1.proceedWithInvocation(TransactionInterceptor.java:123)
	at org.springframework.transaction.interceptor.TransactionAspectSupport.invokeWithinTransaction(TransactionAspectSupport.java:392)
	at org.springframework.transaction.interceptor.TransactionInterceptor.invoke(TransactionInterceptor.java:119)
	at org.springframework.aop.framework.ReflectiveMethodInvocation.proceed(ReflectiveMethodInvocation.java:184)
	at org.springframework.dao.support.PersistenceExceptionTranslationInterceptor.invoke(PersistenceExceptionTranslationInterceptor.java:137)
	at org.springframework.aop.framework.ReflectiveMethodInvocation.proceed(ReflectiveMethodInvocation.java:184)
	at org.springframework.data.jpa.repository.support.CrudMethodMetadataPostProcessor$CrudMethodMetadataPopulatingMethodInterceptor.invoke(CrudMethodMetadataPostProcessor.java:164)
	at org.springframework.aop.framework.ReflectiveMethodInvocation.proceed(ReflectiveMethodInvocation.java:184)
	at org.springframework.aop.interceptor.ExposeInvocationInterceptor.invoke(ExposeInvocationInterceptor.java:97)
	at org.springframework.aop.framework.ReflectiveMethodInvocation.proceed(ReflectiveMethodInvocation.java:184)
	at org.springframework.aop.framework.JdkDynamicAopProxy.invoke(JdkDynamicAopProxy.java:223)
	at jdk.proxy2/jdk.proxy2.$Proxy122.findById(Unknown Source)
	at com.ebac.biblioteca.services.LibraryImpl.addBook(LibraryImpl.java:37)
	at com.ebac.biblioteca.controller.BookController.createBook(BookController.java:25)
	at java.base/jdk.internal.reflect.DirectMethodHandleAccessor.invoke(DirectMethodHandleAccessor.java:103)
	at java.base/java.lang.reflect.Method.invoke(Method.java:580)
	at org.springframework.web.method.support.InvocableHandlerMethod.doInvoke(InvocableHandlerMethod.java:255)
	at org.springframework.web.method.support.InvocableHandlerMethod.invokeForRequest(InvocableHandlerMethod.java:188)
	at org.springframework.web.servlet.mvc.method.annotation.ServletInvocableHandlerMethod.invokeAndHandle(ServletInvocableHandlerMethod.java:118)
	at org.springframework.web.servlet.mvc.method.annotation.RequestMappingHandlerAdapter.invokeHandlerMethod(RequestMappingHandlerAdapter.java:926)
	at org.springframework.web.servlet.mvc.method.annotation.RequestMappingHandlerAdapter.handleInternal(RequestMappingHandlerAdapter.java:831)
	at org.springframework.web.servlet.mvc.method.AbstractHandlerMethodAdapter.handle(AbstractHandlerMethodAdapter.java:87)
	at org.springframework.web.servlet.DispatcherServlet.doDispatch(DispatcherServlet.java:1089)
	at org.springframework.web.servlet.DispatcherServlet.doService(DispatcherServlet.java:979)
	at org.springframework.web.servlet.FrameworkServlet.processRequest(FrameworkServlet.java:1014)
	at org.springframework.web.servlet.FrameworkServlet.doPost(FrameworkServlet.java:914)
	at jakarta.servlet.http.HttpServlet.service(HttpServlet.java:590)
	at org.springframework.web.servlet.FrameworkServlet.service(FrameworkServlet.java:885)
	at jakarta.servlet.http.HttpServlet.service(HttpServlet.java:658)
	at org.apache.catalina.core.ApplicationFilterChain.internalDoFilter(ApplicationFilterChain.java:206)
	at org.apache.catalina.core.ApplicationFilterChain.doFilter(ApplicationFilterChain.java:150)
	at org.apache.tomcat.websocket.server.WsFilter.doFilter(WsFilter.java:51)
	at org.apache.catalina.core.ApplicationFilterChain.internalDoFilter(ApplicationFilterChain.java:175)
	at org.apache.catalina.core.ApplicationFilterChain.doFilter(ApplicationFilterChain.java:150)
	at org.springframework.web.filter.CorsFilter.doFilterInternal(CorsFilter.java:91)
	at org.springframework.web.filter.OncePerRequestFilter.doFilter(OncePerRequestFilter.java:116)
	at org.apache.catalina.core.ApplicationFilterChain.internalDoFilter(ApplicationFilterChain.java:175)
	at org.apache.catalina.core.ApplicationFilterChain.doFilter(ApplicationFilterChain.java:150)
	at org.springframework.web.filter.RequestContextFilter.doFilterInternal(RequestContextFilter.java:100)
	at org.springframework.web.filter.OncePerRequestFilter.doFilter(OncePerRequestFilter.java:116)
	at org.apache.catalina.core.ApplicationFilterChain.internalDoFilter(ApplicationFilterChain.java:175)
	at org.apache.catalina.core.ApplicationFilterChain.doFilter(ApplicationFilterChain.java:150)
	at org.springframework.web.filter.FormContentFilter.doFilterInternal(FormContentFilter.java:93)
	at org.springframework.web.filter.OncePerRequestFilter.doFilter(OncePerRequestFilter.java:116)
	at org.apache.catalina.core.ApplicationFilterChain.internalDoFilter(ApplicationFilterChain.java:175)
	at org.apache.catalina.core.ApplicationFilterChain.doFilter(ApplicationFilterChain.java:150)
	at org.springframework.web.filter.CharacterEncodingFilter.doFilterInternal(CharacterEncodingFilter.java:201)
	at org.springframework.web.filter.OncePerRequestFilter.doFilter(OncePerRequestFilter.java:116)
	at org.apache.catalina.core.ApplicationFilterChain.internalDoFilter(ApplicationFilterChain.java:175)
	at org.apache.catalina.core.ApplicationFilterChain.doFilter(ApplicationFilterChain.java:150)
	at org.apache.catalina.core.StandardWrapperValve.invoke(StandardWrapperValve.java:167)
	at org.apache.catalina.core.StandardContextValve.invoke(StandardContextValve.java:90)
	at org.apache.catalina.authenticator.AuthenticatorBase.invoke(AuthenticatorBase.java:482)
	at org.apache.catalina.core.StandardHostValve.invoke(StandardHostValve.java:115)
	at org.apache.catalina.valves.ErrorReportValve.invoke(ErrorReportValve.java:93)
	at org.apache.catalina.core.StandardEngineValve.invoke(StandardEngineValve.java:74)
	at org.apache.catalina.connector.CoyoteAdapter.service(CoyoteAdapter.java:344)
	at org.apache.coyote.http11.Http11Processor.service(Http11Processor.java:391)
	at org.apache.coyote.AbstractProcessorLight.process(AbstractProcessorLight.java:63)
	at org.apache.coyote.AbstractProtocol$ConnectionHandler.process(AbstractProtocol.java:896)
	at org.apache.tomcat.util.net.NioEndpoint$SocketProcessor.doRun(NioEndpoint.java:1736)
	at org.apache.tomcat.util.net.SocketProcessorBase.run(SocketProcessorBase.java:52)
	at org.apache.tomcat.util.threads.ThreadPoolExecutor.runWorker(ThreadPoolExecutor.java:1191)
	at org.apache.tomcat.util.threads.ThreadPoolExecutor$Worker.run(ThreadPoolExecutor.java:659)
	at org.apache.tomcat.util.threads.TaskThread$WrappingRunnable.run(TaskThread.java:63)
	at java.base/java.lang.Thread.run(Thread.java:1583)
10-01-2026 21:34:48.050 [http-nio-8084-exec-15] DEBUG org.hibernate.SQL - select ase1_0.id,ase1_0.active,ase1_0.admin_id,ase1_0.login_time,ase1_0.logout_time from admin_sessions ase1_0 where ase1_0.id=? and ase1_0.active
10-01-2026 21:34:48.052 [http-nio-8084-exec-15] DEBUG org.hibernate.SQL - select aue1_0.id,aue1_0.active,aue1_0.password,aue1_0.username from admin_users aue1_0 where aue1_0.id=?
10-01-2026 21:35:01.361 [main] INFO  com.ebac.biblioteca.Main - Starting Main using Java 21.0.6 with PID 86568 (/Users/rodrigoyaelmoralesvazquez/Desktop/EBAC/ProyectoJava/EbacLibrary/target/classes started by rodrigoyaelmoralesvazquez in /Users/rodrigoyaelmoralesvazquez/Desktop/EBAC/ProyectoJava/EbacLibrary)
10-01-2026 21:35:01.363 [main] INFO  com.ebac.biblioteca.Main - No active profile set, falling back to 1 default profile: "default"
10-01-2026 21:35:03.971 [main] INFO  com.ebac.biblioteca.Main - Started Main in 2.935 seconds (process running for 3.705)
10-01-2026 21:35:14.568 [http-nio-8084-exec-2] DEBUG org.hibernate.SQL - select ase1_0.id,ase1_0.active,ase1_0.admin_id,ase1_0.login_time,ase1_0.logout_time from admin_sessions ase1_0 where ase1_0.id=? and ase1_0.active
10-01-2026 21:35:14.597 [http-nio-8084-exec-2] DEBUG org.hibernate.SQL - select aue1_0.id,aue1_0.active,aue1_0.password,aue1_0.username from admin_users aue1_0 where aue1_0.id=?
10-01-2026 21:35:59.810 [http-nio-8084-exec-2] DEBUG org.hibernate.SQL - select ase1_0.id,ase1_0.active,ase1_0.admin_id,ase1_0.login_time,ase1_0.logout_time from admin_sessions ase1_0 where ase1_0.id=? and ase1_0.active
10-01-2026 21:35:59.816 [http-nio-8084-exec-2] DEBUG org.hibernate.SQL - select aue1_0.id,aue1_0.active,aue1_0.password,aue1_0.username from admin_users aue1_0 where aue1_0.id=?
10-01-2026 21:35:59.843 [http-nio-8084-exec-2] ERROR o.a.c.c.C.[.[.[.[dispatcherServlet] - Servlet.service() for servlet [dispatcherServlet] in context with path [] threw exception [Request processing failed: org.springframework.dao.InvalidDataAccessApiUsageException: The given id must not be null] with root cause
java.lang.IllegalArgumentException: The given id must not be null
	at org.springframework.util.Assert.notNull(Assert.java:172)
	at org.springframework.data.jpa.repository.support.SimpleJpaRepository.findById(SimpleJpaRepository.java:302)
	at java.base/jdk.internal.reflect.DirectMethodHandleAccessor.invoke(DirectMethodHandleAccessor.java:103)
	at java.base/java.lang.reflect.Method.invoke(Method.java:580)
	at org.springframework.aop.support.AopUtils.invokeJoinpointUsingReflection(AopUtils.java:354)
	at org.springframework.data.repository.core.support.RepositoryMethodInvoker$RepositoryFragmentMethodInvoker.lambda$new$0(RepositoryMethodInvoker.java:277)
	at org.springframework.data.repository.core.support.RepositoryMethodInvoker.doInvoke(RepositoryMethodInvoker.java:170)
	at org.springframework.data.repository.core.support.RepositoryMethodInvoker.invoke(RepositoryMethodInvoker.java:158)
	at org.springframework.data.repository.core.support.RepositoryComposition$RepositoryFragments.invoke(RepositoryComposition.java:516)
	at org.springframework.data.repository.core.support.RepositoryComposition.invoke(RepositoryComposition.java:285)
	at org.springframework.data.repository.core.support.RepositoryFactorySupport$ImplementationMethodExecutionInterceptor.invoke(RepositoryFactorySupport.java:628)
	at org.springframework.aop.framework.ReflectiveMethodInvocation.proceed(ReflectiveMethodInvocation.java:184)
	at org.springframework.data.repository.core.support.QueryExecutorMethodInterceptor.doInvoke(QueryExecutorMethodInterceptor.java:168)
	at org.springframework.data.repository.core.support.QueryExecutorMethodInterceptor.invoke(QueryExecutorMethodInterceptor.java:143)
	at org.springframework.aop.framework.ReflectiveMethodInvocation.proceed(ReflectiveMethodInvocation.java:184)
	at org.springframework.data.projection.DefaultMethodInvokingMethodInterceptor.invoke(DefaultMethodInvokingMethodInterceptor.java:70)
	at org.springframework.aop.framework.ReflectiveMethodInvocation.proceed(ReflectiveMethodInvocation.java:184)
	at org.springframework.transaction.interceptor.TransactionInterceptor$1.proceedWithInvocation(TransactionInterceptor.java:123)
	at org.springframework.transaction.interceptor.TransactionAspectSupport.invokeWithinTransaction(TransactionAspectSupport.java:392)
	at org.springframework.transaction.interceptor.TransactionInterceptor.invoke(TransactionInterceptor.java:119)
	at org.springframework.aop.framework.ReflectiveMethodInvocation.proceed(ReflectiveMethodInvocation.java:184)
	at org.springframework.dao.support.PersistenceExceptionTranslationInterceptor.invoke(PersistenceExceptionTranslationInterceptor.java:137)
	at org.springframework.aop.framework.ReflectiveMethodInvocation.proceed(ReflectiveMethodInvocation.java:184)
	at org.springframework.data.jpa.repository.support.CrudMethodMetadataPostProcessor$CrudMethodMetadataPopulatingMethodInterceptor.invoke(CrudMethodMetadataPostProcessor.java:164)
	at org.springframework.aop.framework.ReflectiveMethodInvocation.proceed(ReflectiveMethodInvocation.java:184)
	at org.springframework.aop.interceptor.ExposeInvocationInterceptor.invoke(ExposeInvocationInterceptor.java:97)
	at org.springframework.aop.framework.ReflectiveMethodInvocation.proceed(ReflectiveMethodInvocation.java:184)
	at org.springframework.aop.framework.JdkDynamicAopProxy.invoke(JdkDynamicAopProxy.java:223)
	at jdk.proxy2/jdk.proxy2.$Proxy122.findById(Unknown Source)
	at com.ebac.biblioteca.services.LibraryImpl.addBook(LibraryImpl.java:37)
	at com.ebac.biblioteca.controller.BookController.createBook(BookController.java:25)
	at java.base/jdk.internal.reflect.DirectMethodHandleAccessor.invoke(DirectMethodHandleAccessor.java:103)
	at java.base/java.lang.reflect.Method.invoke(Method.java:580)
	at org.springframework.web.method.support.InvocableHandlerMethod.doInvoke(InvocableHandlerMethod.java:255)
	at org.springframework.web.method.support.InvocableHandlerMethod.invokeForRequest(InvocableHandlerMethod.java:188)
	at org.springframework.web.servlet.mvc.method.annotation.ServletInvocableHandlerMethod.invokeAndHandle(ServletInvocableHandlerMethod.java:118)
	at org.springframework.web.servlet.mvc.method.annotation.RequestMappingHandlerAdapter.invokeHandlerMethod(RequestMappingHandlerAdapter.java:926)
	at org.springframework.web.servlet.mvc.method.annotation.RequestMappingHandlerAdapter.handleInternal(RequestMappingHandlerAdapter.java:831)
	at org.springframework.web.servlet.mvc.method.AbstractHandlerMethodAdapter.handle(AbstractHandlerMethodAdapter.java:87)
	at org.springframework.web.servlet.DispatcherServlet.doDispatch(DispatcherServlet.java:1089)
	at org.springframework.web.servlet.DispatcherServlet.doService(DispatcherServlet.java:979)
	at org.springframework.web.servlet.FrameworkServlet.processRequest(FrameworkServlet.java:1014)
	at org.springframework.web.servlet.FrameworkServlet.doPost(FrameworkServlet.java:914)
	at jakarta.servlet.http.HttpServlet.service(HttpServlet.java:590)
	at org.springframework.web.servlet.FrameworkServlet.service(FrameworkServlet.java:885)
	at jakarta.servlet.http.HttpServlet.service(HttpServlet.java:658)
	at org.apache.catalina.core.ApplicationFilterChain.internalDoFilter(ApplicationFilterChain.java:206)
	at org.apache.catalina.core.ApplicationFilterChain.doFilter(ApplicationFilterChain.java:150)
	at org.apache.tomcat.websocket.server.WsFilter.doFilter(WsFilter.java:51)
	at org.apache.catalina.core.ApplicationFilterChain.internalDoFilter(ApplicationFilterChain.java:175)
	at org.apache.catalina.core.ApplicationFilterChain.doFilter(ApplicationFilterChain.java:150)
	at org.springframework.web.filter.CorsFilter.doFilterInternal(CorsFilter.java:91)
	at org.springframework.web.filter.OncePerRequestFilter.doFilter(OncePerRequestFilter.java:116)
	at org.apache.catalina.core.ApplicationFilterChain.internalDoFilter(ApplicationFilterChain.java:175)
	at org.apache.catalina.core.ApplicationFilterChain.doFilter(ApplicationFilterChain.java:150)
	at org.springframework.web.filter.RequestContextFilter.doFilterInternal(RequestContextFilter.java:100)
	at org.springframework.web.filter.OncePerRequestFilter.doFilter(OncePerRequestFilter.java:116)
	at org.apache.catalina.core.ApplicationFilterChain.internalDoFilter(ApplicationFilterChain.java:175)
	at org.apache.catalina.core.ApplicationFilterChain.doFilter(ApplicationFilterChain.java:150)
	at org.springframework.web.filter.FormContentFilter.doFilterInternal(FormContentFilter.java:93)
	at org.springframework.web.filter.OncePerRequestFilter.doFilter(OncePerRequestFilter.java:116)
	at org.apache.catalina.core.ApplicationFilterChain.internalDoFilter(ApplicationFilterChain.java:175)
	at org.apache.catalina.core.ApplicationFilterChain.doFilter(ApplicationFilterChain.java:150)
	at org.springframework.web.filter.CharacterEncodingFilter.doFilterInternal(CharacterEncodingFilter.java:201)
	at org.springframework.web.filter.OncePerRequestFilter.doFilter(OncePerRequestFilter.java:116)
	at org.apache.catalina.core.ApplicationFilterChain.internalDoFilter(ApplicationFilterChain.java:175)
	at org.apache.catalina.core.ApplicationFilterChain.doFilter(ApplicationFilterChain.java:150)
	at org.apache.catalina.core.StandardWrapperValve.invoke(StandardWrapperValve.java:167)
	at org.apache.catalina.core.StandardContextValve.invoke(StandardContextValve.java:90)
	at org.apache.catalina.authenticator.AuthenticatorBase.invoke(AuthenticatorBase.java:482)
	at org.apache.catalina.core.StandardHostValve.invoke(StandardHostValve.java:115)
	at org.apache.catalina.valves.ErrorReportValve.invoke(ErrorReportValve.java:93)
	at org.apache.catalina.core.StandardEngineValve.invoke(StandardEngineValve.java:74)
	at org.apache.catalina.connector.CoyoteAdapter.service(CoyoteAdapter.java:344)
	at org.apache.coyote.http11.Http11Processor.service(Http11Processor.java:391)
	at org.apache.coyote.AbstractProcessorLight.process(AbstractProcessorLight.java:63)
	at org.apache.coyote.AbstractProtocol$ConnectionHandler.process(AbstractProtocol.java:896)
	at org.apache.tomcat.util.net.NioEndpoint$SocketProcessor.doRun(NioEndpoint.java:1736)
	at org.apache.tomcat.util.net.SocketProcessorBase.run(SocketProcessorBase.java:52)
	at org.apache.tomcat.util.threads.ThreadPoolExecutor.runWorker(ThreadPoolExecutor.java:1191)
	at org.apache.tomcat.util.threads.ThreadPoolExecutor$Worker.run(ThreadPoolExecutor.java:659)
	at org.apache.tomcat.util.threads.TaskThread$WrappingRunnable.run(TaskThread.java:63)
	at java.base/java.lang.Thread.run(Thread.java:1583)
10-01-2026 21:35:59.852 [http-nio-8084-exec-2] DEBUG org.hibernate.SQL - select ase1_0.id,ase1_0.active,ase1_0.admin_id,ase1_0.login_time,ase1_0.logout_time from admin_sessions ase1_0 where ase1_0.id=? and ase1_0.active
10-01-2026 21:35:59.854 [http-nio-8084-exec-2] DEBUG org.hibernate.SQL - select aue1_0.id,aue1_0.active,aue1_0.password,aue1_0.username from admin_users aue1_0 where aue1_0.id=?
10-01-2026 21:36:02.357 [main] INFO  com.ebac.biblioteca.Main - Starting Main using Java 21.0.6 with PID 86612 (/Users/rodrigoyaelmoralesvazquez/Desktop/EBAC/ProyectoJava/EbacLibrary/target/classes started by rodrigoyaelmoralesvazquez in /Users/rodrigoyaelmoralesvazquez/Desktop/EBAC/ProyectoJava/EbacLibrary)
10-01-2026 21:36:02.359 [main] INFO  com.ebac.biblioteca.Main - No active profile set, falling back to 1 default profile: "default"
10-01-2026 21:36:04.596 [main] INFO  com.ebac.biblioteca.Main - Started Main in 2.495 seconds (process running for 2.969)
10-01-2026 21:36:10.853 [http-nio-8084-exec-2] DEBUG org.hibernate.SQL - select ase1_0.id,ase1_0.active,ase1_0.admin_id,ase1_0.login_time,ase1_0.logout_time from admin_sessions ase1_0 where ase1_0.id=? and ase1_0.active
10-01-2026 21:36:10.867 [http-nio-8084-exec-2] DEBUG org.hibernate.SQL - select aue1_0.id,aue1_0.active,aue1_0.password,aue1_0.username from admin_users aue1_0 where aue1_0.id=?
10-01-2026 21:36:10.925 [http-nio-8084-exec-2] DEBUG org.hibernate.SQL - select ase1_0.id,ase1_0.active,ase1_0.admin_id,ase1_0.login_time,ase1_0.logout_time from admin_sessions ase1_0 where ase1_0.id=? and ase1_0.active
10-01-2026 21:36:10.927 [http-nio-8084-exec-2] DEBUG org.hibernate.SQL - select aue1_0.id,aue1_0.active,aue1_0.password,aue1_0.username from admin_users aue1_0 where aue1_0.id=?
10-01-2026 21:36:10.938 [http-nio-8084-exec-2] DEBUG org.hibernate.SQL - select ae1_0.id,ae1_0.nombre from authors ae1_0 where ae1_0.id=?
10-01-2026 21:36:10.955 [http-nio-8084-exec-2] DEBUG org.hibernate.SQL - insert into books (anio,author_id,disponible,nombre,user_id) values (?,?,?,?,?)
10-01-2026 21:36:10.983 [http-nio-8084-exec-2] ERROR o.h.e.jdbc.spi.SqlExceptionHelper - Field 'library_id' doesn't have a default value
10-01-2026 21:36:10.992 [http-nio-8084-exec-2] ERROR o.a.c.c.C.[.[.[.[dispatcherServlet] - Servlet.service() for servlet [dispatcherServlet] in context with path [] threw exception [Request processing failed: org.springframework.orm.jpa.JpaSystemException: could not execute statement [Field 'library_id' doesn't have a default value] [insert into books (anio,author_id,disponible,nombre,user_id) values (?,?,?,?,?)]] with root cause
java.sql.SQLException: Field 'library_id' doesn't have a default value
	at com.mysql.cj.jdbc.exceptions.SQLError.createSQLException(SQLError.java:130)
	at com.mysql.cj.jdbc.exceptions.SQLExceptionsMapping.translateException(SQLExceptionsMapping.java:122)
	at com.mysql.cj.jdbc.ClientPreparedStatement.executeInternal(ClientPreparedStatement.java:916)
	at com.mysql.cj.jdbc.ClientPreparedStatement.executeUpdateInternal(ClientPreparedStatement.java:1061)
	at com.mysql.cj.jdbc.ClientPreparedStatement.executeUpdateInternal(ClientPreparedStatement.java:1009)
	at com.mysql.cj.jdbc.ClientPreparedStatement.executeLargeUpdate(ClientPreparedStatement.java:1320)
	at com.mysql.cj.jdbc.ClientPreparedStatement.executeUpdate(ClientPreparedStatement.java:994)
	at com.zaxxer.hikari.pool.ProxyPreparedStatement.executeUpdate(ProxyPreparedStatement.java:61)
	at com.zaxxer.hikari.pool.HikariProxyPreparedStatement.executeUpdate(HikariProxyPreparedStatement.java)
	at org.hibernate.engine.jdbc.internal.ResultSetReturnImpl.executeUpdate(ResultSetReturnImpl.java:194)
	at org.hibernate.id.insert.GetGeneratedKeysDelegate.performInsert(GetGeneratedKeysDelegate.java:107)
	at org.hibernate.engine.jdbc.mutation.internal.MutationExecutorPostInsertSingleTable.execute(MutationExecutorPostInsertSingleTable.java:100)
	at org.hibernate.persister.entity.mutation.InsertCoordinator.doStaticInserts(InsertCoordinator.java:175)
	at org.hibernate.persister.entity.mutation.InsertCoordinator.coordinateInsert(InsertCoordinator.java:113)
	at org.hibernate.persister.entity.AbstractEntityPersister.insert(AbstractEntityPersister.java:2868)
	at org.hibernate.action.internal.EntityIdentityInsertAction.execute(EntityIdentityInsertAction.java:81)
	at org.hibernate.engine.spi.ActionQueue.execute(ActionQueue.java:670)
	at org.hibernate.engine.spi.ActionQueue.addResolvedEntityInsertAction(ActionQueue.java:291)
	at org.hibernate.engine.spi.ActionQueue.addInsertAction(ActionQueue.java:272)
	at org.hibernate.engine.spi.ActionQueue.addAction(ActionQueue.java:322)
	at org.hibernate.event.internal.AbstractSaveEventListener.addInsertAction(AbstractSaveEventListener.java:386)
	at org.hibernate.event.internal.AbstractSaveEventListener.performSaveOrReplicate(AbstractSaveEventListener.java:300)
	at org.hibernate.event.internal.AbstractSaveEventListener.performSave(AbstractSaveEventListener.java:219)
	at org.hibernate.event.internal.AbstractSaveEventListener.saveWithGeneratedId(AbstractSaveEventListener.java:134)
	at org.hibernate.event.internal.DefaultPersistEventListener.entityIsTransient(DefaultPersistEventListener.java:175)
	at org.hibernate.event.internal.DefaultPersistEventListener.persist(DefaultPersistEventListener.java:93)
	at org.hibernate.event.internal.DefaultPersistEventListener.onPersist(DefaultPersistEventListener.java:77)
	at org.hibernate.event.internal.DefaultPersistEventListener.onPersist(DefaultPersistEventListener.java:54)
	at org.hibernate.event.service.internal.EventListenerGroupImpl.fireEventOnEachListener(EventListenerGroupImpl.java:127)
	at org.hibernate.internal.SessionImpl.firePersist(SessionImpl.java:754)
	at org.hibernate.internal.SessionImpl.persist(SessionImpl.java:738)
	at java.base/jdk.internal.reflect.DirectMethodHandleAccessor.invoke(DirectMethodHandleAccessor.java:103)
	at java.base/java.lang.reflect.Method.invoke(Method.java:580)
	at org.springframework.orm.jpa.ExtendedEntityManagerCreator$ExtendedEntityManagerInvocationHandler.invoke(ExtendedEntityManagerCreator.java:364)
	at jdk.proxy2/jdk.proxy2.$Proxy109.persist(Unknown Source)
	at java.base/jdk.internal.reflect.DirectMethodHandleAccessor.invoke(DirectMethodHandleAccessor.java:103)
	at java.base/java.lang.reflect.Method.invoke(Method.java:580)
	at org.springframework.orm.jpa.SharedEntityManagerCreator$SharedEntityManagerInvocationHandler.invoke(SharedEntityManagerCreator.java:319)
	at jdk.proxy2/jdk.proxy2.$Proxy109.persist(Unknown Source)
	at org.springframework.data.jpa.repository.support.SimpleJpaRepository.save(SimpleJpaRepository.java:618)
	at java.base/jdk.internal.reflect.DirectMethodHandleAccessor.invoke(DirectMethodHandleAccessor.java:103)
	at java.base/java.lang.reflect.Method.invoke(Method.java:580)
	at org.springframework.aop.support.AopUtils.invokeJoinpointUsingReflection(AopUtils.java:354)
	at org.springframework.data.repository.core.support.RepositoryMethodInvoker$RepositoryFragmentMethodInvoker.lambda$new$0(RepositoryMethodInvoker.java:277)
	at org.springframework.data.repository.core.support.RepositoryMethodInvoker.doInvoke(RepositoryMethodInvoker.java:170)
	at org.springframework.data.repository.core.support.RepositoryMethodInvoker.invoke(RepositoryMethodInvoker.java:158)
	at org.springframework.data.repository.core.support.RepositoryComposition$RepositoryFragments.invoke(RepositoryComposition.java:516)
	at org.springframework.data.repository.core.support.RepositoryComposition.invoke(RepositoryComposition.java:285)
	at org.springframework.data.repository.core.support.RepositoryFactorySupport$ImplementationMethodExecutionInterceptor.invoke(RepositoryFactorySupport.java:628)
	at org.springframework.aop.framework.ReflectiveMethodInvocation.proceed(ReflectiveMethodInvocation.java:184)
	at org.springframework.data.repository.core.support.QueryExecutorMethodInterceptor.doInvoke(QueryExecutorMethodInterceptor.java:168)
	at org.springframework.data.repository.core.support.QueryExecutorMethodInterceptor.invoke(QueryExecutorMethodInterceptor.java:143)
	at org.springframework.aop.framework.ReflectiveMethodInvocation.proceed(ReflectiveMethodInvocation.java:184)
	at org.springframework.data.projection.DefaultMethodInvokingMethodInterceptor.invoke(DefaultMethodInvokingMethodInterceptor.java:70)
	at org.springframework.aop.framework.ReflectiveMethodInvocation.proceed(ReflectiveMethodInvocation.java:184)
	at org.springframework.transaction.interceptor.TransactionInterceptor$1.proceedWithInvocation(TransactionInterceptor.java:123)
	at org.springframework.transaction.interceptor.TransactionAspectSupport.invokeWithinTransaction(TransactionAspectSupport.java:392)
	at org.springframework.transaction.interceptor.TransactionInterceptor.invoke(TransactionInterceptor.java:119)
	at org.springframework.aop.framework.ReflectiveMethodInvocation.proceed(ReflectiveMethodInvocation.java:184)
	at org.springframework.dao.support.PersistenceExceptionTranslationInterceptor.invoke(PersistenceExceptionTranslationInterceptor.java:137)
	at org.springframework.aop.framework.ReflectiveMethodInvocation.proceed(ReflectiveMethodInvocation.java:184)
	at org.springframework.data.jpa.repository.support.CrudMethodMetadataPostProcessor$CrudMethodMetadataPopulatingMethodInterceptor.invoke(CrudMethodMetadataPostProcessor.java:164)
	at org.springframework.aop.framework.ReflectiveMethodInvocation.proceed(ReflectiveMethodInvocation.java:184)
	at org.springframework.aop.interceptor.ExposeInvocationInterceptor.invoke(ExposeInvocationInterceptor.java:97)
	at org.springframework.aop.framework.ReflectiveMethodInvocation.proceed(ReflectiveMethodInvocation.java:184)
	at org.springframework.aop.framework.JdkDynamicAopProxy.invoke(JdkDynamicAopProxy.java:223)
	at jdk.proxy2/jdk.proxy2.$Proxy121.save(Unknown Source)
	at com.ebac.biblioteca.services.LibraryImpl.addBook(LibraryImpl.java:41)
	at com.ebac.biblioteca.controller.BookController.createBook(BookController.java:25)
	at java.base/jdk.internal.reflect.DirectMethodHandleAccessor.invoke(DirectMethodHandleAccessor.java:103)
	at java.base/java.lang.reflect.Method.invoke(Method.java:580)
	at org.springframework.web.method.support.InvocableHandlerMethod.doInvoke(InvocableHandlerMethod.java:255)
	at org.springframework.web.method.support.InvocableHandlerMethod.invokeForRequest(InvocableHandlerMethod.java:188)
	at org.springframework.web.servlet.mvc.method.annotation.ServletInvocableHandlerMethod.invokeAndHandle(ServletInvocableHandlerMethod.java:118)
	at org.springframework.web.servlet.mvc.method.annotation.RequestMappingHandlerAdapter.invokeHandlerMethod(RequestMappingHandlerAdapter.java:926)
	at org.springframework.web.servlet.mvc.method.annotation.RequestMappingHandlerAdapter.handleInternal(RequestMappingHandlerAdapter.java:831)
	at org.springframework.web.servlet.mvc.method.AbstractHandlerMethodAdapter.handle(AbstractHandlerMethodAdapter.java:87)
	at org.springframework.web.servlet.DispatcherServlet.doDispatch(DispatcherServlet.java:1089)
	at org.springframework.web.servlet.DispatcherServlet.doService(DispatcherServlet.java:979)
	at org.springframework.web.servlet.FrameworkServlet.processRequest(FrameworkServlet.java:1014)
	at org.springframework.web.servlet.FrameworkServlet.doPost(FrameworkServlet.java:914)
	at jakarta.servlet.http.HttpServlet.service(HttpServlet.java:590)
	at org.springframework.web.servlet.FrameworkServlet.service(FrameworkServlet.java:885)
	at jakarta.servlet.http.HttpServlet.service(HttpServlet.java:658)
	at org.apache.catalina.core.ApplicationFilterChain.internalDoFilter(ApplicationFilterChain.java:206)
	at org.apache.catalina.core.ApplicationFilterChain.doFilter(ApplicationFilterChain.java:150)
	at org.apache.tomcat.websocket.server.WsFilter.doFilter(WsFilter.java:51)
	at org.apache.catalina.core.ApplicationFilterChain.internalDoFilter(ApplicationFilterChain.java:175)
	at org.apache.catalina.core.ApplicationFilterChain.doFilter(ApplicationFilterChain.java:150)
	at org.springframework.web.filter.CorsFilter.doFilterInternal(CorsFilter.java:91)
	at org.springframework.web.filter.OncePerRequestFilter.doFilter(OncePerRequestFilter.java:116)
	at org.apache.catalina.core.ApplicationFilterChain.internalDoFilter(ApplicationFilterChain.java:175)
	at org.apache.catalina.core.ApplicationFilterChain.doFilter(ApplicationFilterChain.java:150)
	at org.springframework.web.filter.RequestContextFilter.doFilterInternal(RequestContextFilter.java:100)
	at org.springframework.web.filter.OncePerRequestFilter.doFilter(OncePerRequestFilter.java:116)
	at org.apache.catalina.core.ApplicationFilterChain.internalDoFilter(ApplicationFilterChain.java:175)
	at org.apache.catalina.core.ApplicationFilterChain.doFilter(ApplicationFilterChain.java:150)
	at org.springframework.web.filter.FormContentFilter.doFilterInternal(FormContentFilter.java:93)
	at org.springframework.web.filter.OncePerRequestFilter.doFilter(OncePerRequestFilter.java:116)
	at org.apache.catalina.core.ApplicationFilterChain.internalDoFilter(ApplicationFilterChain.java:175)
	at org.apache.catalina.core.ApplicationFilterChain.doFilter(ApplicationFilterChain.java:150)
	at org.springframework.web.filter.CharacterEncodingFilter.doFilterInternal(CharacterEncodingFilter.java:201)
	at org.springframework.web.filter.OncePerRequestFilter.doFilter(OncePerRequestFilter.java:116)
	at org.apache.catalina.core.ApplicationFilterChain.internalDoFilter(ApplicationFilterChain.java:175)
	at org.apache.catalina.core.ApplicationFilterChain.doFilter(ApplicationFilterChain.java:150)
	at org.apache.catalina.core.StandardWrapperValve.invoke(StandardWrapperValve.java:167)
	at org.apache.catalina.core.StandardContextValve.invoke(StandardContextValve.java:90)
	at org.apache.catalina.authenticator.AuthenticatorBase.invoke(AuthenticatorBase.java:482)
	at org.apache.catalina.core.StandardHostValve.invoke(StandardHostValve.java:115)
	at org.apache.catalina.valves.ErrorReportValve.invoke(ErrorReportValve.java:93)
	at org.apache.catalina.core.StandardEngineValve.invoke(StandardEngineValve.java:74)
	at org.apache.catalina.connector.CoyoteAdapter.service(CoyoteAdapter.java:344)
	at org.apache.coyote.http11.Http11Processor.service(Http11Processor.java:391)
	at org.apache.coyote.AbstractProcessorLight.process(AbstractProcessorLight.java:63)
	at org.apache.coyote.AbstractProtocol$ConnectionHandler.process(AbstractProtocol.java:896)
	at org.apache.tomcat.util.net.NioEndpoint$SocketProcessor.doRun(NioEndpoint.java:1736)
	at org.apache.tomcat.util.net.SocketProcessorBase.run(SocketProcessorBase.java:52)
	at org.apache.tomcat.util.threads.ThreadPoolExecutor.runWorker(ThreadPoolExecutor.java:1191)
	at org.apache.tomcat.util.threads.ThreadPoolExecutor$Worker.run(ThreadPoolExecutor.java:659)
	at org.apache.tomcat.util.threads.TaskThread$WrappingRunnable.run(TaskThread.java:63)
	at java.base/java.lang.Thread.run(Thread.java:1583)
10-01-2026 21:36:10.998 [http-nio-8084-exec-2] DEBUG org.hibernate.SQL - select ase1_0.id,ase1_0.active,ase1_0.admin_id,ase1_0.login_time,ase1_0.logout_time from admin_sessions ase1_0 where ase1_0.id=? and ase1_0.active
10-01-2026 21:36:11.000 [http-nio-8084-exec-2] DEBUG org.hibernate.SQL - select aue1_0.id,aue1_0.active,aue1_0.password,aue1_0.username from admin_users aue1_0 where aue1_0.id=?
10-01-2026 21:36:57.340 [main] INFO  com.ebac.biblioteca.Main - Starting Main using Java 21.0.6 with PID 86643 (/Users/rodrigoyaelmoralesvazquez/Desktop/EBAC/ProyectoJava/EbacLibrary/target/classes started by rodrigoyaelmoralesvazquez in /Users/rodrigoyaelmoralesvazquez/Desktop/EBAC/ProyectoJava/EbacLibrary)
10-01-2026 21:36:57.345 [main] INFO  com.ebac.biblioteca.Main - No active profile set, falling back to 1 default profile: "default"
10-01-2026 21:36:59.965 [main] INFO  com.ebac.biblioteca.Main - Started Main in 2.861 seconds (process running for 3.563)
10-01-2026 21:37:11.584 [http-nio-8084-exec-2] DEBUG org.hibernate.SQL - select ase1_0.id,ase1_0.active,ase1_0.admin_id,ase1_0.login_time,ase1_0.logout_time from admin_sessions ase1_0 where ase1_0.id=? and ase1_0.active
10-01-2026 21:37:11.601 [http-nio-8084-exec-2] DEBUG org.hibernate.SQL - select aue1_0.id,aue1_0.active,aue1_0.password,aue1_0.username from admin_users aue1_0 where aue1_0.id=?
10-01-2026 21:37:51.379 [http-nio-8084-exec-2] DEBUG org.hibernate.SQL - select ase1_0.id,ase1_0.active,ase1_0.admin_id,ase1_0.login_time,ase1_0.logout_time from admin_sessions ase1_0 where ase1_0.id=? and ase1_0.active
10-01-2026 21:37:51.392 [http-nio-8084-exec-2] DEBUG org.hibernate.SQL - select aue1_0.id,aue1_0.active,aue1_0.password,aue1_0.username from admin_users aue1_0 where aue1_0.id=?
10-01-2026 21:39:06.868 [http-nio-8084-exec-2] DEBUG org.hibernate.SQL - select ae1_0.id,ae1_0.nombre from authors ae1_0 where ae1_0.id=?
10-01-2026 21:40:33.050 [http-nio-8084-exec-2] DEBUG org.hibernate.SQL - insert into books (anio,author_id,disponible,nombre,user_id) values (?,?,?,?,?)
10-01-2026 21:40:33.130 [http-nio-8084-exec-2] ERROR o.h.e.jdbc.spi.SqlExceptionHelper - Field 'library_id' doesn't have a default value
10-01-2026 21:40:45.962 [http-nio-8084-exec-2] ERROR o.a.c.c.C.[.[.[.[dispatcherServlet] - Servlet.service() for servlet [dispatcherServlet] in context with path [] threw exception [Request processing failed: org.springframework.orm.jpa.JpaSystemException: could not execute statement [Field 'library_id' doesn't have a default value] [insert into books (anio,author_id,disponible,nombre,user_id) values (?,?,?,?,?)]] with root cause
java.sql.SQLException: Field 'library_id' doesn't have a default value
	at com.mysql.cj.jdbc.exceptions.SQLError.createSQLException(SQLError.java:130)
	at com.mysql.cj.jdbc.exceptions.SQLExceptionsMapping.translateException(SQLExceptionsMapping.java:122)
	at com.mysql.cj.jdbc.ClientPreparedStatement.executeInternal(ClientPreparedStatement.java:916)
	at com.mysql.cj.jdbc.ClientPreparedStatement.executeUpdateInternal(ClientPreparedStatement.java:1061)
	at com.mysql.cj.jdbc.ClientPreparedStatement.executeUpdateInternal(ClientPreparedStatement.java:1009)
	at com.mysql.cj.jdbc.ClientPreparedStatement.executeLargeUpdate(ClientPreparedStatement.java:1320)
	at com.mysql.cj.jdbc.ClientPreparedStatement.executeUpdate(ClientPreparedStatement.java:994)
	at com.zaxxer.hikari.pool.ProxyPreparedStatement.executeUpdate(ProxyPreparedStatement.java:61)
	at com.zaxxer.hikari.pool.HikariProxyPreparedStatement.executeUpdate(HikariProxyPreparedStatement.java)
	at org.hibernate.engine.jdbc.internal.ResultSetReturnImpl.executeUpdate(ResultSetReturnImpl.java:194)
	at org.hibernate.id.insert.GetGeneratedKeysDelegate.performInsert(GetGeneratedKeysDelegate.java:107)
	at org.hibernate.engine.jdbc.mutation.internal.MutationExecutorPostInsertSingleTable.execute(MutationExecutorPostInsertSingleTable.java:100)
	at org.hibernate.persister.entity.mutation.InsertCoordinator.doStaticInserts(InsertCoordinator.java:175)
	at org.hibernate.persister.entity.mutation.InsertCoordinator.coordinateInsert(InsertCoordinator.java:113)
	at org.hibernate.persister.entity.AbstractEntityPersister.insert(AbstractEntityPersister.java:2868)
	at org.hibernate.action.internal.EntityIdentityInsertAction.execute(EntityIdentityInsertAction.java:81)
	at org.hibernate.engine.spi.ActionQueue.execute(ActionQueue.java:670)
	at org.hibernate.engine.spi.ActionQueue.addResolvedEntityInsertAction(ActionQueue.java:291)
	at org.hibernate.engine.spi.ActionQueue.addInsertAction(ActionQueue.java:272)
	at org.hibernate.engine.spi.ActionQueue.addAction(ActionQueue.java:322)
	at org.hibernate.event.internal.AbstractSaveEventListener.addInsertAction(AbstractSaveEventListener.java:386)
	at org.hibernate.event.internal.AbstractSaveEventListener.performSaveOrReplicate(AbstractSaveEventListener.java:300)
	at org.hibernate.event.internal.AbstractSaveEventListener.performSave(AbstractSaveEventListener.java:219)
	at org.hibernate.event.internal.AbstractSaveEventListener.saveWithGeneratedId(AbstractSaveEventListener.java:134)
	at org.hibernate.event.internal.DefaultPersistEventListener.entityIsTransient(DefaultPersistEventListener.java:175)
	at org.hibernate.event.internal.DefaultPersistEventListener.persist(DefaultPersistEventListener.java:93)
	at org.hibernate.event.internal.DefaultPersistEventListener.onPersist(DefaultPersistEventListener.java:77)
	at org.hibernate.event.internal.DefaultPersistEventListener.onPersist(DefaultPersistEventListener.java:54)
	at org.hibernate.event.service.internal.EventListenerGroupImpl.fireEventOnEachListener(EventListenerGroupImpl.java:127)
	at org.hibernate.internal.SessionImpl.firePersist(SessionImpl.java:754)
	at org.hibernate.internal.SessionImpl.persist(SessionImpl.java:738)
	at java.base/jdk.internal.reflect.DirectMethodHandleAccessor.invoke(DirectMethodHandleAccessor.java:103)
	at java.base/java.lang.reflect.Method.invoke(Method.java:580)
	at org.springframework.orm.jpa.ExtendedEntityManagerCreator$ExtendedEntityManagerInvocationHandler.invoke(ExtendedEntityManagerCreator.java:364)
	at jdk.proxy2/jdk.proxy2.$Proxy109.persist(Unknown Source)
	at java.base/jdk.internal.reflect.DirectMethodHandleAccessor.invoke(DirectMethodHandleAccessor.java:103)
	at java.base/java.lang.reflect.Method.invoke(Method.java:580)
	at org.springframework.orm.jpa.SharedEntityManagerCreator$SharedEntityManagerInvocationHandler.invoke(SharedEntityManagerCreator.java:319)
	at jdk.proxy2/jdk.proxy2.$Proxy109.persist(Unknown Source)
	at org.springframework.data.jpa.repository.support.SimpleJpaRepository.save(SimpleJpaRepository.java:618)
	at java.base/jdk.internal.reflect.DirectMethodHandleAccessor.invoke(DirectMethodHandleAccessor.java:103)
	at java.base/java.lang.reflect.Method.invoke(Method.java:580)
	at org.springframework.aop.support.AopUtils.invokeJoinpointUsingReflection(AopUtils.java:354)
	at org.springframework.data.repository.core.support.RepositoryMethodInvoker$RepositoryFragmentMethodInvoker.lambda$new$0(RepositoryMethodInvoker.java:277)
	at org.springframework.data.repository.core.support.RepositoryMethodInvoker.doInvoke(RepositoryMethodInvoker.java:170)
	at org.springframework.data.repository.core.support.RepositoryMethodInvoker.invoke(RepositoryMethodInvoker.java:158)
	at org.springframework.data.repository.core.support.RepositoryComposition$RepositoryFragments.invoke(RepositoryComposition.java:516)
	at org.springframework.data.repository.core.support.RepositoryComposition.invoke(RepositoryComposition.java:285)
	at org.springframework.data.repository.core.support.RepositoryFactorySupport$ImplementationMethodExecutionInterceptor.invoke(RepositoryFactorySupport.java:628)
	at org.springframework.aop.framework.ReflectiveMethodInvocation.proceed(ReflectiveMethodInvocation.java:184)
	at org.springframework.data.repository.core.support.QueryExecutorMethodInterceptor.doInvoke(QueryExecutorMethodInterceptor.java:168)
	at org.springframework.data.repository.core.support.QueryExecutorMethodInterceptor.invoke(QueryExecutorMethodInterceptor.java:143)
	at org.springframework.aop.framework.ReflectiveMethodInvocation.proceed(ReflectiveMethodInvocation.java:184)
	at org.springframework.data.projection.DefaultMethodInvokingMethodInterceptor.invoke(DefaultMethodInvokingMethodInterceptor.java:70)
	at org.springframework.aop.framework.ReflectiveMethodInvocation.proceed(ReflectiveMethodInvocation.java:184)
	at org.springframework.transaction.interceptor.TransactionInterceptor$1.proceedWithInvocation(TransactionInterceptor.java:123)
	at org.springframework.transaction.interceptor.TransactionAspectSupport.invokeWithinTransaction(TransactionAspectSupport.java:392)
	at org.springframework.transaction.interceptor.TransactionInterceptor.invoke(TransactionInterceptor.java:119)
	at org.springframework.aop.framework.ReflectiveMethodInvocation.proceed(ReflectiveMethodInvocation.java:184)
	at org.springframework.dao.support.PersistenceExceptionTranslationInterceptor.invoke(PersistenceExceptionTranslationInterceptor.java:137)
	at org.springframework.aop.framework.ReflectiveMethodInvocation.proceed(ReflectiveMethodInvocation.java:184)
	at org.springframework.data.jpa.repository.support.CrudMethodMetadataPostProcessor$CrudMethodMetadataPopulatingMethodInterceptor.invoke(CrudMethodMetadataPostProcessor.java:164)
	at org.springframework.aop.framework.ReflectiveMethodInvocation.proceed(ReflectiveMethodInvocation.java:184)
	at org.springframework.aop.interceptor.ExposeInvocationInterceptor.invoke(ExposeInvocationInterceptor.java:97)
	at org.springframework.aop.framework.ReflectiveMethodInvocation.proceed(ReflectiveMethodInvocation.java:184)
	at org.springframework.aop.framework.JdkDynamicAopProxy.invoke(JdkDynamicAopProxy.java:223)
	at jdk.proxy2/jdk.proxy2.$Proxy121.save(Unknown Source)
	at com.ebac.biblioteca.services.LibraryImpl.addBook(LibraryImpl.java:41)
	at com.ebac.biblioteca.controller.BookController.createBook(BookController.java:25)
	at java.base/jdk.internal.reflect.DirectMethodHandleAccessor.invoke(DirectMethodHandleAccessor.java:103)
	at java.base/java.lang.reflect.Method.invoke(Method.java:580)
	at org.springframework.web.method.support.InvocableHandlerMethod.doInvoke(InvocableHandlerMethod.java:255)
	at org.springframework.web.method.support.InvocableHandlerMethod.invokeForRequest(InvocableHandlerMethod.java:188)
	at org.springframework.web.servlet.mvc.method.annotation.ServletInvocableHandlerMethod.invokeAndHandle(ServletInvocableHandlerMethod.java:118)
	at org.springframework.web.servlet.mvc.method.annotation.RequestMappingHandlerAdapter.invokeHandlerMethod(RequestMappingHandlerAdapter.java:926)
	at org.springframework.web.servlet.mvc.method.annotation.RequestMappingHandlerAdapter.handleInternal(RequestMappingHandlerAdapter.java:831)
	at org.springframework.web.servlet.mvc.method.AbstractHandlerMethodAdapter.handle(AbstractHandlerMethodAdapter.java:87)
	at org.springframework.web.servlet.DispatcherServlet.doDispatch(DispatcherServlet.java:1089)
	at org.springframework.web.servlet.DispatcherServlet.doService(DispatcherServlet.java:979)
	at org.springframework.web.servlet.FrameworkServlet.processRequest(FrameworkServlet.java:1014)
	at org.springframework.web.servlet.FrameworkServlet.doPost(FrameworkServlet.java:914)
	at jakarta.servlet.http.HttpServlet.service(HttpServlet.java:590)
	at org.springframework.web.servlet.FrameworkServlet.service(FrameworkServlet.java:885)
	at jakarta.servlet.http.HttpServlet.service(HttpServlet.java:658)
	at org.apache.catalina.core.ApplicationFilterChain.internalDoFilter(ApplicationFilterChain.java:206)
	at org.apache.catalina.core.ApplicationFilterChain.doFilter(ApplicationFilterChain.java:150)
	at org.apache.tomcat.websocket.server.WsFilter.doFilter(WsFilter.java:51)
	at org.apache.catalina.core.ApplicationFilterChain.internalDoFilter(ApplicationFilterChain.java:175)
	at org.apache.catalina.core.ApplicationFilterChain.doFilter(ApplicationFilterChain.java:150)
	at org.springframework.web.filter.CorsFilter.doFilterInternal(CorsFilter.java:91)
	at org.springframework.web.filter.OncePerRequestFilter.doFilter(OncePerRequestFilter.java:116)
	at org.apache.catalina.core.ApplicationFilterChain.internalDoFilter(ApplicationFilterChain.java:175)
	at org.apache.catalina.core.ApplicationFilterChain.doFilter(ApplicationFilterChain.java:150)
	at org.springframework.web.filter.RequestContextFilter.doFilterInternal(RequestContextFilter.java:100)
	at org.springframework.web.filter.OncePerRequestFilter.doFilter(OncePerRequestFilter.java:116)
	at org.apache.catalina.core.ApplicationFilterChain.internalDoFilter(ApplicationFilterChain.java:175)
	at org.apache.catalina.core.ApplicationFilterChain.doFilter(ApplicationFilterChain.java:150)
	at org.springframework.web.filter.FormContentFilter.doFilterInternal(FormContentFilter.java:93)
	at org.springframework.web.filter.OncePerRequestFilter.doFilter(OncePerRequestFilter.java:116)
	at org.apache.catalina.core.ApplicationFilterChain.internalDoFilter(ApplicationFilterChain.java:175)
	at org.apache.catalina.core.ApplicationFilterChain.doFilter(ApplicationFilterChain.java:150)
	at org.springframework.web.filter.CharacterEncodingFilter.doFilterInternal(CharacterEncodingFilter.java:201)
	at org.springframework.web.filter.OncePerRequestFilter.doFilter(OncePerRequestFilter.java:116)
	at org.apache.catalina.core.ApplicationFilterChain.internalDoFilter(ApplicationFilterChain.java:175)
	at org.apache.catalina.core.ApplicationFilterChain.doFilter(ApplicationFilterChain.java:150)
	at org.apache.catalina.core.StandardWrapperValve.invoke(StandardWrapperValve.java:167)
	at org.apache.catalina.core.StandardContextValve.invoke(StandardContextValve.java:90)
	at org.apache.catalina.authenticator.AuthenticatorBase.invoke(AuthenticatorBase.java:482)
	at org.apache.catalina.core.StandardHostValve.invoke(StandardHostValve.java:115)
	at org.apache.catalina.valves.ErrorReportValve.invoke(ErrorReportValve.java:93)
	at org.apache.catalina.core.StandardEngineValve.invoke(StandardEngineValve.java:74)
	at org.apache.catalina.connector.CoyoteAdapter.service(CoyoteAdapter.java:344)
	at org.apache.coyote.http11.Http11Processor.service(Http11Processor.java:391)
	at org.apache.coyote.AbstractProcessorLight.process(AbstractProcessorLight.java:63)
	at org.apache.coyote.AbstractProtocol$ConnectionHandler.process(AbstractProtocol.java:896)
	at org.apache.tomcat.util.net.NioEndpoint$SocketProcessor.doRun(NioEndpoint.java:1736)
	at org.apache.tomcat.util.net.SocketProcessorBase.run(SocketProcessorBase.java:52)
	at org.apache.tomcat.util.threads.ThreadPoolExecutor.runWorker(ThreadPoolExecutor.java:1191)
	at org.apache.tomcat.util.threads.ThreadPoolExecutor$Worker.run(ThreadPoolExecutor.java:659)
	at org.apache.tomcat.util.threads.TaskThread$WrappingRunnable.run(TaskThread.java:63)
	at java.base/java.lang.Thread.run(Thread.java:1583)
10-01-2026 21:40:45.971 [http-nio-8084-exec-2] DEBUG org.hibernate.SQL - select ase1_0.id,ase1_0.active,ase1_0.admin_id,ase1_0.login_time,ase1_0.logout_time from admin_sessions ase1_0 where ase1_0.id=? and ase1_0.active
10-01-2026 21:40:45.973 [http-nio-8084-exec-2] DEBUG org.hibernate.SQL - select aue1_0.id,aue1_0.active,aue1_0.password,aue1_0.username from admin_users aue1_0 where aue1_0.id=?
10-01-2026 22:14:27.049 [main] INFO  com.ebac.biblioteca.Main - Starting Main using Java 21.0.6 with PID 87790 (/Users/rodrigoyaelmoralesvazquez/Desktop/EBAC/ProyectoJava/EbacLibrary/target/classes started by rodrigoyaelmoralesvazquez in /Users/rodrigoyaelmoralesvazquez/Desktop/EBAC/ProyectoJava/EbacLibrary)
10-01-2026 22:14:27.050 [main] INFO  com.ebac.biblioteca.Main - No active profile set, falling back to 1 default profile: "default"
10-01-2026 22:14:29.381 [main] INFO  com.ebac.biblioteca.Main - Started Main in 2.562 seconds (process running for 3.117)
10-01-2026 22:14:38.629 [http-nio-8084-exec-3] DEBUG org.hibernate.SQL - select ase1_0.id,ase1_0.active,ase1_0.admin_id,ase1_0.login_time,ase1_0.logout_time from admin_sessions ase1_0 where ase1_0.id=? and ase1_0.active
10-01-2026 22:14:38.646 [http-nio-8084-exec-3] DEBUG org.hibernate.SQL - select aue1_0.id,aue1_0.active,aue1_0.password,aue1_0.username from admin_users aue1_0 where aue1_0.id=?
10-01-2026 22:14:41.824 [http-nio-8084-exec-3] DEBUG org.hibernate.SQL - select ase1_0.id,ase1_0.active,ase1_0.admin_id,ase1_0.login_time,ase1_0.logout_time from admin_sessions ase1_0 where ase1_0.id=? and ase1_0.active
10-01-2026 22:14:41.836 [http-nio-8084-exec-3] DEBUG org.hibernate.SQL - select aue1_0.id,aue1_0.active,aue1_0.password,aue1_0.username from admin_users aue1_0 where aue1_0.id=?
10-01-2026 22:14:45.091 [http-nio-8084-exec-3] DEBUG org.hibernate.SQL - select ae1_0.id,ae1_0.nombre from authors ae1_0 where ae1_0.id=?
10-01-2026 22:14:45.163 [http-nio-8084-exec-3] DEBUG org.hibernate.SQL - select le1_0.id,le1_0.nombre from libraries le1_0 where le1_0.id=?
10-01-2026 22:14:50.498 [http-nio-8084-exec-3] DEBUG org.hibernate.SQL - insert into books (anio,author_id,disponible,library_id,nombre,user_id) values (?,?,?,?,?,?)
10-01-2026 22:15:22.230 [http-nio-8084-exec-4] DEBUG org.hibernate.SQL - select ase1_0.id,ase1_0.active,ase1_0.admin_id,ase1_0.login_time,ase1_0.logout_time from admin_sessions ase1_0 where ase1_0.id=? and ase1_0.active
10-01-2026 22:15:22.247 [http-nio-8084-exec-4] DEBUG org.hibernate.SQL - select aue1_0.id,aue1_0.active,aue1_0.password,aue1_0.username from admin_users aue1_0 where aue1_0.id=?
10-01-2026 22:15:22.253 [http-nio-8084-exec-4] DEBUG org.hibernate.SQL - select ase1_0.id,ase1_0.active,ase1_0.admin_id,ase1_0.login_time,ase1_0.logout_time from admin_sessions ase1_0 where ase1_0.id=? and ase1_0.active
10-01-2026 22:15:22.255 [http-nio-8084-exec-4] DEBUG org.hibernate.SQL - select aue1_0.id,aue1_0.active,aue1_0.password,aue1_0.username from admin_users aue1_0 where aue1_0.id=?
10-01-2026 22:15:22.268 [http-nio-8084-exec-4] DEBUG org.hibernate.SQL - update admin_sessions set active=?,admin_id=?,login_time=?,logout_time=? where id=?
10-01-2026 22:15:26.964 [http-nio-8084-exec-6] DEBUG org.hibernate.SQL - select aue1_0.id,aue1_0.active,aue1_0.password,aue1_0.username from admin_users aue1_0 where aue1_0.username=? and aue1_0.password=? and aue1_0.active
10-01-2026 22:15:26.976 [http-nio-8084-exec-6] DEBUG org.hibernate.SQL - insert into admin_sessions (active,admin_id,login_time,logout_time) values (?,?,?,?)
10-01-2026 22:15:53.526 [http-nio-8084-exec-9] DEBUG org.hibernate.SQL - select aue1_0.id,aue1_0.active,aue1_0.password,aue1_0.username from admin_users aue1_0 where aue1_0.username=? and aue1_0.password=? and aue1_0.active
10-01-2026 22:15:53.535 [http-nio-8084-exec-9] DEBUG org.hibernate.SQL - insert into admin_sessions (active,admin_id,login_time,logout_time) values (?,?,?,?)
10-01-2026 22:15:53.569 [http-nio-8084-exec-10] DEBUG org.hibernate.SQL - select ase1_0.id,ase1_0.active,ase1_0.admin_id,ase1_0.login_time,ase1_0.logout_time from admin_sessions ase1_0 where ase1_0.id=? and ase1_0.active
10-01-2026 22:15:53.570 [http-nio-8084-exec-8] DEBUG org.hibernate.SQL - select ase1_0.id,ase1_0.active,ase1_0.admin_id,ase1_0.login_time,ase1_0.logout_time from admin_sessions ase1_0 where ase1_0.id=? and ase1_0.active
10-01-2026 22:15:53.570 [http-nio-8084-exec-7] DEBUG org.hibernate.SQL - select ase1_0.id,ase1_0.active,ase1_0.admin_id,ase1_0.login_time,ase1_0.logout_time from admin_sessions ase1_0 where ase1_0.id=? and ase1_0.active
10-01-2026 22:15:53.574 [http-nio-8084-exec-10] DEBUG org.hibernate.SQL - select aue1_0.id,aue1_0.active,aue1_0.password,aue1_0.username from admin_users aue1_0 where aue1_0.id=?
10-01-2026 22:15:53.574 [http-nio-8084-exec-8] DEBUG org.hibernate.SQL - select aue1_0.id,aue1_0.active,aue1_0.password,aue1_0.username from admin_users aue1_0 where aue1_0.id=?
10-01-2026 22:15:53.574 [http-nio-8084-exec-7] DEBUG org.hibernate.SQL - select aue1_0.id,aue1_0.active,aue1_0.password,aue1_0.username from admin_users aue1_0 where aue1_0.id=?
10-01-2026 22:15:53.578 [http-nio-8084-exec-7] DEBUG org.hibernate.SQL - select ase1_0.id,ase1_0.active,ase1_0.admin_id,ase1_0.login_time,ase1_0.logout_time from admin_sessions ase1_0 where ase1_0.id=? and ase1_0.active
10-01-2026 22:15:53.578 [http-nio-8084-exec-8] DEBUG org.hibernate.SQL - select ase1_0.id,ase1_0.active,ase1_0.admin_id,ase1_0.login_time,ase1_0.logout_time from admin_sessions ase1_0 where ase1_0.id=? and ase1_0.active
10-01-2026 22:15:53.578 [http-nio-8084-exec-10] DEBUG org.hibernate.SQL - select ase1_0.id,ase1_0.active,ase1_0.admin_id,ase1_0.login_time,ase1_0.logout_time from admin_sessions ase1_0 where ase1_0.id=? and ase1_0.active
10-01-2026 22:15:53.579 [http-nio-8084-exec-7] DEBUG org.hibernate.SQL - select aue1_0.id,aue1_0.active,aue1_0.password,aue1_0.username from admin_users aue1_0 where aue1_0.id=?
10-01-2026 22:15:53.579 [http-nio-8084-exec-10] DEBUG org.hibernate.SQL - select aue1_0.id,aue1_0.active,aue1_0.password,aue1_0.username from admin_users aue1_0 where aue1_0.id=?
10-01-2026 22:15:53.579 [http-nio-8084-exec-8] DEBUG org.hibernate.SQL - select aue1_0.id,aue1_0.active,aue1_0.password,aue1_0.username from admin_users aue1_0 where aue1_0.id=?
10-01-2026 22:15:53.586 [http-nio-8084-exec-7] DEBUG org.hibernate.SQL - select ae1_0.id,ae1_0.nombre from authors ae1_0
10-01-2026 22:15:53.586 [http-nio-8084-exec-10] DEBUG org.hibernate.SQL - select ue1_0.id,ue1_0.nombre from users ue1_0
10-01-2026 22:15:53.586 [http-nio-8084-exec-8] DEBUG org.hibernate.SQL - select be1_0.id,be1_0.anio,be1_0.author_id,be1_0.disponible,be1_0.library_id,be1_0.nombre,be1_0.user_id from books be1_0
10-01-2026 22:15:53.587 [http-nio-8084-exec-8] DEBUG org.hibernate.SQL - select ae1_0.id,ae1_0.nombre from authors ae1_0 where ae1_0.id=?
10-01-2026 22:15:53.589 [http-nio-8084-exec-8] DEBUG org.hibernate.SQL - select le1_0.id,le1_0.nombre from libraries le1_0 where le1_0.id=?
10-01-2026 22:15:53.595 [http-nio-8084-exec-8] DEBUG org.hibernate.SQL - select ase1_0.id,ase1_0.active,ase1_0.admin_id,ase1_0.login_time,ase1_0.logout_time from admin_sessions ase1_0 where ase1_0.id=? and ase1_0.active
10-01-2026 22:15:53.595 [http-nio-8084-exec-9] DEBUG org.hibernate.SQL - select ase1_0.id,ase1_0.active,ase1_0.admin_id,ase1_0.login_time,ase1_0.logout_time from admin_sessions ase1_0 where ase1_0.id=? and ase1_0.active
10-01-2026 22:15:53.595 [http-nio-8084-exec-4] DEBUG org.hibernate.SQL - select ase1_0.id,ase1_0.active,ase1_0.admin_id,ase1_0.login_time,ase1_0.logout_time from admin_sessions ase1_0 where ase1_0.id=? and ase1_0.active
10-01-2026 22:15:53.597 [http-nio-8084-exec-4] DEBUG org.hibernate.SQL - select aue1_0.id,aue1_0.active,aue1_0.password,aue1_0.username from admin_users aue1_0 where aue1_0.id=?
10-01-2026 22:15:53.597 [http-nio-8084-exec-8] DEBUG org.hibernate.SQL - select aue1_0.id,aue1_0.active,aue1_0.password,aue1_0.username from admin_users aue1_0 where aue1_0.id=?
10-01-2026 22:15:53.597 [http-nio-8084-exec-9] DEBUG org.hibernate.SQL - select aue1_0.id,aue1_0.active,aue1_0.password,aue1_0.username from admin_users aue1_0 where aue1_0.id=?
10-01-2026 22:15:53.600 [http-nio-8084-exec-4] DEBUG org.hibernate.SQL - select ase1_0.id,ase1_0.active,ase1_0.admin_id,ase1_0.login_time,ase1_0.logout_time from admin_sessions ase1_0 where ase1_0.id=? and ase1_0.active
10-01-2026 22:15:53.600 [http-nio-8084-exec-8] DEBUG org.hibernate.SQL - select ase1_0.id,ase1_0.active,ase1_0.admin_id,ase1_0.login_time,ase1_0.logout_time from admin_sessions ase1_0 where ase1_0.id=? and ase1_0.active
10-01-2026 22:15:53.601 [http-nio-8084-exec-9] DEBUG org.hibernate.SQL - select ase1_0.id,ase1_0.active,ase1_0.admin_id,ase1_0.login_time,ase1_0.logout_time from admin_sessions ase1_0 where ase1_0.id=? and ase1_0.active
10-01-2026 22:15:53.601 [http-nio-8084-exec-9] DEBUG org.hibernate.SQL - select aue1_0.id,aue1_0.active,aue1_0.password,aue1_0.username from admin_users aue1_0 where aue1_0.id=?
10-01-2026 22:15:53.601 [http-nio-8084-exec-8] DEBUG org.hibernate.SQL - select aue1_0.id,aue1_0.active,aue1_0.password,aue1_0.username from admin_users aue1_0 where aue1_0.id=?
10-01-2026 22:15:53.601 [http-nio-8084-exec-4] DEBUG org.hibernate.SQL - select aue1_0.id,aue1_0.active,aue1_0.password,aue1_0.username from admin_users aue1_0 where aue1_0.id=?
10-01-2026 22:15:53.604 [http-nio-8084-exec-4] DEBUG org.hibernate.SQL - select ae1_0.id,ae1_0.nombre from authors ae1_0
10-01-2026 22:15:53.604 [http-nio-8084-exec-9] DEBUG org.hibernate.SQL - select ue1_0.id,ue1_0.nombre from users ue1_0
10-01-2026 22:15:53.604 [http-nio-8084-exec-8] DEBUG org.hibernate.SQL - select be1_0.id,be1_0.anio,be1_0.author_id,be1_0.disponible,be1_0.library_id,be1_0.nombre,be1_0.user_id from books be1_0
10-01-2026 22:15:53.605 [http-nio-8084-exec-8] DEBUG org.hibernate.SQL - select ae1_0.id,ae1_0.nombre from authors ae1_0 where ae1_0.id=?
10-01-2026 22:15:53.607 [http-nio-8084-exec-8] DEBUG org.hibernate.SQL - select le1_0.id,le1_0.nombre from libraries le1_0 where le1_0.id=?
10-01-2026 22:16:13.790 [http-nio-8084-exec-2] DEBUG org.hibernate.SQL - select ase1_0.id,ase1_0.active,ase1_0.admin_id,ase1_0.login_time,ase1_0.logout_time from admin_sessions ase1_0 where ase1_0.id=? and ase1_0.active
10-01-2026 22:16:13.794 [http-nio-8084-exec-2] DEBUG org.hibernate.SQL - select aue1_0.id,aue1_0.active,aue1_0.password,aue1_0.username from admin_users aue1_0 where aue1_0.id=?
10-01-2026 22:16:13.800 [http-nio-8084-exec-2] DEBUG org.hibernate.SQL - select ase1_0.id,ase1_0.active,ase1_0.admin_id,ase1_0.login_time,ase1_0.logout_time from admin_sessions ase1_0 where ase1_0.id=? and ase1_0.active
10-01-2026 22:16:13.803 [http-nio-8084-exec-2] DEBUG org.hibernate.SQL - select aue1_0.id,aue1_0.active,aue1_0.password,aue1_0.username from admin_users aue1_0 where aue1_0.id=?
10-01-2026 22:16:13.808 [http-nio-8084-exec-2] DEBUG org.hibernate.SQL - insert into users (nombre) values (?)
10-01-2026 22:38:57.288 [http-nio-8084-exec-6] DEBUG org.hibernate.SQL - select ase1_0.id,ase1_0.active,ase1_0.admin_id,ase1_0.login_time,ase1_0.logout_time from admin_sessions ase1_0 where ase1_0.id=? and ase1_0.active
10-01-2026 22:38:57.302 [http-nio-8084-exec-6] DEBUG org.hibernate.SQL - select aue1_0.id,aue1_0.active,aue1_0.password,aue1_0.username from admin_users aue1_0 where aue1_0.id=?
10-01-2026 22:38:57.309 [http-nio-8084-exec-6] DEBUG org.hibernate.SQL - select ase1_0.id,ase1_0.active,ase1_0.admin_id,ase1_0.login_time,ase1_0.logout_time from admin_sessions ase1_0 where ase1_0.id=? and ase1_0.active
10-01-2026 22:38:57.311 [http-nio-8084-exec-6] DEBUG org.hibernate.SQL - select aue1_0.id,aue1_0.active,aue1_0.password,aue1_0.username from admin_users aue1_0 where aue1_0.id=?
10-01-2026 22:38:57.316 [http-nio-8084-exec-6] DEBUG org.hibernate.SQL - update admin_sessions set active=?,admin_id=?,login_time=?,logout_time=? where id=?
10-01-2026 22:39:11.362 [http-nio-8084-exec-8] DEBUG org.hibernate.SQL - select aue1_0.id,aue1_0.active,aue1_0.password,aue1_0.username from admin_users aue1_0 where aue1_0.username=? and aue1_0.password=? and aue1_0.active
10-01-2026 22:39:11.373 [http-nio-8084-exec-8] DEBUG org.hibernate.SQL - insert into admin_sessions (active,admin_id,login_time,logout_time) values (?,?,?,?)
10-01-2026 22:39:11.410 [http-nio-8084-exec-4] DEBUG org.hibernate.SQL - select ase1_0.id,ase1_0.active,ase1_0.admin_id,ase1_0.login_time,ase1_0.logout_time from admin_sessions ase1_0 where ase1_0.id=? and ase1_0.active
10-01-2026 22:39:11.411 [http-nio-8084-exec-10] DEBUG org.hibernate.SQL - select ase1_0.id,ase1_0.active,ase1_0.admin_id,ase1_0.login_time,ase1_0.logout_time from admin_sessions ase1_0 where ase1_0.id=? and ase1_0.active
10-01-2026 22:39:11.412 [http-nio-8084-exec-5] DEBUG org.hibernate.SQL - select ase1_0.id,ase1_0.active,ase1_0.admin_id,ase1_0.login_time,ase1_0.logout_time from admin_sessions ase1_0 where ase1_0.id=? and ase1_0.active
10-01-2026 22:39:11.413 [http-nio-8084-exec-4] DEBUG org.hibernate.SQL - select aue1_0.id,aue1_0.active,aue1_0.password,aue1_0.username from admin_users aue1_0 where aue1_0.id=?
10-01-2026 22:39:11.413 [http-nio-8084-exec-10] DEBUG org.hibernate.SQL - select aue1_0.id,aue1_0.active,aue1_0.password,aue1_0.username from admin_users aue1_0 where aue1_0.id=?
10-01-2026 22:39:11.413 [http-nio-8084-exec-5] DEBUG org.hibernate.SQL - select aue1_0.id,aue1_0.active,aue1_0.password,aue1_0.username from admin_users aue1_0 where aue1_0.id=?
10-01-2026 22:39:11.415 [http-nio-8084-exec-4] DEBUG org.hibernate.SQL - select ase1_0.id,ase1_0.active,ase1_0.admin_id,ase1_0.login_time,ase1_0.logout_time from admin_sessions ase1_0 where ase1_0.id=? and ase1_0.active
10-01-2026 22:39:11.416 [http-nio-8084-exec-10] DEBUG org.hibernate.SQL - select ase1_0.id,ase1_0.active,ase1_0.admin_id,ase1_0.login_time,ase1_0.logout_time from admin_sessions ase1_0 where ase1_0.id=? and ase1_0.active
10-01-2026 22:39:11.416 [http-nio-8084-exec-5] DEBUG org.hibernate.SQL - select ase1_0.id,ase1_0.active,ase1_0.admin_id,ase1_0.login_time,ase1_0.logout_time from admin_sessions ase1_0 where ase1_0.id=? and ase1_0.active
10-01-2026 22:39:11.417 [http-nio-8084-exec-4] DEBUG org.hibernate.SQL - select aue1_0.id,aue1_0.active,aue1_0.password,aue1_0.username from admin_users aue1_0 where aue1_0.id=?
10-01-2026 22:39:11.417 [http-nio-8084-exec-10] DEBUG org.hibernate.SQL - select aue1_0.id,aue1_0.active,aue1_0.password,aue1_0.username from admin_users aue1_0 where aue1_0.id=?
10-01-2026 22:39:11.417 [http-nio-8084-exec-5] DEBUG org.hibernate.SQL - select aue1_0.id,aue1_0.active,aue1_0.password,aue1_0.username from admin_users aue1_0 where aue1_0.id=?
10-01-2026 22:39:11.420 [http-nio-8084-exec-4] DEBUG org.hibernate.SQL - select ae1_0.id,ae1_0.nombre from authors ae1_0
10-01-2026 22:39:11.420 [http-nio-8084-exec-10] DEBUG org.hibernate.SQL - select ue1_0.id,ue1_0.nombre from users ue1_0
10-01-2026 22:39:11.421 [http-nio-8084-exec-5] DEBUG org.hibernate.SQL - select be1_0.id,be1_0.anio,be1_0.author_id,be1_0.disponible,be1_0.library_id,be1_0.nombre,be1_0.user_id from books be1_0
10-01-2026 22:39:11.422 [http-nio-8084-exec-5] DEBUG org.hibernate.SQL - select ae1_0.id,ae1_0.nombre from authors ae1_0 where ae1_0.id=?
10-01-2026 22:39:11.423 [http-nio-8084-exec-5] DEBUG org.hibernate.SQL - select le1_0.id,le1_0.nombre from libraries le1_0 where le1_0.id=?
10-01-2026 22:39:11.427 [http-nio-8084-exec-8] DEBUG org.hibernate.SQL - select ase1_0.id,ase1_0.active,ase1_0.admin_id,ase1_0.login_time,ase1_0.logout_time from admin_sessions ase1_0 where ase1_0.id=? and ase1_0.active
10-01-2026 22:39:11.427 [http-nio-8084-exec-7] DEBUG org.hibernate.SQL - select ase1_0.id,ase1_0.active,ase1_0.admin_id,ase1_0.login_time,ase1_0.logout_time from admin_sessions ase1_0 where ase1_0.id=? and ase1_0.active
10-01-2026 22:39:11.429 [http-nio-8084-exec-8] DEBUG org.hibernate.SQL - select aue1_0.id,aue1_0.active,aue1_0.password,aue1_0.username from admin_users aue1_0 where aue1_0.id=?
10-01-2026 22:39:11.429 [http-nio-8084-exec-7] DEBUG org.hibernate.SQL - select aue1_0.id,aue1_0.active,aue1_0.password,aue1_0.username from admin_users aue1_0 where aue1_0.id=?
10-01-2026 22:39:11.430 [http-nio-8084-exec-2] DEBUG org.hibernate.SQL - select ase1_0.id,ase1_0.active,ase1_0.admin_id,ase1_0.login_time,ase1_0.logout_time from admin_sessions ase1_0 where ase1_0.id=? and ase1_0.active
10-01-2026 22:39:11.431 [http-nio-8084-exec-2] DEBUG org.hibernate.SQL - select aue1_0.id,aue1_0.active,aue1_0.password,aue1_0.username from admin_users aue1_0 where aue1_0.id=?
10-01-2026 22:39:11.431 [http-nio-8084-exec-8] DEBUG org.hibernate.SQL - select ase1_0.id,ase1_0.active,ase1_0.admin_id,ase1_0.login_time,ase1_0.logout_time from admin_sessions ase1_0 where ase1_0.id=? and ase1_0.active
10-01-2026 22:39:11.431 [http-nio-8084-exec-7] DEBUG org.hibernate.SQL - select ase1_0.id,ase1_0.active,ase1_0.admin_id,ase1_0.login_time,ase1_0.logout_time from admin_sessions ase1_0 where ase1_0.id=? and ase1_0.active
10-01-2026 22:39:11.432 [http-nio-8084-exec-8] DEBUG org.hibernate.SQL - select aue1_0.id,aue1_0.active,aue1_0.password,aue1_0.username from admin_users aue1_0 where aue1_0.id=?
10-01-2026 22:39:11.432 [http-nio-8084-exec-7] DEBUG org.hibernate.SQL - select aue1_0.id,aue1_0.active,aue1_0.password,aue1_0.username from admin_users aue1_0 where aue1_0.id=?
10-01-2026 22:39:11.432 [http-nio-8084-exec-2] DEBUG org.hibernate.SQL - select ase1_0.id,ase1_0.active,ase1_0.admin_id,ase1_0.login_time,ase1_0.logout_time from admin_sessions ase1_0 where ase1_0.id=? and ase1_0.active
10-01-2026 22:39:11.434 [http-nio-8084-exec-2] DEBUG org.hibernate.SQL - select aue1_0.id,aue1_0.active,aue1_0.password,aue1_0.username from admin_users aue1_0 where aue1_0.id=?
10-01-2026 22:39:11.435 [http-nio-8084-exec-7] DEBUG org.hibernate.SQL - select ue1_0.id,ue1_0.nombre from users ue1_0
10-01-2026 22:39:11.435 [http-nio-8084-exec-8] DEBUG org.hibernate.SQL - select ae1_0.id,ae1_0.nombre from authors ae1_0
10-01-2026 22:39:11.436 [http-nio-8084-exec-2] DEBUG org.hibernate.SQL - select be1_0.id,be1_0.anio,be1_0.author_id,be1_0.disponible,be1_0.library_id,be1_0.nombre,be1_0.user_id from books be1_0
10-01-2026 22:39:11.437 [http-nio-8084-exec-2] DEBUG org.hibernate.SQL - select ae1_0.id,ae1_0.nombre from authors ae1_0 where ae1_0.id=?
10-01-2026 22:39:11.438 [http-nio-8084-exec-2] DEBUG org.hibernate.SQL - select le1_0.id,le1_0.nombre from libraries le1_0 where le1_0.id=?
10-01-2026 22:39:23.306 [http-nio-8084-exec-1] DEBUG org.hibernate.SQL - select ase1_0.id,ase1_0.active,ase1_0.admin_id,ase1_0.login_time,ase1_0.logout_time from admin_sessions ase1_0 where ase1_0.id=? and ase1_0.active
10-01-2026 22:39:23.311 [http-nio-8084-exec-1] DEBUG org.hibernate.SQL - select aue1_0.id,aue1_0.active,aue1_0.password,aue1_0.username from admin_users aue1_0 where aue1_0.id=?
10-01-2026 22:39:23.320 [http-nio-8084-exec-1] DEBUG org.hibernate.SQL - select ase1_0.id,ase1_0.active,ase1_0.admin_id,ase1_0.login_time,ase1_0.logout_time from admin_sessions ase1_0 where ase1_0.id=? and ase1_0.active
10-01-2026 22:39:23.323 [http-nio-8084-exec-1] DEBUG org.hibernate.SQL - select aue1_0.id,aue1_0.active,aue1_0.password,aue1_0.username from admin_users aue1_0 where aue1_0.id=?
10-01-2026 22:39:23.328 [http-nio-8084-exec-1] DEBUG org.hibernate.SQL - insert into users (nombre) values (?)
10-01-2026 22:39:23.342 [http-nio-8084-exec-10] DEBUG org.hibernate.SQL - select ase1_0.id,ase1_0.active,ase1_0.admin_id,ase1_0.login_time,ase1_0.logout_time from admin_sessions ase1_0 where ase1_0.id=? and ase1_0.active
10-01-2026 22:39:23.344 [http-nio-8084-exec-5] DEBUG org.hibernate.SQL - select ase1_0.id,ase1_0.active,ase1_0.admin_id,ase1_0.login_time,ase1_0.logout_time from admin_sessions ase1_0 where ase1_0.id=? and ase1_0.active
10-01-2026 22:39:23.344 [http-nio-8084-exec-4] DEBUG org.hibernate.SQL - select ase1_0.id,ase1_0.active,ase1_0.admin_id,ase1_0.login_time,ase1_0.logout_time from admin_sessions ase1_0 where ase1_0.id=? and ase1_0.active
10-01-2026 22:39:23.345 [http-nio-8084-exec-10] DEBUG org.hibernate.SQL - select aue1_0.id,aue1_0.active,aue1_0.password,aue1_0.username from admin_users aue1_0 where aue1_0.id=?
10-01-2026 22:39:23.347 [http-nio-8084-exec-4] DEBUG org.hibernate.SQL - select aue1_0.id,aue1_0.active,aue1_0.password,aue1_0.username from admin_users aue1_0 where aue1_0.id=?
10-01-2026 22:39:23.347 [http-nio-8084-exec-5] DEBUG org.hibernate.SQL - select aue1_0.id,aue1_0.active,aue1_0.password,aue1_0.username from admin_users aue1_0 where aue1_0.id=?
10-01-2026 22:39:23.351 [http-nio-8084-exec-10] DEBUG org.hibernate.SQL - select ase1_0.id,ase1_0.active,ase1_0.admin_id,ase1_0.login_time,ase1_0.logout_time from admin_sessions ase1_0 where ase1_0.id=? and ase1_0.active
10-01-2026 22:39:23.354 [http-nio-8084-exec-10] DEBUG org.hibernate.SQL - select aue1_0.id,aue1_0.active,aue1_0.password,aue1_0.username from admin_users aue1_0 where aue1_0.id=?
10-01-2026 22:39:23.356 [http-nio-8084-exec-4] DEBUG org.hibernate.SQL - select ase1_0.id,ase1_0.active,ase1_0.admin_id,ase1_0.login_time,ase1_0.logout_time from admin_sessions ase1_0 where ase1_0.id=? and ase1_0.active
10-01-2026 22:39:23.356 [http-nio-8084-exec-5] DEBUG org.hibernate.SQL - select ase1_0.id,ase1_0.active,ase1_0.admin_id,ase1_0.login_time,ase1_0.logout_time from admin_sessions ase1_0 where ase1_0.id=? and ase1_0.active
10-01-2026 22:39:23.357 [http-nio-8084-exec-4] DEBUG org.hibernate.SQL - select aue1_0.id,aue1_0.active,aue1_0.password,aue1_0.username from admin_users aue1_0 where aue1_0.id=?
10-01-2026 22:39:23.357 [http-nio-8084-exec-5] DEBUG org.hibernate.SQL - select aue1_0.id,aue1_0.active,aue1_0.password,aue1_0.username from admin_users aue1_0 where aue1_0.id=?
10-01-2026 22:39:23.359 [http-nio-8084-exec-10] DEBUG org.hibernate.SQL - select ue1_0.id,ue1_0.nombre from users ue1_0
10-01-2026 22:39:23.360 [http-nio-8084-exec-4] DEBUG org.hibernate.SQL - select ae1_0.id,ae1_0.nombre from authors ae1_0
10-01-2026 22:39:23.361 [http-nio-8084-exec-5] DEBUG org.hibernate.SQL - select be1_0.id,be1_0.anio,be1_0.author_id,be1_0.disponible,be1_0.library_id,be1_0.nombre,be1_0.user_id from books be1_0
10-01-2026 22:39:23.362 [http-nio-8084-exec-5] DEBUG org.hibernate.SQL - select ae1_0.id,ae1_0.nombre from authors ae1_0 where ae1_0.id=?
10-01-2026 22:39:23.364 [http-nio-8084-exec-5] DEBUG org.hibernate.SQL - select le1_0.id,le1_0.nombre from libraries le1_0 where le1_0.id=?
10-01-2026 22:39:23.377 [http-nio-8084-exec-7] DEBUG org.hibernate.SQL - select ase1_0.id,ase1_0.active,ase1_0.admin_id,ase1_0.login_time,ase1_0.logout_time from admin_sessions ase1_0 where ase1_0.id=? and ase1_0.active
10-01-2026 22:39:23.377 [http-nio-8084-exec-8] DEBUG org.hibernate.SQL - select ase1_0.id,ase1_0.active,ase1_0.admin_id,ase1_0.login_time,ase1_0.logout_time from admin_sessions ase1_0 where ase1_0.id=? and ase1_0.active
10-01-2026 22:39:23.377 [http-nio-8084-exec-2] DEBUG org.hibernate.SQL - select ase1_0.id,ase1_0.active,ase1_0.admin_id,ase1_0.login_time,ase1_0.logout_time from admin_sessions ase1_0 where ase1_0.id=? and ase1_0.active
10-01-2026 22:39:23.380 [http-nio-8084-exec-8] DEBUG org.hibernate.SQL - select aue1_0.id,aue1_0.active,aue1_0.password,aue1_0.username from admin_users aue1_0 where aue1_0.id=?
10-01-2026 22:39:23.380 [http-nio-8084-exec-7] DEBUG org.hibernate.SQL - select aue1_0.id,aue1_0.active,aue1_0.password,aue1_0.username from admin_users aue1_0 where aue1_0.id=?
10-01-2026 22:39:23.380 [http-nio-8084-exec-2] DEBUG org.hibernate.SQL - select aue1_0.id,aue1_0.active,aue1_0.password,aue1_0.username from admin_users aue1_0 where aue1_0.id=?
10-01-2026 22:39:23.385 [http-nio-8084-exec-7] DEBUG org.hibernate.SQL - select ase1_0.id,ase1_0.active,ase1_0.admin_id,ase1_0.login_time,ase1_0.logout_time from admin_sessions ase1_0 where ase1_0.id=? and ase1_0.active
10-01-2026 22:39:23.385 [http-nio-8084-exec-8] DEBUG org.hibernate.SQL - select ase1_0.id,ase1_0.active,ase1_0.admin_id,ase1_0.login_time,ase1_0.logout_time from admin_sessions ase1_0 where ase1_0.id=? and ase1_0.active
10-01-2026 22:39:23.385 [http-nio-8084-exec-2] DEBUG org.hibernate.SQL - select ase1_0.id,ase1_0.active,ase1_0.admin_id,ase1_0.login_time,ase1_0.logout_time from admin_sessions ase1_0 where ase1_0.id=? and ase1_0.active
10-01-2026 22:39:23.387 [http-nio-8084-exec-2] DEBUG org.hibernate.SQL - select aue1_0.id,aue1_0.active,aue1_0.password,aue1_0.username from admin_users aue1_0 where aue1_0.id=?
10-01-2026 22:39:23.387 [http-nio-8084-exec-7] DEBUG org.hibernate.SQL - select aue1_0.id,aue1_0.active,aue1_0.password,aue1_0.username from admin_users aue1_0 where aue1_0.id=?
10-01-2026 22:39:23.387 [http-nio-8084-exec-8] DEBUG org.hibernate.SQL - select aue1_0.id,aue1_0.active,aue1_0.password,aue1_0.username from admin_users aue1_0 where aue1_0.id=?
10-01-2026 22:39:23.391 [http-nio-8084-exec-2] DEBUG org.hibernate.SQL - select ue1_0.id,ue1_0.nombre from users ue1_0
10-01-2026 22:39:23.392 [http-nio-8084-exec-7] DEBUG org.hibernate.SQL - select ae1_0.id,ae1_0.nombre from authors ae1_0
10-01-2026 22:39:23.392 [http-nio-8084-exec-8] DEBUG org.hibernate.SQL - select be1_0.id,be1_0.anio,be1_0.author_id,be1_0.disponible,be1_0.library_id,be1_0.nombre,be1_0.user_id from books be1_0
10-01-2026 22:39:23.393 [http-nio-8084-exec-8] DEBUG org.hibernate.SQL - select ae1_0.id,ae1_0.nombre from authors ae1_0 where ae1_0.id=?
10-01-2026 22:39:23.394 [http-nio-8084-exec-8] DEBUG org.hibernate.SQL - select le1_0.id,le1_0.nombre from libraries le1_0 where le1_0.id=?
10-01-2026 22:42:50.940 [http-nio-8084-exec-3] DEBUG org.hibernate.SQL - select aue1_0.id,aue1_0.active,aue1_0.password,aue1_0.username from admin_users aue1_0 where aue1_0.username=? and aue1_0.password=? and aue1_0.active
10-01-2026 22:42:50.959 [http-nio-8084-exec-3] DEBUG org.hibernate.SQL - insert into admin_sessions (active,admin_id,login_time,logout_time) values (?,?,?,?)
10-01-2026 22:42:51.001 [http-nio-8084-exec-9] DEBUG org.hibernate.SQL - select ase1_0.id,ase1_0.active,ase1_0.admin_id,ase1_0.login_time,ase1_0.logout_time from admin_sessions ase1_0 where ase1_0.id=? and ase1_0.active
10-01-2026 22:42:51.003 [http-nio-8084-exec-2] DEBUG org.hibernate.SQL - select ase1_0.id,ase1_0.active,ase1_0.admin_id,ase1_0.login_time,ase1_0.logout_time from admin_sessions ase1_0 where ase1_0.id=? and ase1_0.active
10-01-2026 22:42:51.003 [http-nio-8084-exec-4] DEBUG org.hibernate.SQL - select ase1_0.id,ase1_0.active,ase1_0.admin_id,ase1_0.login_time,ase1_0.logout_time from admin_sessions ase1_0 where ase1_0.id=? and ase1_0.active
10-01-2026 22:42:51.003 [http-nio-8084-exec-9] DEBUG org.hibernate.SQL - select aue1_0.id,aue1_0.active,aue1_0.password,aue1_0.username from admin_users aue1_0 where aue1_0.id=?
10-01-2026 22:42:51.005 [http-nio-8084-exec-2] DEBUG org.hibernate.SQL - select aue1_0.id,aue1_0.active,aue1_0.password,aue1_0.username from admin_users aue1_0 where aue1_0.id=?
10-01-2026 22:42:51.005 [http-nio-8084-exec-4] DEBUG org.hibernate.SQL - select aue1_0.id,aue1_0.active,aue1_0.password,aue1_0.username from admin_users aue1_0 where aue1_0.id=?
10-01-2026 22:42:51.007 [http-nio-8084-exec-9] DEBUG org.hibernate.SQL - select ase1_0.id,ase1_0.active,ase1_0.admin_id,ase1_0.login_time,ase1_0.logout_time from admin_sessions ase1_0 where ase1_0.id=? and ase1_0.active
10-01-2026 22:42:51.008 [http-nio-8084-exec-2] DEBUG org.hibernate.SQL - select ase1_0.id,ase1_0.active,ase1_0.admin_id,ase1_0.login_time,ase1_0.logout_time from admin_sessions ase1_0 where ase1_0.id=? and ase1_0.active
10-01-2026 22:42:51.008 [http-nio-8084-exec-4] DEBUG org.hibernate.SQL - select ase1_0.id,ase1_0.active,ase1_0.admin_id,ase1_0.login_time,ase1_0.logout_time from admin_sessions ase1_0 where ase1_0.id=? and ase1_0.active
10-01-2026 22:42:51.009 [http-nio-8084-exec-9] DEBUG org.hibernate.SQL - select aue1_0.id,aue1_0.active,aue1_0.password,aue1_0.username from admin_users aue1_0 where aue1_0.id=?
10-01-2026 22:42:51.009 [http-nio-8084-exec-4] DEBUG org.hibernate.SQL - select aue1_0.id,aue1_0.active,aue1_0.password,aue1_0.username from admin_users aue1_0 where aue1_0.id=?
10-01-2026 22:42:51.009 [http-nio-8084-exec-2] DEBUG org.hibernate.SQL - select aue1_0.id,aue1_0.active,aue1_0.password,aue1_0.username from admin_users aue1_0 where aue1_0.id=?
10-01-2026 22:42:51.012 [http-nio-8084-exec-4] DEBUG org.hibernate.SQL - select ue1_0.id,ue1_0.nombre from users ue1_0
10-01-2026 22:42:51.012 [http-nio-8084-exec-9] DEBUG org.hibernate.SQL - select ae1_0.id,ae1_0.nombre from authors ae1_0
10-01-2026 22:42:51.012 [http-nio-8084-exec-2] DEBUG org.hibernate.SQL - select be1_0.id,be1_0.anio,be1_0.author_id,be1_0.disponible,be1_0.library_id,be1_0.nombre,be1_0.user_id from books be1_0
10-01-2026 22:42:51.013 [http-nio-8084-exec-2] DEBUG org.hibernate.SQL - select ae1_0.id,ae1_0.nombre from authors ae1_0 where ae1_0.id=?
10-01-2026 22:42:51.016 [http-nio-8084-exec-2] DEBUG org.hibernate.SQL - select le1_0.id,le1_0.nombre from libraries le1_0 where le1_0.id=?
10-01-2026 22:42:51.026 [http-nio-8084-exec-5] DEBUG org.hibernate.SQL - select ase1_0.id,ase1_0.active,ase1_0.admin_id,ase1_0.login_time,ase1_0.logout_time from admin_sessions ase1_0 where ase1_0.id=? and ase1_0.active
10-01-2026 22:42:51.026 [http-nio-8084-exec-3] DEBUG org.hibernate.SQL - select ase1_0.id,ase1_0.active,ase1_0.admin_id,ase1_0.login_time,ase1_0.logout_time from admin_sessions ase1_0 where ase1_0.id=? and ase1_0.active
10-01-2026 22:42:51.027 [http-nio-8084-exec-1] DEBUG org.hibernate.SQL - select ase1_0.id,ase1_0.active,ase1_0.admin_id,ase1_0.login_time,ase1_0.logout_time from admin_sessions ase1_0 where ase1_0.id=? and ase1_0.active
10-01-2026 22:42:51.029 [http-nio-8084-exec-1] DEBUG org.hibernate.SQL - select aue1_0.id,aue1_0.active,aue1_0.password,aue1_0.username from admin_users aue1_0 where aue1_0.id=?
10-01-2026 22:42:51.029 [http-nio-8084-exec-3] DEBUG org.hibernate.SQL - select aue1_0.id,aue1_0.active,aue1_0.password,aue1_0.username from admin_users aue1_0 where aue1_0.id=?
10-01-2026 22:42:51.029 [http-nio-8084-exec-5] DEBUG org.hibernate.SQL - select aue1_0.id,aue1_0.active,aue1_0.password,aue1_0.username from admin_users aue1_0 where aue1_0.id=?
10-01-2026 22:42:51.033 [http-nio-8084-exec-1] DEBUG org.hibernate.SQL - select ase1_0.id,ase1_0.active,ase1_0.admin_id,ase1_0.login_time,ase1_0.logout_time from admin_sessions ase1_0 where ase1_0.id=? and ase1_0.active
10-01-2026 22:42:51.033 [http-nio-8084-exec-3] DEBUG org.hibernate.SQL - select ase1_0.id,ase1_0.active,ase1_0.admin_id,ase1_0.login_time,ase1_0.logout_time from admin_sessions ase1_0 where ase1_0.id=? and ase1_0.active
10-01-2026 22:42:51.033 [http-nio-8084-exec-5] DEBUG org.hibernate.SQL - select ase1_0.id,ase1_0.active,ase1_0.admin_id,ase1_0.login_time,ase1_0.logout_time from admin_sessions ase1_0 where ase1_0.id=? and ase1_0.active
10-01-2026 22:42:51.035 [http-nio-8084-exec-5] DEBUG org.hibernate.SQL - select aue1_0.id,aue1_0.active,aue1_0.password,aue1_0.username from admin_users aue1_0 where aue1_0.id=?
10-01-2026 22:42:51.035 [http-nio-8084-exec-3] DEBUG org.hibernate.SQL - select aue1_0.id,aue1_0.active,aue1_0.password,aue1_0.username from admin_users aue1_0 where aue1_0.id=?
10-01-2026 22:42:51.035 [http-nio-8084-exec-1] DEBUG org.hibernate.SQL - select aue1_0.id,aue1_0.active,aue1_0.password,aue1_0.username from admin_users aue1_0 where aue1_0.id=?
10-01-2026 22:42:51.039 [http-nio-8084-exec-1] DEBUG org.hibernate.SQL - select be1_0.id,be1_0.anio,be1_0.author_id,be1_0.disponible,be1_0.library_id,be1_0.nombre,be1_0.user_id from books be1_0
10-01-2026 22:42:51.039 [http-nio-8084-exec-3] DEBUG org.hibernate.SQL - select ue1_0.id,ue1_0.nombre from users ue1_0
10-01-2026 22:42:51.039 [http-nio-8084-exec-5] DEBUG org.hibernate.SQL - select ae1_0.id,ae1_0.nombre from authors ae1_0
10-01-2026 22:42:51.042 [http-nio-8084-exec-1] DEBUG org.hibernate.SQL - select ae1_0.id,ae1_0.nombre from authors ae1_0 where ae1_0.id=?
10-01-2026 22:42:51.045 [http-nio-8084-exec-1] DEBUG org.hibernate.SQL - select le1_0.id,le1_0.nombre from libraries le1_0 where le1_0.id=?
10-01-2026 22:43:01.052 [http-nio-8084-exec-7] DEBUG org.hibernate.SQL - select ase1_0.id,ase1_0.active,ase1_0.admin_id,ase1_0.login_time,ase1_0.logout_time from admin_sessions ase1_0 where ase1_0.id=? and ase1_0.active
10-01-2026 22:43:01.054 [http-nio-8084-exec-7] DEBUG org.hibernate.SQL - select aue1_0.id,aue1_0.active,aue1_0.password,aue1_0.username from admin_users aue1_0 where aue1_0.id=?
10-01-2026 22:43:01.059 [http-nio-8084-exec-7] DEBUG org.hibernate.SQL - select ase1_0.id,ase1_0.active,ase1_0.admin_id,ase1_0.login_time,ase1_0.logout_time from admin_sessions ase1_0 where ase1_0.id=? and ase1_0.active
10-01-2026 22:43:01.061 [http-nio-8084-exec-7] DEBUG org.hibernate.SQL - select aue1_0.id,aue1_0.active,aue1_0.password,aue1_0.username from admin_users aue1_0 where aue1_0.id=?
10-01-2026 22:43:01.065 [http-nio-8084-exec-7] DEBUG org.hibernate.SQL - insert into users (nombre) values (?)
10-01-2026 22:43:01.080 [http-nio-8084-exec-4] DEBUG org.hibernate.SQL - select ase1_0.id,ase1_0.active,ase1_0.admin_id,ase1_0.login_time,ase1_0.logout_time from admin_sessions ase1_0 where ase1_0.id=? and ase1_0.active
10-01-2026 22:43:01.084 [http-nio-8084-exec-9] DEBUG org.hibernate.SQL - select ase1_0.id,ase1_0.active,ase1_0.admin_id,ase1_0.login_time,ase1_0.logout_time from admin_sessions ase1_0 where ase1_0.id=? and ase1_0.active
10-01-2026 22:43:01.084 [http-nio-8084-exec-2] DEBUG org.hibernate.SQL - select ase1_0.id,ase1_0.active,ase1_0.admin_id,ase1_0.login_time,ase1_0.logout_time from admin_sessions ase1_0 where ase1_0.id=? and ase1_0.active
10-01-2026 22:43:01.085 [http-nio-8084-exec-4] DEBUG org.hibernate.SQL - select aue1_0.id,aue1_0.active,aue1_0.password,aue1_0.username from admin_users aue1_0 where aue1_0.id=?
10-01-2026 22:43:01.087 [http-nio-8084-exec-9] DEBUG org.hibernate.SQL - select aue1_0.id,aue1_0.active,aue1_0.password,aue1_0.username from admin_users aue1_0 where aue1_0.id=?
10-01-2026 22:43:01.087 [http-nio-8084-exec-2] DEBUG org.hibernate.SQL - select aue1_0.id,aue1_0.active,aue1_0.password,aue1_0.username from admin_users aue1_0 where aue1_0.id=?
10-01-2026 22:43:01.092 [http-nio-8084-exec-4] DEBUG org.hibernate.SQL - select ase1_0.id,ase1_0.active,ase1_0.admin_id,ase1_0.login_time,ase1_0.logout_time from admin_sessions ase1_0 where ase1_0.id=? and ase1_0.active
10-01-2026 22:43:01.094 [http-nio-8084-exec-9] DEBUG org.hibernate.SQL - select ase1_0.id,ase1_0.active,ase1_0.admin_id,ase1_0.login_time,ase1_0.logout_time from admin_sessions ase1_0 where ase1_0.id=? and ase1_0.active
10-01-2026 22:43:01.097 [http-nio-8084-exec-2] DEBUG org.hibernate.SQL - select ase1_0.id,ase1_0.active,ase1_0.admin_id,ase1_0.login_time,ase1_0.logout_time from admin_sessions ase1_0 where ase1_0.id=? and ase1_0.active
10-01-2026 22:43:01.099 [http-nio-8084-exec-4] DEBUG org.hibernate.SQL - select aue1_0.id,aue1_0.active,aue1_0.password,aue1_0.username from admin_users aue1_0 where aue1_0.id=?
10-01-2026 22:43:01.099 [http-nio-8084-exec-9] DEBUG org.hibernate.SQL - select aue1_0.id,aue1_0.active,aue1_0.password,aue1_0.username from admin_users aue1_0 where aue1_0.id=?
10-01-2026 22:43:01.102 [http-nio-8084-exec-2] DEBUG org.hibernate.SQL - select aue1_0.id,aue1_0.active,aue1_0.password,aue1_0.username from admin_users aue1_0 where aue1_0.id=?
10-01-2026 22:43:01.107 [http-nio-8084-exec-4] DEBUG org.hibernate.SQL - select ue1_0.id,ue1_0.nombre from users ue1_0
10-01-2026 22:43:01.109 [http-nio-8084-exec-2] DEBUG org.hibernate.SQL - select ae1_0.id,ae1_0.nombre from authors ae1_0
10-01-2026 22:43:01.109 [http-nio-8084-exec-9] DEBUG org.hibernate.SQL - select be1_0.id,be1_0.anio,be1_0.author_id,be1_0.disponible,be1_0.library_id,be1_0.nombre,be1_0.user_id from books be1_0
10-01-2026 22:43:01.110 [http-nio-8084-exec-9] DEBUG org.hibernate.SQL - select ae1_0.id,ae1_0.nombre from authors ae1_0 where ae1_0.id=?
10-01-2026 22:43:01.111 [http-nio-8084-exec-9] DEBUG org.hibernate.SQL - select le1_0.id,le1_0.nombre from libraries le1_0 where le1_0.id=?
10-01-2026 22:43:01.125 [http-nio-8084-exec-5] DEBUG org.hibernate.SQL - select ase1_0.id,ase1_0.active,ase1_0.admin_id,ase1_0.login_time,ase1_0.logout_time from admin_sessions ase1_0 where ase1_0.id=? and ase1_0.active
10-01-2026 22:43:01.126 [http-nio-8084-exec-3] DEBUG org.hibernate.SQL - select ase1_0.id,ase1_0.active,ase1_0.admin_id,ase1_0.login_time,ase1_0.logout_time from admin_sessions ase1_0 where ase1_0.id=? and ase1_0.active
10-01-2026 22:43:01.126 [http-nio-8084-exec-1] DEBUG org.hibernate.SQL - select ase1_0.id,ase1_0.active,ase1_0.admin_id,ase1_0.login_time,ase1_0.logout_time from admin_sessions ase1_0 where ase1_0.id=? and ase1_0.active
10-01-2026 22:43:01.127 [http-nio-8084-exec-1] DEBUG org.hibernate.SQL - select aue1_0.id,aue1_0.active,aue1_0.password,aue1_0.username from admin_users aue1_0 where aue1_0.id=?
10-01-2026 22:43:01.127 [http-nio-8084-exec-5] DEBUG org.hibernate.SQL - select aue1_0.id,aue1_0.active,aue1_0.password,aue1_0.username from admin_users aue1_0 where aue1_0.id=?
10-01-2026 22:43:01.127 [http-nio-8084-exec-3] DEBUG org.hibernate.SQL - select aue1_0.id,aue1_0.active,aue1_0.password,aue1_0.username from admin_users aue1_0 where aue1_0.id=?
10-01-2026 22:43:01.131 [http-nio-8084-exec-3] DEBUG org.hibernate.SQL - select ase1_0.id,ase1_0.active,ase1_0.admin_id,ase1_0.login_time,ase1_0.logout_time from admin_sessions ase1_0 where ase1_0.id=? and ase1_0.active
10-01-2026 22:43:01.131 [http-nio-8084-exec-1] DEBUG org.hibernate.SQL - select ase1_0.id,ase1_0.active,ase1_0.admin_id,ase1_0.login_time,ase1_0.logout_time from admin_sessions ase1_0 where ase1_0.id=? and ase1_0.active
10-01-2026 22:43:01.131 [http-nio-8084-exec-5] DEBUG org.hibernate.SQL - select ase1_0.id,ase1_0.active,ase1_0.admin_id,ase1_0.login_time,ase1_0.logout_time from admin_sessions ase1_0 where ase1_0.id=? and ase1_0.active
10-01-2026 22:43:01.133 [http-nio-8084-exec-1] DEBUG org.hibernate.SQL - select aue1_0.id,aue1_0.active,aue1_0.password,aue1_0.username from admin_users aue1_0 where aue1_0.id=?
10-01-2026 22:43:01.133 [http-nio-8084-exec-5] DEBUG org.hibernate.SQL - select aue1_0.id,aue1_0.active,aue1_0.password,aue1_0.username from admin_users aue1_0 where aue1_0.id=?
10-01-2026 22:43:01.133 [http-nio-8084-exec-3] DEBUG org.hibernate.SQL - select aue1_0.id,aue1_0.active,aue1_0.password,aue1_0.username from admin_users aue1_0 where aue1_0.id=?
10-01-2026 22:43:01.138 [http-nio-8084-exec-3] DEBUG org.hibernate.SQL - select ae1_0.id,ae1_0.nombre from authors ae1_0
10-01-2026 22:43:01.138 [http-nio-8084-exec-5] DEBUG org.hibernate.SQL - select be1_0.id,be1_0.anio,be1_0.author_id,be1_0.disponible,be1_0.library_id,be1_0.nombre,be1_0.user_id from books be1_0
10-01-2026 22:43:01.138 [http-nio-8084-exec-1] DEBUG org.hibernate.SQL - select ue1_0.id,ue1_0.nombre from users ue1_0
10-01-2026 22:43:01.139 [http-nio-8084-exec-5] DEBUG org.hibernate.SQL - select ae1_0.id,ae1_0.nombre from authors ae1_0 where ae1_0.id=?
10-01-2026 22:43:01.140 [http-nio-8084-exec-5] DEBUG org.hibernate.SQL - select le1_0.id,le1_0.nombre from libraries le1_0 where le1_0.id=?
10-01-2026 22:43:01.150 [http-nio-8084-exec-8] DEBUG org.hibernate.SQL - select ase1_0.id,ase1_0.active,ase1_0.admin_id,ase1_0.login_time,ase1_0.logout_time from admin_sessions ase1_0 where ase1_0.id=? and ase1_0.active
10-01-2026 22:43:01.150 [http-nio-8084-exec-10] DEBUG org.hibernate.SQL - select ase1_0.id,ase1_0.active,ase1_0.admin_id,ase1_0.login_time,ase1_0.logout_time from admin_sessions ase1_0 where ase1_0.id=? and ase1_0.active
10-01-2026 22:43:01.150 [http-nio-8084-exec-7] DEBUG org.hibernate.SQL - select ase1_0.id,ase1_0.active,ase1_0.admin_id,ase1_0.login_time,ase1_0.logout_time from admin_sessions ase1_0 where ase1_0.id=? and ase1_0.active
10-01-2026 22:43:01.152 [http-nio-8084-exec-10] DEBUG org.hibernate.SQL - select aue1_0.id,aue1_0.active,aue1_0.password,aue1_0.username from admin_users aue1_0 where aue1_0.id=?
10-01-2026 22:43:01.152 [http-nio-8084-exec-8] DEBUG org.hibernate.SQL - select aue1_0.id,aue1_0.active,aue1_0.password,aue1_0.username from admin_users aue1_0 where aue1_0.id=?
10-01-2026 22:43:01.152 [http-nio-8084-exec-7] DEBUG org.hibernate.SQL - select aue1_0.id,aue1_0.active,aue1_0.password,aue1_0.username from admin_users aue1_0 where aue1_0.id=?
10-01-2026 22:43:01.154 [http-nio-8084-exec-7] DEBUG org.hibernate.SQL - select ase1_0.id,ase1_0.active,ase1_0.admin_id,ase1_0.login_time,ase1_0.logout_time from admin_sessions ase1_0 where ase1_0.id=? and ase1_0.active
10-01-2026 22:43:01.154 [http-nio-8084-exec-10] DEBUG org.hibernate.SQL - select ase1_0.id,ase1_0.active,ase1_0.admin_id,ase1_0.login_time,ase1_0.logout_time from admin_sessions ase1_0 where ase1_0.id=? and ase1_0.active
10-01-2026 22:43:01.154 [http-nio-8084-exec-8] DEBUG org.hibernate.SQL - select ase1_0.id,ase1_0.active,ase1_0.admin_id,ase1_0.login_time,ase1_0.logout_time from admin_sessions ase1_0 where ase1_0.id=? and ase1_0.active
10-01-2026 22:43:01.156 [http-nio-8084-exec-7] DEBUG org.hibernate.SQL - select aue1_0.id,aue1_0.active,aue1_0.password,aue1_0.username from admin_users aue1_0 where aue1_0.id=?
10-01-2026 22:43:01.156 [http-nio-8084-exec-8] DEBUG org.hibernate.SQL - select aue1_0.id,aue1_0.active,aue1_0.password,aue1_0.username from admin_users aue1_0 where aue1_0.id=?
10-01-2026 22:43:01.156 [http-nio-8084-exec-10] DEBUG org.hibernate.SQL - select aue1_0.id,aue1_0.active,aue1_0.password,aue1_0.username from admin_users aue1_0 where aue1_0.id=?
10-01-2026 22:43:01.159 [http-nio-8084-exec-8] DEBUG org.hibernate.SQL - select ae1_0.id,ae1_0.nombre from authors ae1_0
10-01-2026 22:43:01.159 [http-nio-8084-exec-10] DEBUG org.hibernate.SQL - select be1_0.id,be1_0.anio,be1_0.author_id,be1_0.disponible,be1_0.library_id,be1_0.nombre,be1_0.user_id from books be1_0
10-01-2026 22:43:01.160 [http-nio-8084-exec-7] DEBUG org.hibernate.SQL - select ue1_0.id,ue1_0.nombre from users ue1_0
10-01-2026 22:43:01.160 [http-nio-8084-exec-10] DEBUG org.hibernate.SQL - select ae1_0.id,ae1_0.nombre from authors ae1_0 where ae1_0.id=?
10-01-2026 22:43:01.161 [http-nio-8084-exec-10] DEBUG org.hibernate.SQL - select le1_0.id,le1_0.nombre from libraries le1_0 where le1_0.id=?
10-01-2026 22:43:39.132 [http-nio-8084-exec-4] DEBUG org.hibernate.SQL - select ase1_0.id,ase1_0.active,ase1_0.admin_id,ase1_0.login_time,ase1_0.logout_time from admin_sessions ase1_0 where ase1_0.id=? and ase1_0.active
10-01-2026 22:43:39.135 [http-nio-8084-exec-4] DEBUG org.hibernate.SQL - select aue1_0.id,aue1_0.active,aue1_0.password,aue1_0.username from admin_users aue1_0 where aue1_0.id=?
10-01-2026 22:43:44.247 [http-nio-8084-exec-4] DEBUG org.hibernate.SQL - select ase1_0.id,ase1_0.active,ase1_0.admin_id,ase1_0.login_time,ase1_0.logout_time from admin_sessions ase1_0 where ase1_0.id=? and ase1_0.active
10-01-2026 22:43:44.252 [http-nio-8084-exec-4] DEBUG org.hibernate.SQL - select aue1_0.id,aue1_0.active,aue1_0.password,aue1_0.username from admin_users aue1_0 where aue1_0.id=?
10-01-2026 22:43:44.268 [http-nio-8084-exec-4] ERROR o.a.c.c.C.[.[.[.[dispatcherServlet] - Servlet.service() for servlet [dispatcherServlet] in context with path [] threw exception [Request processing failed: org.springframework.dao.InvalidDataAccessApiUsageException: The given id must not be null] with root cause
java.lang.IllegalArgumentException: The given id must not be null
	at org.springframework.util.Assert.notNull(Assert.java:172)
	at org.springframework.data.jpa.repository.support.SimpleJpaRepository.findById(SimpleJpaRepository.java:302)
	at java.base/jdk.internal.reflect.DirectMethodHandleAccessor.invoke(DirectMethodHandleAccessor.java:103)
	at java.base/java.lang.reflect.Method.invoke(Method.java:580)
	at org.springframework.aop.support.AopUtils.invokeJoinpointUsingReflection(AopUtils.java:354)
	at org.springframework.data.repository.core.support.RepositoryMethodInvoker$RepositoryFragmentMethodInvoker.lambda$new$0(RepositoryMethodInvoker.java:277)
	at org.springframework.data.repository.core.support.RepositoryMethodInvoker.doInvoke(RepositoryMethodInvoker.java:170)
	at org.springframework.data.repository.core.support.RepositoryMethodInvoker.invoke(RepositoryMethodInvoker.java:158)
	at org.springframework.data.repository.core.support.RepositoryComposition$RepositoryFragments.invoke(RepositoryComposition.java:516)
	at org.springframework.data.repository.core.support.RepositoryComposition.invoke(RepositoryComposition.java:285)
	at org.springframework.data.repository.core.support.RepositoryFactorySupport$ImplementationMethodExecutionInterceptor.invoke(RepositoryFactorySupport.java:628)
	at org.springframework.aop.framework.ReflectiveMethodInvocation.proceed(ReflectiveMethodInvocation.java:184)
	at org.springframework.data.repository.core.support.QueryExecutorMethodInterceptor.doInvoke(QueryExecutorMethodInterceptor.java:168)
	at org.springframework.data.repository.core.support.QueryExecutorMethodInterceptor.invoke(QueryExecutorMethodInterceptor.java:143)
	at org.springframework.aop.framework.ReflectiveMethodInvocation.proceed(ReflectiveMethodInvocation.java:184)
	at org.springframework.data.projection.DefaultMethodInvokingMethodInterceptor.invoke(DefaultMethodInvokingMethodInterceptor.java:70)
	at org.springframework.aop.framework.ReflectiveMethodInvocation.proceed(ReflectiveMethodInvocation.java:184)
	at org.springframework.transaction.interceptor.TransactionInterceptor$1.proceedWithInvocation(TransactionInterceptor.java:123)
	at org.springframework.transaction.interceptor.TransactionAspectSupport.invokeWithinTransaction(TransactionAspectSupport.java:392)
	at org.springframework.transaction.interceptor.TransactionInterceptor.invoke(TransactionInterceptor.java:119)
	at org.springframework.aop.framework.ReflectiveMethodInvocation.proceed(ReflectiveMethodInvocation.java:184)
	at org.springframework.dao.support.PersistenceExceptionTranslationInterceptor.invoke(PersistenceExceptionTranslationInterceptor.java:137)
	at org.springframework.aop.framework.ReflectiveMethodInvocation.proceed(ReflectiveMethodInvocation.java:184)
	at org.springframework.data.jpa.repository.support.CrudMethodMetadataPostProcessor$CrudMethodMetadataPopulatingMethodInterceptor.invoke(CrudMethodMetadataPostProcessor.java:164)
	at org.springframework.aop.framework.ReflectiveMethodInvocation.proceed(ReflectiveMethodInvocation.java:184)
	at org.springframework.aop.interceptor.ExposeInvocationInterceptor.invoke(ExposeInvocationInterceptor.java:97)
	at org.springframework.aop.framework.ReflectiveMethodInvocation.proceed(ReflectiveMethodInvocation.java:184)
	at org.springframework.aop.framework.JdkDynamicAopProxy.invoke(JdkDynamicAopProxy.java:223)
	at jdk.proxy2/jdk.proxy2.$Proxy122.findById(Unknown Source)
	at com.ebac.biblioteca.services.LibraryImpl.addBook(LibraryImpl.java:40)
	at com.ebac.biblioteca.controller.BookController.createBook(BookController.java:25)
	at java.base/jdk.internal.reflect.DirectMethodHandleAccessor.invoke(DirectMethodHandleAccessor.java:103)
	at java.base/java.lang.reflect.Method.invoke(Method.java:580)
	at org.springframework.web.method.support.InvocableHandlerMethod.doInvoke(InvocableHandlerMethod.java:255)
	at org.springframework.web.method.support.InvocableHandlerMethod.invokeForRequest(InvocableHandlerMethod.java:188)
	at org.springframework.web.servlet.mvc.method.annotation.ServletInvocableHandlerMethod.invokeAndHandle(ServletInvocableHandlerMethod.java:118)
	at org.springframework.web.servlet.mvc.method.annotation.RequestMappingHandlerAdapter.invokeHandlerMethod(RequestMappingHandlerAdapter.java:926)
	at org.springframework.web.servlet.mvc.method.annotation.RequestMappingHandlerAdapter.handleInternal(RequestMappingHandlerAdapter.java:831)
	at org.springframework.web.servlet.mvc.method.AbstractHandlerMethodAdapter.handle(AbstractHandlerMethodAdapter.java:87)
	at org.springframework.web.servlet.DispatcherServlet.doDispatch(DispatcherServlet.java:1089)
	at org.springframework.web.servlet.DispatcherServlet.doService(DispatcherServlet.java:979)
	at org.springframework.web.servlet.FrameworkServlet.processRequest(FrameworkServlet.java:1014)
	at org.springframework.web.servlet.FrameworkServlet.doPost(FrameworkServlet.java:914)
	at jakarta.servlet.http.HttpServlet.service(HttpServlet.java:590)
	at org.springframework.web.servlet.FrameworkServlet.service(FrameworkServlet.java:885)
	at jakarta.servlet.http.HttpServlet.service(HttpServlet.java:658)
	at org.apache.catalina.core.ApplicationFilterChain.internalDoFilter(ApplicationFilterChain.java:206)
	at org.apache.catalina.core.ApplicationFilterChain.doFilter(ApplicationFilterChain.java:150)
	at org.apache.tomcat.websocket.server.WsFilter.doFilter(WsFilter.java:51)
	at org.apache.catalina.core.ApplicationFilterChain.internalDoFilter(ApplicationFilterChain.java:175)
	at org.apache.catalina.core.ApplicationFilterChain.doFilter(ApplicationFilterChain.java:150)
	at org.springframework.web.filter.CorsFilter.doFilterInternal(CorsFilter.java:91)
	at org.springframework.web.filter.OncePerRequestFilter.doFilter(OncePerRequestFilter.java:116)
	at org.apache.catalina.core.ApplicationFilterChain.internalDoFilter(ApplicationFilterChain.java:175)
	at org.apache.catalina.core.ApplicationFilterChain.doFilter(ApplicationFilterChain.java:150)
	at org.springframework.web.filter.RequestContextFilter.doFilterInternal(RequestContextFilter.java:100)
	at org.springframework.web.filter.OncePerRequestFilter.doFilter(OncePerRequestFilter.java:116)
	at org.apache.catalina.core.ApplicationFilterChain.internalDoFilter(ApplicationFilterChain.java:175)
	at org.apache.catalina.core.ApplicationFilterChain.doFilter(ApplicationFilterChain.java:150)
	at org.springframework.web.filter.FormContentFilter.doFilterInternal(FormContentFilter.java:93)
	at org.springframework.web.filter.OncePerRequestFilter.doFilter(OncePerRequestFilter.java:116)
	at org.apache.catalina.core.ApplicationFilterChain.internalDoFilter(ApplicationFilterChain.java:175)
	at org.apache.catalina.core.ApplicationFilterChain.doFilter(ApplicationFilterChain.java:150)
	at org.springframework.web.filter.CharacterEncodingFilter.doFilterInternal(CharacterEncodingFilter.java:201)
	at org.springframework.web.filter.OncePerRequestFilter.doFilter(OncePerRequestFilter.java:116)
	at org.apache.catalina.core.ApplicationFilterChain.internalDoFilter(ApplicationFilterChain.java:175)
	at org.apache.catalina.core.ApplicationFilterChain.doFilter(ApplicationFilterChain.java:150)
	at org.apache.catalina.core.StandardWrapperValve.invoke(StandardWrapperValve.java:167)
	at org.apache.catalina.core.StandardContextValve.invoke(StandardContextValve.java:90)
	at org.apache.catalina.authenticator.AuthenticatorBase.invoke(AuthenticatorBase.java:482)
	at org.apache.catalina.core.StandardHostValve.invoke(StandardHostValve.java:115)
	at org.apache.catalina.valves.ErrorReportValve.invoke(ErrorReportValve.java:93)
	at org.apache.catalina.core.StandardEngineValve.invoke(StandardEngineValve.java:74)
	at org.apache.catalina.connector.CoyoteAdapter.service(CoyoteAdapter.java:344)
	at org.apache.coyote.http11.Http11Processor.service(Http11Processor.java:391)
	at org.apache.coyote.AbstractProcessorLight.process(AbstractProcessorLight.java:63)
	at org.apache.coyote.AbstractProtocol$ConnectionHandler.process(AbstractProtocol.java:896)
	at org.apache.tomcat.util.net.NioEndpoint$SocketProcessor.doRun(NioEndpoint.java:1736)
	at org.apache.tomcat.util.net.SocketProcessorBase.run(SocketProcessorBase.java:52)
	at org.apache.tomcat.util.threads.ThreadPoolExecutor.runWorker(ThreadPoolExecutor.java:1191)
	at org.apache.tomcat.util.threads.ThreadPoolExecutor$Worker.run(ThreadPoolExecutor.java:659)
	at org.apache.tomcat.util.threads.TaskThread$WrappingRunnable.run(TaskThread.java:63)
	at java.base/java.lang.Thread.run(Thread.java:1583)
10-01-2026 22:43:44.282 [http-nio-8084-exec-4] DEBUG org.hibernate.SQL - select ase1_0.id,ase1_0.active,ase1_0.admin_id,ase1_0.login_time,ase1_0.logout_time from admin_sessions ase1_0 where ase1_0.id=? and ase1_0.active
10-01-2026 22:43:44.284 [http-nio-8084-exec-4] DEBUG org.hibernate.SQL - select aue1_0.id,aue1_0.active,aue1_0.password,aue1_0.username from admin_users aue1_0 where aue1_0.id=?
10-01-2026 22:45:17.412 [main] INFO  com.ebac.biblioteca.Main - Starting Main using Java 21.0.6 with PID 88714 (/Users/rodrigoyaelmoralesvazquez/Desktop/EBAC/ProyectoJava/EbacLibrary/target/classes started by rodrigoyaelmoralesvazquez in /Users/rodrigoyaelmoralesvazquez/Desktop/EBAC/ProyectoJava/EbacLibrary)
10-01-2026 22:45:17.413 [main] INFO  com.ebac.biblioteca.Main - No active profile set, falling back to 1 default profile: "default"
10-01-2026 22:45:19.861 [main] INFO  com.ebac.biblioteca.Main - Started Main in 2.704 seconds (process running for 3.663)
10-01-2026 22:45:45.223 [http-nio-8084-exec-2] DEBUG org.hibernate.SQL - select ase1_0.id,ase1_0.active,ase1_0.admin_id,ase1_0.login_time,ase1_0.logout_time from admin_sessions ase1_0 where ase1_0.id=? and ase1_0.active
10-01-2026 22:45:45.246 [http-nio-8084-exec-2] DEBUG org.hibernate.SQL - select aue1_0.id,aue1_0.active,aue1_0.password,aue1_0.username from admin_users aue1_0 where aue1_0.id=?
10-01-2026 22:45:45.307 [http-nio-8084-exec-2] DEBUG org.hibernate.SQL - select ase1_0.id,ase1_0.active,ase1_0.admin_id,ase1_0.login_time,ase1_0.logout_time from admin_sessions ase1_0 where ase1_0.id=? and ase1_0.active
10-01-2026 22:45:45.309 [http-nio-8084-exec-2] DEBUG org.hibernate.SQL - select aue1_0.id,aue1_0.active,aue1_0.password,aue1_0.username from admin_users aue1_0 where aue1_0.id=?
10-01-2026 22:45:45.321 [http-nio-8084-exec-2] DEBUG org.hibernate.SQL - select ae1_0.id,ae1_0.nombre from authors ae1_0 where ae1_0.id=?
10-01-2026 22:45:45.331 [http-nio-8084-exec-2] DEBUG org.hibernate.SQL - select le1_0.id,le1_0.nombre from libraries le1_0 where le1_0.id=?
10-01-2026 22:45:50.502 [http-nio-8084-exec-2] DEBUG org.hibernate.SQL - insert into books (anio,author_id,disponible,library_id,nombre,user_id) values (?,?,?,?,?,?)
10-01-2026 22:45:50.553 [http-nio-8084-exec-6] DEBUG org.hibernate.SQL - select ase1_0.id,ase1_0.active,ase1_0.admin_id,ase1_0.login_time,ase1_0.logout_time from admin_sessions ase1_0 where ase1_0.id=? and ase1_0.active
10-01-2026 22:45:50.553 [http-nio-8084-exec-7] DEBUG org.hibernate.SQL - select ase1_0.id,ase1_0.active,ase1_0.admin_id,ase1_0.login_time,ase1_0.logout_time from admin_sessions ase1_0 where ase1_0.id=? and ase1_0.active
10-01-2026 22:45:50.554 [http-nio-8084-exec-8] DEBUG org.hibernate.SQL - select ase1_0.id,ase1_0.active,ase1_0.admin_id,ase1_0.login_time,ase1_0.logout_time from admin_sessions ase1_0 where ase1_0.id=? and ase1_0.active
10-01-2026 22:45:50.555 [http-nio-8084-exec-6] DEBUG org.hibernate.SQL - select aue1_0.id,aue1_0.active,aue1_0.password,aue1_0.username from admin_users aue1_0 where aue1_0.id=?
10-01-2026 22:45:50.555 [http-nio-8084-exec-7] DEBUG org.hibernate.SQL - select aue1_0.id,aue1_0.active,aue1_0.password,aue1_0.username from admin_users aue1_0 where aue1_0.id=?
10-01-2026 22:45:50.556 [http-nio-8084-exec-8] DEBUG org.hibernate.SQL - select aue1_0.id,aue1_0.active,aue1_0.password,aue1_0.username from admin_users aue1_0 where aue1_0.id=?
10-01-2026 22:45:50.557 [http-nio-8084-exec-6] DEBUG org.hibernate.SQL - select ase1_0.id,ase1_0.active,ase1_0.admin_id,ase1_0.login_time,ase1_0.logout_time from admin_sessions ase1_0 where ase1_0.id=? and ase1_0.active
10-01-2026 22:45:50.558 [http-nio-8084-exec-7] DEBUG org.hibernate.SQL - select ase1_0.id,ase1_0.active,ase1_0.admin_id,ase1_0.login_time,ase1_0.logout_time from admin_sessions ase1_0 where ase1_0.id=? and ase1_0.active
10-01-2026 22:45:50.559 [http-nio-8084-exec-8] DEBUG org.hibernate.SQL - select ase1_0.id,ase1_0.active,ase1_0.admin_id,ase1_0.login_time,ase1_0.logout_time from admin_sessions ase1_0 where ase1_0.id=? and ase1_0.active
10-01-2026 22:45:50.559 [http-nio-8084-exec-7] DEBUG org.hibernate.SQL - select aue1_0.id,aue1_0.active,aue1_0.password,aue1_0.username from admin_users aue1_0 where aue1_0.id=?
10-01-2026 22:45:50.559 [http-nio-8084-exec-6] DEBUG org.hibernate.SQL - select aue1_0.id,aue1_0.active,aue1_0.password,aue1_0.username from admin_users aue1_0 where aue1_0.id=?
10-01-2026 22:45:50.560 [http-nio-8084-exec-8] DEBUG org.hibernate.SQL - select aue1_0.id,aue1_0.active,aue1_0.password,aue1_0.username from admin_users aue1_0 where aue1_0.id=?
10-01-2026 22:45:50.563 [http-nio-8084-exec-6] DEBUG org.hibernate.SQL - select ae1_0.id,ae1_0.nombre from authors ae1_0
10-01-2026 22:45:50.563 [http-nio-8084-exec-8] DEBUG org.hibernate.SQL - select ue1_0.id,ue1_0.nombre from users ue1_0
10-01-2026 22:45:50.564 [http-nio-8084-exec-7] DEBUG org.hibernate.SQL - select be1_0.id,be1_0.anio,be1_0.author_id,be1_0.disponible,be1_0.library_id,be1_0.nombre,be1_0.user_id from books be1_0
10-01-2026 22:45:50.565 [http-nio-8084-exec-7] DEBUG org.hibernate.SQL - select ae1_0.id,ae1_0.nombre from authors ae1_0 where ae1_0.id=?
10-01-2026 22:45:50.566 [http-nio-8084-exec-7] DEBUG org.hibernate.SQL - select le1_0.id,le1_0.nombre from libraries le1_0 where le1_0.id=?
10-01-2026 22:45:50.568 [http-nio-8084-exec-7] DEBUG org.hibernate.SQL - select ae1_0.id,ae1_0.nombre from authors ae1_0 where ae1_0.id=?
10-01-2026 22:45:50.581 [http-nio-8084-exec-9] DEBUG org.hibernate.SQL - select ase1_0.id,ase1_0.active,ase1_0.admin_id,ase1_0.login_time,ase1_0.logout_time from admin_sessions ase1_0 where ase1_0.id=? and ase1_0.active
10-01-2026 22:45:50.583 [http-nio-8084-exec-10] DEBUG org.hibernate.SQL - select ase1_0.id,ase1_0.active,ase1_0.admin_id,ase1_0.login_time,ase1_0.logout_time from admin_sessions ase1_0 where ase1_0.id=? and ase1_0.active
10-01-2026 22:45:50.583 [http-nio-8084-exec-1] DEBUG org.hibernate.SQL - select ase1_0.id,ase1_0.active,ase1_0.admin_id,ase1_0.login_time,ase1_0.logout_time from admin_sessions ase1_0 where ase1_0.id=? and ase1_0.active
10-01-2026 22:45:50.583 [http-nio-8084-exec-9] DEBUG org.hibernate.SQL - select aue1_0.id,aue1_0.active,aue1_0.password,aue1_0.username from admin_users aue1_0 where aue1_0.id=?
10-01-2026 22:45:50.584 [http-nio-8084-exec-10] DEBUG org.hibernate.SQL - select aue1_0.id,aue1_0.active,aue1_0.password,aue1_0.username from admin_users aue1_0 where aue1_0.id=?
10-01-2026 22:45:50.584 [http-nio-8084-exec-1] DEBUG org.hibernate.SQL - select aue1_0.id,aue1_0.active,aue1_0.password,aue1_0.username from admin_users aue1_0 where aue1_0.id=?
10-01-2026 22:45:50.586 [http-nio-8084-exec-9] DEBUG org.hibernate.SQL - select ase1_0.id,ase1_0.active,ase1_0.admin_id,ase1_0.login_time,ase1_0.logout_time from admin_sessions ase1_0 where ase1_0.id=? and ase1_0.active
10-01-2026 22:45:50.586 [http-nio-8084-exec-10] DEBUG org.hibernate.SQL - select ase1_0.id,ase1_0.active,ase1_0.admin_id,ase1_0.login_time,ase1_0.logout_time from admin_sessions ase1_0 where ase1_0.id=? and ase1_0.active
10-01-2026 22:45:50.587 [http-nio-8084-exec-1] DEBUG org.hibernate.SQL - select ase1_0.id,ase1_0.active,ase1_0.admin_id,ase1_0.login_time,ase1_0.logout_time from admin_sessions ase1_0 where ase1_0.id=? and ase1_0.active
10-01-2026 22:45:50.587 [http-nio-8084-exec-9] DEBUG org.hibernate.SQL - select aue1_0.id,aue1_0.active,aue1_0.password,aue1_0.username from admin_users aue1_0 where aue1_0.id=?
10-01-2026 22:45:50.588 [http-nio-8084-exec-10] DEBUG org.hibernate.SQL - select aue1_0.id,aue1_0.active,aue1_0.password,aue1_0.username from admin_users aue1_0 where aue1_0.id=?
10-01-2026 22:45:50.588 [http-nio-8084-exec-1] DEBUG org.hibernate.SQL - select aue1_0.id,aue1_0.active,aue1_0.password,aue1_0.username from admin_users aue1_0 where aue1_0.id=?
10-01-2026 22:45:50.590 [http-nio-8084-exec-9] DEBUG org.hibernate.SQL - select ae1_0.id,ae1_0.nombre from authors ae1_0
10-01-2026 22:45:50.591 [http-nio-8084-exec-10] DEBUG org.hibernate.SQL - select be1_0.id,be1_0.anio,be1_0.author_id,be1_0.disponible,be1_0.library_id,be1_0.nombre,be1_0.user_id from books be1_0
10-01-2026 22:45:50.592 [http-nio-8084-exec-1] DEBUG org.hibernate.SQL - select ue1_0.id,ue1_0.nombre from users ue1_0
10-01-2026 22:45:50.593 [http-nio-8084-exec-10] DEBUG org.hibernate.SQL - select ae1_0.id,ae1_0.nombre from authors ae1_0 where ae1_0.id=?
10-01-2026 22:45:50.594 [http-nio-8084-exec-10] DEBUG org.hibernate.SQL - select le1_0.id,le1_0.nombre from libraries le1_0 where le1_0.id=?
10-01-2026 22:45:50.596 [http-nio-8084-exec-10] DEBUG org.hibernate.SQL - select ae1_0.id,ae1_0.nombre from authors ae1_0 where ae1_0.id=?
10-01-2026 22:45:50.610 [http-nio-8084-exec-2] DEBUG org.hibernate.SQL - select ase1_0.id,ase1_0.active,ase1_0.admin_id,ase1_0.login_time,ase1_0.logout_time from admin_sessions ase1_0 where ase1_0.id=? and ase1_0.active
10-01-2026 22:45:50.610 [http-nio-8084-exec-4] DEBUG org.hibernate.SQL - select ase1_0.id,ase1_0.active,ase1_0.admin_id,ase1_0.login_time,ase1_0.logout_time from admin_sessions ase1_0 where ase1_0.id=? and ase1_0.active
10-01-2026 22:45:50.610 [http-nio-8084-exec-3] DEBUG org.hibernate.SQL - select ase1_0.id,ase1_0.active,ase1_0.admin_id,ase1_0.login_time,ase1_0.logout_time from admin_sessions ase1_0 where ase1_0.id=? and ase1_0.active
10-01-2026 22:45:50.612 [http-nio-8084-exec-2] DEBUG org.hibernate.SQL - select aue1_0.id,aue1_0.active,aue1_0.password,aue1_0.username from admin_users aue1_0 where aue1_0.id=?
10-01-2026 22:45:50.612 [http-nio-8084-exec-3] DEBUG org.hibernate.SQL - select aue1_0.id,aue1_0.active,aue1_0.password,aue1_0.username from admin_users aue1_0 where aue1_0.id=?
10-01-2026 22:45:50.612 [http-nio-8084-exec-4] DEBUG org.hibernate.SQL - select aue1_0.id,aue1_0.active,aue1_0.password,aue1_0.username from admin_users aue1_0 where aue1_0.id=?
10-01-2026 22:45:50.614 [http-nio-8084-exec-3] DEBUG org.hibernate.SQL - select ase1_0.id,ase1_0.active,ase1_0.admin_id,ase1_0.login_time,ase1_0.logout_time from admin_sessions ase1_0 where ase1_0.id=? and ase1_0.active
10-01-2026 22:45:50.614 [http-nio-8084-exec-2] DEBUG org.hibernate.SQL - select ase1_0.id,ase1_0.active,ase1_0.admin_id,ase1_0.login_time,ase1_0.logout_time from admin_sessions ase1_0 where ase1_0.id=? and ase1_0.active
10-01-2026 22:45:50.615 [http-nio-8084-exec-4] DEBUG org.hibernate.SQL - select ase1_0.id,ase1_0.active,ase1_0.admin_id,ase1_0.login_time,ase1_0.logout_time from admin_sessions ase1_0 where ase1_0.id=? and ase1_0.active
10-01-2026 22:45:50.616 [http-nio-8084-exec-4] DEBUG org.hibernate.SQL - select aue1_0.id,aue1_0.active,aue1_0.password,aue1_0.username from admin_users aue1_0 where aue1_0.id=?
10-01-2026 22:45:50.616 [http-nio-8084-exec-2] DEBUG org.hibernate.SQL - select aue1_0.id,aue1_0.active,aue1_0.password,aue1_0.username from admin_users aue1_0 where aue1_0.id=?
10-01-2026 22:45:50.616 [http-nio-8084-exec-3] DEBUG org.hibernate.SQL - select aue1_0.id,aue1_0.active,aue1_0.password,aue1_0.username from admin_users aue1_0 where aue1_0.id=?
10-01-2026 22:45:50.619 [http-nio-8084-exec-3] DEBUG org.hibernate.SQL - select ue1_0.id,ue1_0.nombre from users ue1_0
10-01-2026 22:45:50.619 [http-nio-8084-exec-2] DEBUG org.hibernate.SQL - select ae1_0.id,ae1_0.nombre from authors ae1_0
10-01-2026 22:45:50.619 [http-nio-8084-exec-4] DEBUG org.hibernate.SQL - select be1_0.id,be1_0.anio,be1_0.author_id,be1_0.disponible,be1_0.library_id,be1_0.nombre,be1_0.user_id from books be1_0
10-01-2026 22:45:50.620 [http-nio-8084-exec-4] DEBUG org.hibernate.SQL - select ae1_0.id,ae1_0.nombre from authors ae1_0 where ae1_0.id=?
10-01-2026 22:45:50.621 [http-nio-8084-exec-4] DEBUG org.hibernate.SQL - select le1_0.id,le1_0.nombre from libraries le1_0 where le1_0.id=?
10-01-2026 22:45:50.623 [http-nio-8084-exec-4] DEBUG org.hibernate.SQL - select ae1_0.id,ae1_0.nombre from authors ae1_0 where ae1_0.id=?
10-01-2026 22:46:45.322 [http-nio-8084-exec-8] DEBUG org.hibernate.SQL - select ase1_0.id,ase1_0.active,ase1_0.admin_id,ase1_0.login_time,ase1_0.logout_time from admin_sessions ase1_0 where ase1_0.id=? and ase1_0.active
10-01-2026 22:46:45.328 [http-nio-8084-exec-8] DEBUG org.hibernate.SQL - select aue1_0.id,aue1_0.active,aue1_0.password,aue1_0.username from admin_users aue1_0 where aue1_0.id=?
10-01-2026 22:46:45.337 [http-nio-8084-exec-8] DEBUG org.hibernate.SQL - select ase1_0.id,ase1_0.active,ase1_0.admin_id,ase1_0.login_time,ase1_0.logout_time from admin_sessions ase1_0 where ase1_0.id=? and ase1_0.active
10-01-2026 22:46:45.341 [http-nio-8084-exec-8] DEBUG org.hibernate.SQL - select aue1_0.id,aue1_0.active,aue1_0.password,aue1_0.username from admin_users aue1_0 where aue1_0.id=?
10-01-2026 22:46:45.345 [http-nio-8084-exec-8] DEBUG org.hibernate.SQL - select ae1_0.id,ae1_0.nombre from authors ae1_0 where ae1_0.id=?
10-01-2026 22:46:45.350 [http-nio-8084-exec-8] DEBUG org.hibernate.SQL - select le1_0.id,le1_0.nombre from libraries le1_0 where le1_0.id=?
10-01-2026 22:46:45.355 [http-nio-8084-exec-8] DEBUG org.hibernate.SQL - insert into books (anio,author_id,disponible,library_id,nombre,user_id) values (?,?,?,?,?,?)
10-01-2026 22:46:45.376 [http-nio-8084-exec-10] DEBUG org.hibernate.SQL - select ase1_0.id,ase1_0.active,ase1_0.admin_id,ase1_0.login_time,ase1_0.logout_time from admin_sessions ase1_0 where ase1_0.id=? and ase1_0.active
10-01-2026 22:46:45.376 [http-nio-8084-exec-7] DEBUG org.hibernate.SQL - select ase1_0.id,ase1_0.active,ase1_0.admin_id,ase1_0.login_time,ase1_0.logout_time from admin_sessions ase1_0 where ase1_0.id=? and ase1_0.active
10-01-2026 22:46:45.377 [http-nio-8084-exec-1] DEBUG org.hibernate.SQL - select ase1_0.id,ase1_0.active,ase1_0.admin_id,ase1_0.login_time,ase1_0.logout_time from admin_sessions ase1_0 where ase1_0.id=? and ase1_0.active
10-01-2026 22:46:45.380 [http-nio-8084-exec-1] DEBUG org.hibernate.SQL - select aue1_0.id,aue1_0.active,aue1_0.password,aue1_0.username from admin_users aue1_0 where aue1_0.id=?
10-01-2026 22:46:45.381 [http-nio-8084-exec-7] DEBUG org.hibernate.SQL - select aue1_0.id,aue1_0.active,aue1_0.password,aue1_0.username from admin_users aue1_0 where aue1_0.id=?
10-01-2026 22:46:45.381 [http-nio-8084-exec-10] DEBUG org.hibernate.SQL - select aue1_0.id,aue1_0.active,aue1_0.password,aue1_0.username from admin_users aue1_0 where aue1_0.id=?
10-01-2026 22:46:45.383 [http-nio-8084-exec-1] DEBUG org.hibernate.SQL - select ase1_0.id,ase1_0.active,ase1_0.admin_id,ase1_0.login_time,ase1_0.logout_time from admin_sessions ase1_0 where ase1_0.id=? and ase1_0.active
10-01-2026 22:46:45.384 [http-nio-8084-exec-10] DEBUG org.hibernate.SQL - select ase1_0.id,ase1_0.active,ase1_0.admin_id,ase1_0.login_time,ase1_0.logout_time from admin_sessions ase1_0 where ase1_0.id=? and ase1_0.active
10-01-2026 22:46:45.384 [http-nio-8084-exec-7] DEBUG org.hibernate.SQL - select ase1_0.id,ase1_0.active,ase1_0.admin_id,ase1_0.login_time,ase1_0.logout_time from admin_sessions ase1_0 where ase1_0.id=? and ase1_0.active
10-01-2026 22:46:45.385 [http-nio-8084-exec-1] DEBUG org.hibernate.SQL - select aue1_0.id,aue1_0.active,aue1_0.password,aue1_0.username from admin_users aue1_0 where aue1_0.id=?
10-01-2026 22:46:45.385 [http-nio-8084-exec-10] DEBUG org.hibernate.SQL - select aue1_0.id,aue1_0.active,aue1_0.password,aue1_0.username from admin_users aue1_0 where aue1_0.id=?
10-01-2026 22:46:45.385 [http-nio-8084-exec-7] DEBUG org.hibernate.SQL - select aue1_0.id,aue1_0.active,aue1_0.password,aue1_0.username from admin_users aue1_0 where aue1_0.id=?
10-01-2026 22:46:45.388 [http-nio-8084-exec-1] DEBUG org.hibernate.SQL - select ae1_0.id,ae1_0.nombre from authors ae1_0
10-01-2026 22:46:45.388 [http-nio-8084-exec-10] DEBUG org.hibernate.SQL - select ue1_0.id,ue1_0.nombre from users ue1_0
10-01-2026 22:46:45.388 [http-nio-8084-exec-7] DEBUG org.hibernate.SQL - select be1_0.id,be1_0.anio,be1_0.author_id,be1_0.disponible,be1_0.library_id,be1_0.nombre,be1_0.user_id from books be1_0
10-01-2026 22:46:45.390 [http-nio-8084-exec-7] DEBUG org.hibernate.SQL - select ae1_0.id,ae1_0.nombre from authors ae1_0 where ae1_0.id=?
10-01-2026 22:46:45.391 [http-nio-8084-exec-7] DEBUG org.hibernate.SQL - select le1_0.id,le1_0.nombre from libraries le1_0 where le1_0.id=?
10-01-2026 22:46:45.392 [http-nio-8084-exec-7] DEBUG org.hibernate.SQL - select ae1_0.id,ae1_0.nombre from authors ae1_0 where ae1_0.id=?
10-01-2026 22:46:45.394 [http-nio-8084-exec-7] DEBUG org.hibernate.SQL - select ae1_0.id,ae1_0.nombre from authors ae1_0 where ae1_0.id=?
10-01-2026 22:46:45.403 [http-nio-8084-exec-3] DEBUG org.hibernate.SQL - select ase1_0.id,ase1_0.active,ase1_0.admin_id,ase1_0.login_time,ase1_0.logout_time from admin_sessions ase1_0 where ase1_0.id=? and ase1_0.active
10-01-2026 22:46:45.403 [http-nio-8084-exec-2] DEBUG org.hibernate.SQL - select ase1_0.id,ase1_0.active,ase1_0.admin_id,ase1_0.login_time,ase1_0.logout_time from admin_sessions ase1_0 where ase1_0.id=? and ase1_0.active
10-01-2026 22:46:45.403 [http-nio-8084-exec-4] DEBUG org.hibernate.SQL - select ase1_0.id,ase1_0.active,ase1_0.admin_id,ase1_0.login_time,ase1_0.logout_time from admin_sessions ase1_0 where ase1_0.id=? and ase1_0.active
10-01-2026 22:46:45.405 [http-nio-8084-exec-3] DEBUG org.hibernate.SQL - select aue1_0.id,aue1_0.active,aue1_0.password,aue1_0.username from admin_users aue1_0 where aue1_0.id=?
10-01-2026 22:46:45.405 [http-nio-8084-exec-2] DEBUG org.hibernate.SQL - select aue1_0.id,aue1_0.active,aue1_0.password,aue1_0.username from admin_users aue1_0 where aue1_0.id=?
10-01-2026 22:46:45.405 [http-nio-8084-exec-4] DEBUG org.hibernate.SQL - select aue1_0.id,aue1_0.active,aue1_0.password,aue1_0.username from admin_users aue1_0 where aue1_0.id=?
10-01-2026 22:46:45.409 [http-nio-8084-exec-3] DEBUG org.hibernate.SQL - select ase1_0.id,ase1_0.active,ase1_0.admin_id,ase1_0.login_time,ase1_0.logout_time from admin_sessions ase1_0 where ase1_0.id=? and ase1_0.active
10-01-2026 22:46:45.409 [http-nio-8084-exec-4] DEBUG org.hibernate.SQL - select ase1_0.id,ase1_0.active,ase1_0.admin_id,ase1_0.login_time,ase1_0.logout_time from admin_sessions ase1_0 where ase1_0.id=? and ase1_0.active
10-01-2026 22:46:45.409 [http-nio-8084-exec-2] DEBUG org.hibernate.SQL - select ase1_0.id,ase1_0.active,ase1_0.admin_id,ase1_0.login_time,ase1_0.logout_time from admin_sessions ase1_0 where ase1_0.id=? and ase1_0.active
10-01-2026 22:46:45.411 [http-nio-8084-exec-2] DEBUG org.hibernate.SQL - select aue1_0.id,aue1_0.active,aue1_0.password,aue1_0.username from admin_users aue1_0 where aue1_0.id=?
10-01-2026 22:46:45.411 [http-nio-8084-exec-4] DEBUG org.hibernate.SQL - select aue1_0.id,aue1_0.active,aue1_0.password,aue1_0.username from admin_users aue1_0 where aue1_0.id=?
10-01-2026 22:46:45.411 [http-nio-8084-exec-3] DEBUG org.hibernate.SQL - select aue1_0.id,aue1_0.active,aue1_0.password,aue1_0.username from admin_users aue1_0 where aue1_0.id=?
10-01-2026 22:46:45.414 [http-nio-8084-exec-2] DEBUG org.hibernate.SQL - select ae1_0.id,ae1_0.nombre from authors ae1_0
10-01-2026 22:46:45.414 [http-nio-8084-exec-4] DEBUG org.hibernate.SQL - select ue1_0.id,ue1_0.nombre from users ue1_0
10-01-2026 22:46:45.415 [http-nio-8084-exec-3] DEBUG org.hibernate.SQL - select be1_0.id,be1_0.anio,be1_0.author_id,be1_0.disponible,be1_0.library_id,be1_0.nombre,be1_0.user_id from books be1_0
10-01-2026 22:46:45.416 [http-nio-8084-exec-3] DEBUG org.hibernate.SQL - select ae1_0.id,ae1_0.nombre from authors ae1_0 where ae1_0.id=?
10-01-2026 22:46:45.417 [http-nio-8084-exec-3] DEBUG org.hibernate.SQL - select le1_0.id,le1_0.nombre from libraries le1_0 where le1_0.id=?
10-01-2026 22:46:45.418 [http-nio-8084-exec-3] DEBUG org.hibernate.SQL - select ae1_0.id,ae1_0.nombre from authors ae1_0 where ae1_0.id=?
10-01-2026 22:46:45.419 [http-nio-8084-exec-3] DEBUG org.hibernate.SQL - select ae1_0.id,ae1_0.nombre from authors ae1_0 where ae1_0.id=?
10-01-2026 22:46:45.428 [http-nio-8084-exec-8] DEBUG org.hibernate.SQL - select ase1_0.id,ase1_0.active,ase1_0.admin_id,ase1_0.login_time,ase1_0.logout_time from admin_sessions ase1_0 where ase1_0.id=? and ase1_0.active
10-01-2026 22:46:45.428 [http-nio-8084-exec-6] DEBUG org.hibernate.SQL - select ase1_0.id,ase1_0.active,ase1_0.admin_id,ase1_0.login_time,ase1_0.logout_time from admin_sessions ase1_0 where ase1_0.id=? and ase1_0.active
10-01-2026 22:46:45.428 [http-nio-8084-exec-5] DEBUG org.hibernate.SQL - select ase1_0.id,ase1_0.active,ase1_0.admin_id,ase1_0.login_time,ase1_0.logout_time from admin_sessions ase1_0 where ase1_0.id=? and ase1_0.active
10-01-2026 22:46:45.430 [http-nio-8084-exec-8] DEBUG org.hibernate.SQL - select aue1_0.id,aue1_0.active,aue1_0.password,aue1_0.username from admin_users aue1_0 where aue1_0.id=?
10-01-2026 22:46:45.430 [http-nio-8084-exec-6] DEBUG org.hibernate.SQL - select aue1_0.id,aue1_0.active,aue1_0.password,aue1_0.username from admin_users aue1_0 where aue1_0.id=?
10-01-2026 22:46:45.430 [http-nio-8084-exec-5] DEBUG org.hibernate.SQL - select aue1_0.id,aue1_0.active,aue1_0.password,aue1_0.username from admin_users aue1_0 where aue1_0.id=?
10-01-2026 22:46:45.432 [http-nio-8084-exec-6] DEBUG org.hibernate.SQL - select ase1_0.id,ase1_0.active,ase1_0.admin_id,ase1_0.login_time,ase1_0.logout_time from admin_sessions ase1_0 where ase1_0.id=? and ase1_0.active
10-01-2026 22:46:45.433 [http-nio-8084-exec-8] DEBUG org.hibernate.SQL - select ase1_0.id,ase1_0.active,ase1_0.admin_id,ase1_0.login_time,ase1_0.logout_time from admin_sessions ase1_0 where ase1_0.id=? and ase1_0.active
10-01-2026 22:46:45.433 [http-nio-8084-exec-5] DEBUG org.hibernate.SQL - select ase1_0.id,ase1_0.active,ase1_0.admin_id,ase1_0.login_time,ase1_0.logout_time from admin_sessions ase1_0 where ase1_0.id=? and ase1_0.active
10-01-2026 22:46:45.434 [http-nio-8084-exec-8] DEBUG org.hibernate.SQL - select aue1_0.id,aue1_0.active,aue1_0.password,aue1_0.username from admin_users aue1_0 where aue1_0.id=?
10-01-2026 22:46:45.434 [http-nio-8084-exec-6] DEBUG org.hibernate.SQL - select aue1_0.id,aue1_0.active,aue1_0.password,aue1_0.username from admin_users aue1_0 where aue1_0.id=?
10-01-2026 22:46:45.434 [http-nio-8084-exec-5] DEBUG org.hibernate.SQL - select aue1_0.id,aue1_0.active,aue1_0.password,aue1_0.username from admin_users aue1_0 where aue1_0.id=?
10-01-2026 22:46:45.436 [http-nio-8084-exec-8] DEBUG org.hibernate.SQL - select be1_0.id,be1_0.anio,be1_0.author_id,be1_0.disponible,be1_0.library_id,be1_0.nombre,be1_0.user_id from books be1_0
10-01-2026 22:46:45.436 [http-nio-8084-exec-5] DEBUG org.hibernate.SQL - select ae1_0.id,ae1_0.nombre from authors ae1_0
10-01-2026 22:46:45.436 [http-nio-8084-exec-6] DEBUG org.hibernate.SQL - select ue1_0.id,ue1_0.nombre from users ue1_0
10-01-2026 22:46:45.438 [http-nio-8084-exec-8] DEBUG org.hibernate.SQL - select ae1_0.id,ae1_0.nombre from authors ae1_0 where ae1_0.id=?
10-01-2026 22:46:45.440 [http-nio-8084-exec-8] DEBUG org.hibernate.SQL - select le1_0.id,le1_0.nombre from libraries le1_0 where le1_0.id=?
10-01-2026 22:46:45.441 [http-nio-8084-exec-8] DEBUG org.hibernate.SQL - select ae1_0.id,ae1_0.nombre from authors ae1_0 where ae1_0.id=?
10-01-2026 22:46:45.443 [http-nio-8084-exec-8] DEBUG org.hibernate.SQL - select ae1_0.id,ae1_0.nombre from authors ae1_0 where ae1_0.id=?
10-01-2026 22:47:03.138 [http-nio-8084-exec-10] DEBUG org.hibernate.SQL - select ase1_0.id,ase1_0.active,ase1_0.admin_id,ase1_0.login_time,ase1_0.logout_time from admin_sessions ase1_0 where ase1_0.id=? and ase1_0.active
10-01-2026 22:47:03.142 [http-nio-8084-exec-10] DEBUG org.hibernate.SQL - select aue1_0.id,aue1_0.active,aue1_0.password,aue1_0.username from admin_users aue1_0 where aue1_0.id=?
10-01-2026 22:47:03.153 [http-nio-8084-exec-10] DEBUG org.hibernate.SQL - select ase1_0.id,ase1_0.active,ase1_0.admin_id,ase1_0.login_time,ase1_0.logout_time from admin_sessions ase1_0 where ase1_0.id=? and ase1_0.active
10-01-2026 22:47:03.156 [http-nio-8084-exec-10] DEBUG org.hibernate.SQL - select aue1_0.id,aue1_0.active,aue1_0.password,aue1_0.username from admin_users aue1_0 where aue1_0.id=?
10-01-2026 22:47:03.160 [http-nio-8084-exec-10] DEBUG org.hibernate.SQL - insert into authors (nombre) values (?)
10-01-2026 22:47:03.174 [http-nio-8084-exec-1] DEBUG org.hibernate.SQL - select ase1_0.id,ase1_0.active,ase1_0.admin_id,ase1_0.login_time,ase1_0.logout_time from admin_sessions ase1_0 where ase1_0.id=? and ase1_0.active
10-01-2026 22:47:03.175 [http-nio-8084-exec-2] DEBUG org.hibernate.SQL - select ase1_0.id,ase1_0.active,ase1_0.admin_id,ase1_0.login_time,ase1_0.logout_time from admin_sessions ase1_0 where ase1_0.id=? and ase1_0.active
10-01-2026 22:47:03.175 [http-nio-8084-exec-3] DEBUG org.hibernate.SQL - select ase1_0.id,ase1_0.active,ase1_0.admin_id,ase1_0.login_time,ase1_0.logout_time from admin_sessions ase1_0 where ase1_0.id=? and ase1_0.active
10-01-2026 22:47:03.177 [http-nio-8084-exec-2] DEBUG org.hibernate.SQL - select aue1_0.id,aue1_0.active,aue1_0.password,aue1_0.username from admin_users aue1_0 where aue1_0.id=?
10-01-2026 22:47:03.177 [http-nio-8084-exec-1] DEBUG org.hibernate.SQL - select aue1_0.id,aue1_0.active,aue1_0.password,aue1_0.username from admin_users aue1_0 where aue1_0.id=?
10-01-2026 22:47:03.177 [http-nio-8084-exec-3] DEBUG org.hibernate.SQL - select aue1_0.id,aue1_0.active,aue1_0.password,aue1_0.username from admin_users aue1_0 where aue1_0.id=?
10-01-2026 22:47:03.179 [http-nio-8084-exec-2] DEBUG org.hibernate.SQL - select ase1_0.id,ase1_0.active,ase1_0.admin_id,ase1_0.login_time,ase1_0.logout_time from admin_sessions ase1_0 where ase1_0.id=? and ase1_0.active
10-01-2026 22:47:03.179 [http-nio-8084-exec-1] DEBUG org.hibernate.SQL - select ase1_0.id,ase1_0.active,ase1_0.admin_id,ase1_0.login_time,ase1_0.logout_time from admin_sessions ase1_0 where ase1_0.id=? and ase1_0.active
10-01-2026 22:47:03.180 [http-nio-8084-exec-3] DEBUG org.hibernate.SQL - select ase1_0.id,ase1_0.active,ase1_0.admin_id,ase1_0.login_time,ase1_0.logout_time from admin_sessions ase1_0 where ase1_0.id=? and ase1_0.active
10-01-2026 22:47:03.180 [http-nio-8084-exec-1] DEBUG org.hibernate.SQL - select aue1_0.id,aue1_0.active,aue1_0.password,aue1_0.username from admin_users aue1_0 where aue1_0.id=?
10-01-2026 22:47:03.180 [http-nio-8084-exec-2] DEBUG org.hibernate.SQL - select aue1_0.id,aue1_0.active,aue1_0.password,aue1_0.username from admin_users aue1_0 where aue1_0.id=?
10-01-2026 22:47:03.181 [http-nio-8084-exec-3] DEBUG org.hibernate.SQL - select aue1_0.id,aue1_0.active,aue1_0.password,aue1_0.username from admin_users aue1_0 where aue1_0.id=?
10-01-2026 22:47:03.183 [http-nio-8084-exec-1] DEBUG org.hibernate.SQL - select ae1_0.id,ae1_0.nombre from authors ae1_0
10-01-2026 22:47:03.183 [http-nio-8084-exec-3] DEBUG org.hibernate.SQL - select ue1_0.id,ue1_0.nombre from users ue1_0
10-01-2026 22:47:03.183 [http-nio-8084-exec-2] DEBUG org.hibernate.SQL - select be1_0.id,be1_0.anio,be1_0.author_id,be1_0.disponible,be1_0.library_id,be1_0.nombre,be1_0.user_id from books be1_0
10-01-2026 22:47:03.184 [http-nio-8084-exec-2] DEBUG org.hibernate.SQL - select ae1_0.id,ae1_0.nombre from authors ae1_0 where ae1_0.id=?
10-01-2026 22:47:03.185 [http-nio-8084-exec-2] DEBUG org.hibernate.SQL - select le1_0.id,le1_0.nombre from libraries le1_0 where le1_0.id=?
10-01-2026 22:47:03.186 [http-nio-8084-exec-2] DEBUG org.hibernate.SQL - select ae1_0.id,ae1_0.nombre from authors ae1_0 where ae1_0.id=?
10-01-2026 22:47:03.188 [http-nio-8084-exec-2] DEBUG org.hibernate.SQL - select ae1_0.id,ae1_0.nombre from authors ae1_0 where ae1_0.id=?
10-01-2026 22:47:03.196 [http-nio-8084-exec-8] DEBUG org.hibernate.SQL - select ase1_0.id,ase1_0.active,ase1_0.admin_id,ase1_0.login_time,ase1_0.logout_time from admin_sessions ase1_0 where ase1_0.id=? and ase1_0.active
10-01-2026 22:47:03.197 [http-nio-8084-exec-6] DEBUG org.hibernate.SQL - select ase1_0.id,ase1_0.active,ase1_0.admin_id,ase1_0.login_time,ase1_0.logout_time from admin_sessions ase1_0 where ase1_0.id=? and ase1_0.active
10-01-2026 22:47:03.197 [http-nio-8084-exec-5] DEBUG org.hibernate.SQL - select ase1_0.id,ase1_0.active,ase1_0.admin_id,ase1_0.login_time,ase1_0.logout_time from admin_sessions ase1_0 where ase1_0.id=? and ase1_0.active
10-01-2026 22:47:03.199 [http-nio-8084-exec-5] DEBUG org.hibernate.SQL - select aue1_0.id,aue1_0.active,aue1_0.password,aue1_0.username from admin_users aue1_0 where aue1_0.id=?
10-01-2026 22:47:03.199 [http-nio-8084-exec-6] DEBUG org.hibernate.SQL - select aue1_0.id,aue1_0.active,aue1_0.password,aue1_0.username from admin_users aue1_0 where aue1_0.id=?
10-01-2026 22:47:03.199 [http-nio-8084-exec-8] DEBUG org.hibernate.SQL - select aue1_0.id,aue1_0.active,aue1_0.password,aue1_0.username from admin_users aue1_0 where aue1_0.id=?
10-01-2026 22:47:03.201 [http-nio-8084-exec-5] DEBUG org.hibernate.SQL - select ase1_0.id,ase1_0.active,ase1_0.admin_id,ase1_0.login_time,ase1_0.logout_time from admin_sessions ase1_0 where ase1_0.id=? and ase1_0.active
10-01-2026 22:47:03.201 [http-nio-8084-exec-6] DEBUG org.hibernate.SQL - select ase1_0.id,ase1_0.active,ase1_0.admin_id,ase1_0.login_time,ase1_0.logout_time from admin_sessions ase1_0 where ase1_0.id=? and ase1_0.active
10-01-2026 22:47:03.201 [http-nio-8084-exec-8] DEBUG org.hibernate.SQL - select ase1_0.id,ase1_0.active,ase1_0.admin_id,ase1_0.login_time,ase1_0.logout_time from admin_sessions ase1_0 where ase1_0.id=? and ase1_0.active
10-01-2026 22:47:03.203 [http-nio-8084-exec-8] DEBUG org.hibernate.SQL - select aue1_0.id,aue1_0.active,aue1_0.password,aue1_0.username from admin_users aue1_0 where aue1_0.id=?
10-01-2026 22:47:03.203 [http-nio-8084-exec-6] DEBUG org.hibernate.SQL - select aue1_0.id,aue1_0.active,aue1_0.password,aue1_0.username from admin_users aue1_0 where aue1_0.id=?
10-01-2026 22:47:03.203 [http-nio-8084-exec-5] DEBUG org.hibernate.SQL - select aue1_0.id,aue1_0.active,aue1_0.password,aue1_0.username from admin_users aue1_0 where aue1_0.id=?
10-01-2026 22:47:03.206 [http-nio-8084-exec-8] DEBUG org.hibernate.SQL - select ue1_0.id,ue1_0.nombre from users ue1_0
10-01-2026 22:47:03.206 [http-nio-8084-exec-5] DEBUG org.hibernate.SQL - select be1_0.id,be1_0.anio,be1_0.author_id,be1_0.disponible,be1_0.library_id,be1_0.nombre,be1_0.user_id from books be1_0
10-01-2026 22:47:03.206 [http-nio-8084-exec-6] DEBUG org.hibernate.SQL - select ae1_0.id,ae1_0.nombre from authors ae1_0
10-01-2026 22:47:03.207 [http-nio-8084-exec-5] DEBUG org.hibernate.SQL - select ae1_0.id,ae1_0.nombre from authors ae1_0 where ae1_0.id=?
10-01-2026 22:47:03.208 [http-nio-8084-exec-5] DEBUG org.hibernate.SQL - select le1_0.id,le1_0.nombre from libraries le1_0 where le1_0.id=?
10-01-2026 22:47:03.209 [http-nio-8084-exec-5] DEBUG org.hibernate.SQL - select ae1_0.id,ae1_0.nombre from authors ae1_0 where ae1_0.id=?
10-01-2026 22:47:03.212 [http-nio-8084-exec-5] DEBUG org.hibernate.SQL - select ae1_0.id,ae1_0.nombre from authors ae1_0 where ae1_0.id=?
10-01-2026 22:47:03.220 [http-nio-8084-exec-9] DEBUG org.hibernate.SQL - select ase1_0.id,ase1_0.active,ase1_0.admin_id,ase1_0.login_time,ase1_0.logout_time from admin_sessions ase1_0 where ase1_0.id=? and ase1_0.active
10-01-2026 22:47:03.221 [http-nio-8084-exec-4] DEBUG org.hibernate.SQL - select ase1_0.id,ase1_0.active,ase1_0.admin_id,ase1_0.login_time,ase1_0.logout_time from admin_sessions ase1_0 where ase1_0.id=? and ase1_0.active
10-01-2026 22:47:03.221 [http-nio-8084-exec-10] DEBUG org.hibernate.SQL - select ase1_0.id,ase1_0.active,ase1_0.admin_id,ase1_0.login_time,ase1_0.logout_time from admin_sessions ase1_0 where ase1_0.id=? and ase1_0.active
10-01-2026 22:47:03.223 [http-nio-8084-exec-10] DEBUG org.hibernate.SQL - select aue1_0.id,aue1_0.active,aue1_0.password,aue1_0.username from admin_users aue1_0 where aue1_0.id=?
10-01-2026 22:47:03.223 [http-nio-8084-exec-9] DEBUG org.hibernate.SQL - select aue1_0.id,aue1_0.active,aue1_0.password,aue1_0.username from admin_users aue1_0 where aue1_0.id=?
10-01-2026 22:47:03.223 [http-nio-8084-exec-4] DEBUG org.hibernate.SQL - select aue1_0.id,aue1_0.active,aue1_0.password,aue1_0.username from admin_users aue1_0 where aue1_0.id=?
10-01-2026 22:47:03.225 [http-nio-8084-exec-10] DEBUG org.hibernate.SQL - select ase1_0.id,ase1_0.active,ase1_0.admin_id,ase1_0.login_time,ase1_0.logout_time from admin_sessions ase1_0 where ase1_0.id=? and ase1_0.active
10-01-2026 22:47:03.225 [http-nio-8084-exec-4] DEBUG org.hibernate.SQL - select ase1_0.id,ase1_0.active,ase1_0.admin_id,ase1_0.login_time,ase1_0.logout_time from admin_sessions ase1_0 where ase1_0.id=? and ase1_0.active
10-01-2026 22:47:03.225 [http-nio-8084-exec-9] DEBUG org.hibernate.SQL - select ase1_0.id,ase1_0.active,ase1_0.admin_id,ase1_0.login_time,ase1_0.logout_time from admin_sessions ase1_0 where ase1_0.id=? and ase1_0.active
10-01-2026 22:47:03.226 [http-nio-8084-exec-4] DEBUG org.hibernate.SQL - select aue1_0.id,aue1_0.active,aue1_0.password,aue1_0.username from admin_users aue1_0 where aue1_0.id=?
10-01-2026 22:47:03.226 [http-nio-8084-exec-9] DEBUG org.hibernate.SQL - select aue1_0.id,aue1_0.active,aue1_0.password,aue1_0.username from admin_users aue1_0 where aue1_0.id=?
10-01-2026 22:47:03.226 [http-nio-8084-exec-10] DEBUG org.hibernate.SQL - select aue1_0.id,aue1_0.active,aue1_0.password,aue1_0.username from admin_users aue1_0 where aue1_0.id=?
10-01-2026 22:47:03.228 [http-nio-8084-exec-9] DEBUG org.hibernate.SQL - select ae1_0.id,ae1_0.nombre from authors ae1_0
10-01-2026 22:47:03.228 [http-nio-8084-exec-4] DEBUG org.hibernate.SQL - select ue1_0.id,ue1_0.nombre from users ue1_0
10-01-2026 22:47:03.228 [http-nio-8084-exec-10] DEBUG org.hibernate.SQL - select be1_0.id,be1_0.anio,be1_0.author_id,be1_0.disponible,be1_0.library_id,be1_0.nombre,be1_0.user_id from books be1_0
10-01-2026 22:47:03.229 [http-nio-8084-exec-10] DEBUG org.hibernate.SQL - select ae1_0.id,ae1_0.nombre from authors ae1_0 where ae1_0.id=?
10-01-2026 22:47:03.230 [http-nio-8084-exec-10] DEBUG org.hibernate.SQL - select le1_0.id,le1_0.nombre from libraries le1_0 where le1_0.id=?
10-01-2026 22:47:03.231 [http-nio-8084-exec-10] DEBUG org.hibernate.SQL - select ae1_0.id,ae1_0.nombre from authors ae1_0 where ae1_0.id=?
10-01-2026 22:47:03.233 [http-nio-8084-exec-10] DEBUG org.hibernate.SQL - select ae1_0.id,ae1_0.nombre from authors ae1_0 where ae1_0.id=?
10-01-2026 22:47:13.138 [http-nio-8084-exec-3] DEBUG org.hibernate.SQL - select ase1_0.id,ase1_0.active,ase1_0.admin_id,ase1_0.login_time,ase1_0.logout_time from admin_sessions ase1_0 where ase1_0.id=? and ase1_0.active
10-01-2026 22:47:13.143 [http-nio-8084-exec-3] DEBUG org.hibernate.SQL - select aue1_0.id,aue1_0.active,aue1_0.password,aue1_0.username from admin_users aue1_0 where aue1_0.id=?
10-01-2026 22:47:13.150 [http-nio-8084-exec-3] DEBUG org.hibernate.SQL - select ase1_0.id,ase1_0.active,ase1_0.admin_id,ase1_0.login_time,ase1_0.logout_time from admin_sessions ase1_0 where ase1_0.id=? and ase1_0.active
10-01-2026 22:47:13.153 [http-nio-8084-exec-3] DEBUG org.hibernate.SQL - select aue1_0.id,aue1_0.active,aue1_0.password,aue1_0.username from admin_users aue1_0 where aue1_0.id=?
10-01-2026 22:47:13.158 [http-nio-8084-exec-3] DEBUG org.hibernate.SQL - insert into users (nombre) values (?)
10-01-2026 22:47:13.172 [http-nio-8084-exec-8] DEBUG org.hibernate.SQL - select ase1_0.id,ase1_0.active,ase1_0.admin_id,ase1_0.login_time,ase1_0.logout_time from admin_sessions ase1_0 where ase1_0.id=? and ase1_0.active
10-01-2026 22:47:13.175 [http-nio-8084-exec-6] DEBUG org.hibernate.SQL - select ase1_0.id,ase1_0.active,ase1_0.admin_id,ase1_0.login_time,ase1_0.logout_time from admin_sessions ase1_0 where ase1_0.id=? and ase1_0.active
10-01-2026 22:47:13.175 [http-nio-8084-exec-5] DEBUG org.hibernate.SQL - select ase1_0.id,ase1_0.active,ase1_0.admin_id,ase1_0.login_time,ase1_0.logout_time from admin_sessions ase1_0 where ase1_0.id=? and ase1_0.active
10-01-2026 22:47:13.176 [http-nio-8084-exec-8] DEBUG org.hibernate.SQL - select aue1_0.id,aue1_0.active,aue1_0.password,aue1_0.username from admin_users aue1_0 where aue1_0.id=?
10-01-2026 22:47:13.177 [http-nio-8084-exec-5] DEBUG org.hibernate.SQL - select aue1_0.id,aue1_0.active,aue1_0.password,aue1_0.username from admin_users aue1_0 where aue1_0.id=?
10-01-2026 22:47:13.177 [http-nio-8084-exec-6] DEBUG org.hibernate.SQL - select aue1_0.id,aue1_0.active,aue1_0.password,aue1_0.username from admin_users aue1_0 where aue1_0.id=?
10-01-2026 22:47:13.181 [http-nio-8084-exec-8] DEBUG org.hibernate.SQL - select ase1_0.id,ase1_0.active,ase1_0.admin_id,ase1_0.login_time,ase1_0.logout_time from admin_sessions ase1_0 where ase1_0.id=? and ase1_0.active
10-01-2026 22:47:13.181 [http-nio-8084-exec-5] DEBUG org.hibernate.SQL - select ase1_0.id,ase1_0.active,ase1_0.admin_id,ase1_0.login_time,ase1_0.logout_time from admin_sessions ase1_0 where ase1_0.id=? and ase1_0.active
10-01-2026 22:47:13.184 [http-nio-8084-exec-8] DEBUG org.hibernate.SQL - select aue1_0.id,aue1_0.active,aue1_0.password,aue1_0.username from admin_users aue1_0 where aue1_0.id=?
10-01-2026 22:47:13.184 [http-nio-8084-exec-5] DEBUG org.hibernate.SQL - select aue1_0.id,aue1_0.active,aue1_0.password,aue1_0.username from admin_users aue1_0 where aue1_0.id=?
10-01-2026 22:47:13.184 [http-nio-8084-exec-6] DEBUG org.hibernate.SQL - select ase1_0.id,ase1_0.active,ase1_0.admin_id,ase1_0.login_time,ase1_0.logout_time from admin_sessions ase1_0 where ase1_0.id=? and ase1_0.active
10-01-2026 22:47:13.186 [http-nio-8084-exec-6] DEBUG org.hibernate.SQL - select aue1_0.id,aue1_0.active,aue1_0.password,aue1_0.username from admin_users aue1_0 where aue1_0.id=?
10-01-2026 22:47:13.189 [http-nio-8084-exec-8] DEBUG org.hibernate.SQL - select ue1_0.id,ue1_0.nombre from users ue1_0
10-01-2026 22:47:13.189 [http-nio-8084-exec-5] DEBUG org.hibernate.SQL - select be1_0.id,be1_0.anio,be1_0.author_id,be1_0.disponible,be1_0.library_id,be1_0.nombre,be1_0.user_id from books be1_0
10-01-2026 22:47:13.189 [http-nio-8084-exec-6] DEBUG org.hibernate.SQL - select ae1_0.id,ae1_0.nombre from authors ae1_0
10-01-2026 22:47:13.190 [http-nio-8084-exec-5] DEBUG org.hibernate.SQL - select ae1_0.id,ae1_0.nombre from authors ae1_0 where ae1_0.id=?
10-01-2026 22:47:13.191 [http-nio-8084-exec-5] DEBUG org.hibernate.SQL - select le1_0.id,le1_0.nombre from libraries le1_0 where le1_0.id=?
10-01-2026 22:47:13.192 [http-nio-8084-exec-5] DEBUG org.hibernate.SQL - select ae1_0.id,ae1_0.nombre from authors ae1_0 where ae1_0.id=?
10-01-2026 22:47:13.194 [http-nio-8084-exec-5] DEBUG org.hibernate.SQL - select ae1_0.id,ae1_0.nombre from authors ae1_0 where ae1_0.id=?
10-01-2026 22:47:13.203 [http-nio-8084-exec-4] DEBUG org.hibernate.SQL - select ase1_0.id,ase1_0.active,ase1_0.admin_id,ase1_0.login_time,ase1_0.logout_time from admin_sessions ase1_0 where ase1_0.id=? and ase1_0.active
10-01-2026 22:47:13.203 [http-nio-8084-exec-9] DEBUG org.hibernate.SQL - select ase1_0.id,ase1_0.active,ase1_0.admin_id,ase1_0.login_time,ase1_0.logout_time from admin_sessions ase1_0 where ase1_0.id=? and ase1_0.active
10-01-2026 22:47:13.203 [http-nio-8084-exec-10] DEBUG org.hibernate.SQL - select ase1_0.id,ase1_0.active,ase1_0.admin_id,ase1_0.login_time,ase1_0.logout_time from admin_sessions ase1_0 where ase1_0.id=? and ase1_0.active
10-01-2026 22:47:13.205 [http-nio-8084-exec-9] DEBUG org.hibernate.SQL - select aue1_0.id,aue1_0.active,aue1_0.password,aue1_0.username from admin_users aue1_0 where aue1_0.id=?
10-01-2026 22:47:13.205 [http-nio-8084-exec-10] DEBUG org.hibernate.SQL - select aue1_0.id,aue1_0.active,aue1_0.password,aue1_0.username from admin_users aue1_0 where aue1_0.id=?
10-01-2026 22:47:13.205 [http-nio-8084-exec-4] DEBUG org.hibernate.SQL - select aue1_0.id,aue1_0.active,aue1_0.password,aue1_0.username from admin_users aue1_0 where aue1_0.id=?
10-01-2026 22:47:13.207 [http-nio-8084-exec-4] DEBUG org.hibernate.SQL - select ase1_0.id,ase1_0.active,ase1_0.admin_id,ase1_0.login_time,ase1_0.logout_time from admin_sessions ase1_0 where ase1_0.id=? and ase1_0.active
10-01-2026 22:47:13.208 [http-nio-8084-exec-10] DEBUG org.hibernate.SQL - select ase1_0.id,ase1_0.active,ase1_0.admin_id,ase1_0.login_time,ase1_0.logout_time from admin_sessions ase1_0 where ase1_0.id=? and ase1_0.active
10-01-2026 22:47:13.208 [http-nio-8084-exec-9] DEBUG org.hibernate.SQL - select ase1_0.id,ase1_0.active,ase1_0.admin_id,ase1_0.login_time,ase1_0.logout_time from admin_sessions ase1_0 where ase1_0.id=? and ase1_0.active
10-01-2026 22:47:13.210 [http-nio-8084-exec-10] DEBUG org.hibernate.SQL - select aue1_0.id,aue1_0.active,aue1_0.password,aue1_0.username from admin_users aue1_0 where aue1_0.id=?
10-01-2026 22:47:13.210 [http-nio-8084-exec-9] DEBUG org.hibernate.SQL - select aue1_0.id,aue1_0.active,aue1_0.password,aue1_0.username from admin_users aue1_0 where aue1_0.id=?
10-01-2026 22:47:13.210 [http-nio-8084-exec-4] DEBUG org.hibernate.SQL - select aue1_0.id,aue1_0.active,aue1_0.password,aue1_0.username from admin_users aue1_0 where aue1_0.id=?
10-01-2026 22:47:13.216 [http-nio-8084-exec-10] DEBUG org.hibernate.SQL - select ue1_0.id,ue1_0.nombre from users ue1_0
10-01-2026 22:47:13.216 [http-nio-8084-exec-4] DEBUG org.hibernate.SQL - select ae1_0.id,ae1_0.nombre from authors ae1_0
10-01-2026 22:47:13.216 [http-nio-8084-exec-9] DEBUG org.hibernate.SQL - select be1_0.id,be1_0.anio,be1_0.author_id,be1_0.disponible,be1_0.library_id,be1_0.nombre,be1_0.user_id from books be1_0
10-01-2026 22:47:13.217 [http-nio-8084-exec-9] DEBUG org.hibernate.SQL - select ae1_0.id,ae1_0.nombre from authors ae1_0 where ae1_0.id=?
10-01-2026 22:47:13.218 [http-nio-8084-exec-9] DEBUG org.hibernate.SQL - select le1_0.id,le1_0.nombre from libraries le1_0 where le1_0.id=?
10-01-2026 22:47:13.219 [http-nio-8084-exec-9] DEBUG org.hibernate.SQL - select ae1_0.id,ae1_0.nombre from authors ae1_0 where ae1_0.id=?
10-01-2026 22:47:13.221 [http-nio-8084-exec-9] DEBUG org.hibernate.SQL - select ae1_0.id,ae1_0.nombre from authors ae1_0 where ae1_0.id=?
10-01-2026 22:47:13.230 [http-nio-8084-exec-3] DEBUG org.hibernate.SQL - select ase1_0.id,ase1_0.active,ase1_0.admin_id,ase1_0.login_time,ase1_0.logout_time from admin_sessions ase1_0 where ase1_0.id=? and ase1_0.active
10-01-2026 22:47:13.230 [http-nio-8084-exec-7] DEBUG org.hibernate.SQL - select ase1_0.id,ase1_0.active,ase1_0.admin_id,ase1_0.login_time,ase1_0.logout_time from admin_sessions ase1_0 where ase1_0.id=? and ase1_0.active
10-01-2026 22:47:13.230 [http-nio-8084-exec-1] DEBUG org.hibernate.SQL - select ase1_0.id,ase1_0.active,ase1_0.admin_id,ase1_0.login_time,ase1_0.logout_time from admin_sessions ase1_0 where ase1_0.id=? and ase1_0.active
10-01-2026 22:47:13.232 [http-nio-8084-exec-7] DEBUG org.hibernate.SQL - select aue1_0.id,aue1_0.active,aue1_0.password,aue1_0.username from admin_users aue1_0 where aue1_0.id=?
10-01-2026 22:47:13.232 [http-nio-8084-exec-1] DEBUG org.hibernate.SQL - select aue1_0.id,aue1_0.active,aue1_0.password,aue1_0.username from admin_users aue1_0 where aue1_0.id=?
10-01-2026 22:47:13.232 [http-nio-8084-exec-3] DEBUG org.hibernate.SQL - select aue1_0.id,aue1_0.active,aue1_0.password,aue1_0.username from admin_users aue1_0 where aue1_0.id=?
10-01-2026 22:47:13.234 [http-nio-8084-exec-3] DEBUG org.hibernate.SQL - select ase1_0.id,ase1_0.active,ase1_0.admin_id,ase1_0.login_time,ase1_0.logout_time from admin_sessions ase1_0 where ase1_0.id=? and ase1_0.active
10-01-2026 22:47:13.234 [http-nio-8084-exec-7] DEBUG org.hibernate.SQL - select ase1_0.id,ase1_0.active,ase1_0.admin_id,ase1_0.login_time,ase1_0.logout_time from admin_sessions ase1_0 where ase1_0.id=? and ase1_0.active
10-01-2026 22:47:13.234 [http-nio-8084-exec-1] DEBUG org.hibernate.SQL - select ase1_0.id,ase1_0.active,ase1_0.admin_id,ase1_0.login_time,ase1_0.logout_time from admin_sessions ase1_0 where ase1_0.id=? and ase1_0.active
10-01-2026 22:47:13.235 [http-nio-8084-exec-7] DEBUG org.hibernate.SQL - select aue1_0.id,aue1_0.active,aue1_0.password,aue1_0.username from admin_users aue1_0 where aue1_0.id=?
10-01-2026 22:47:13.235 [http-nio-8084-exec-3] DEBUG org.hibernate.SQL - select aue1_0.id,aue1_0.active,aue1_0.password,aue1_0.username from admin_users aue1_0 where aue1_0.id=?
10-01-2026 22:47:13.235 [http-nio-8084-exec-1] DEBUG org.hibernate.SQL - select aue1_0.id,aue1_0.active,aue1_0.password,aue1_0.username from admin_users aue1_0 where aue1_0.id=?
10-01-2026 22:47:13.238 [http-nio-8084-exec-7] DEBUG org.hibernate.SQL - select ae1_0.id,ae1_0.nombre from authors ae1_0
10-01-2026 22:47:13.238 [http-nio-8084-exec-1] DEBUG org.hibernate.SQL - select ue1_0.id,ue1_0.nombre from users ue1_0
10-01-2026 22:47:13.238 [http-nio-8084-exec-3] DEBUG org.hibernate.SQL - select be1_0.id,be1_0.anio,be1_0.author_id,be1_0.disponible,be1_0.library_id,be1_0.nombre,be1_0.user_id from books be1_0
10-01-2026 22:47:13.239 [http-nio-8084-exec-3] DEBUG org.hibernate.SQL - select ae1_0.id,ae1_0.nombre from authors ae1_0 where ae1_0.id=?
10-01-2026 22:47:13.241 [http-nio-8084-exec-3] DEBUG org.hibernate.SQL - select le1_0.id,le1_0.nombre from libraries le1_0 where le1_0.id=?
10-01-2026 22:47:13.242 [http-nio-8084-exec-3] DEBUG org.hibernate.SQL - select ae1_0.id,ae1_0.nombre from authors ae1_0 where ae1_0.id=?
10-01-2026 22:47:13.244 [http-nio-8084-exec-3] DEBUG org.hibernate.SQL - select ae1_0.id,ae1_0.nombre from authors ae1_0 where ae1_0.id=?
10-01-2026 22:56:14.251 [http-nio-8084-exec-1] DEBUG org.hibernate.SQL - select ase1_0.id,ase1_0.active,ase1_0.admin_id,ase1_0.login_time,ase1_0.logout_time from admin_sessions ase1_0 where ase1_0.id=? and ase1_0.active
10-01-2026 22:56:14.261 [http-nio-8084-exec-1] DEBUG org.hibernate.SQL - select aue1_0.id,aue1_0.active,aue1_0.password,aue1_0.username from admin_users aue1_0 where aue1_0.id=?
10-01-2026 22:56:14.267 [http-nio-8084-exec-1] DEBUG org.hibernate.SQL - select ase1_0.id,ase1_0.active,ase1_0.admin_id,ase1_0.login_time,ase1_0.logout_time from admin_sessions ase1_0 where ase1_0.id=? and ase1_0.active
10-01-2026 22:56:14.269 [http-nio-8084-exec-1] DEBUG org.hibernate.SQL - select aue1_0.id,aue1_0.active,aue1_0.password,aue1_0.username from admin_users aue1_0 where aue1_0.id=?
10-01-2026 22:56:14.277 [http-nio-8084-exec-1] DEBUG org.hibernate.SQL - select ue1_0.id,ue1_0.nombre from users ue1_0
10-01-2026 22:56:14.286 [http-nio-8084-exec-7] DEBUG org.hibernate.SQL - select ase1_0.id,ase1_0.active,ase1_0.admin_id,ase1_0.login_time,ase1_0.logout_time from admin_sessions ase1_0 where ase1_0.id=? and ase1_0.active
10-01-2026 22:56:14.289 [http-nio-8084-exec-7] DEBUG org.hibernate.SQL - select aue1_0.id,aue1_0.active,aue1_0.password,aue1_0.username from admin_users aue1_0 where aue1_0.id=?
10-01-2026 22:56:14.292 [http-nio-8084-exec-7] DEBUG org.hibernate.SQL - select ase1_0.id,ase1_0.active,ase1_0.admin_id,ase1_0.login_time,ase1_0.logout_time from admin_sessions ase1_0 where ase1_0.id=? and ase1_0.active
10-01-2026 22:56:14.294 [http-nio-8084-exec-7] DEBUG org.hibernate.SQL - select aue1_0.id,aue1_0.active,aue1_0.password,aue1_0.username from admin_users aue1_0 where aue1_0.id=?
10-01-2026 22:56:14.297 [http-nio-8084-exec-7] DEBUG org.hibernate.SQL - select ue1_0.id,ue1_0.nombre from users ue1_0
10-01-2026 22:56:27.189 [http-nio-8084-exec-5] DEBUG org.hibernate.SQL - select ase1_0.id,ase1_0.active,ase1_0.admin_id,ase1_0.login_time,ase1_0.logout_time from admin_sessions ase1_0 where ase1_0.id=? and ase1_0.active
10-01-2026 22:56:27.197 [http-nio-8084-exec-5] DEBUG org.hibernate.SQL - select aue1_0.id,aue1_0.active,aue1_0.password,aue1_0.username from admin_users aue1_0 where aue1_0.id=?
10-01-2026 22:56:27.204 [http-nio-8084-exec-5] DEBUG org.hibernate.SQL - select ase1_0.id,ase1_0.active,ase1_0.admin_id,ase1_0.login_time,ase1_0.logout_time from admin_sessions ase1_0 where ase1_0.id=? and ase1_0.active
10-01-2026 22:56:27.207 [http-nio-8084-exec-5] DEBUG org.hibernate.SQL - select aue1_0.id,aue1_0.active,aue1_0.password,aue1_0.username from admin_users aue1_0 where aue1_0.id=?
10-01-2026 22:56:27.212 [http-nio-8084-exec-5] DEBUG org.hibernate.SQL - select be1_0.id,be1_0.anio,be1_0.author_id,be1_0.disponible,be1_0.library_id,be1_0.nombre,be1_0.user_id from books be1_0
10-01-2026 22:56:27.214 [http-nio-8084-exec-5] DEBUG org.hibernate.SQL - select ae1_0.id,ae1_0.nombre from authors ae1_0 where ae1_0.id=?
10-01-2026 22:56:27.215 [http-nio-8084-exec-5] DEBUG org.hibernate.SQL - select le1_0.id,le1_0.nombre from libraries le1_0 where le1_0.id=?
10-01-2026 22:56:27.217 [http-nio-8084-exec-5] DEBUG org.hibernate.SQL - select ae1_0.id,ae1_0.nombre from authors ae1_0 where ae1_0.id=?
10-01-2026 22:56:27.219 [http-nio-8084-exec-5] DEBUG org.hibernate.SQL - select ae1_0.id,ae1_0.nombre from authors ae1_0 where ae1_0.id=?
10-01-2026 22:56:27.225 [http-nio-8084-exec-8] DEBUG org.hibernate.SQL - select ase1_0.id,ase1_0.active,ase1_0.admin_id,ase1_0.login_time,ase1_0.logout_time from admin_sessions ase1_0 where ase1_0.id=? and ase1_0.active
10-01-2026 22:56:27.228 [http-nio-8084-exec-8] DEBUG org.hibernate.SQL - select aue1_0.id,aue1_0.active,aue1_0.password,aue1_0.username from admin_users aue1_0 where aue1_0.id=?
10-01-2026 22:56:27.231 [http-nio-8084-exec-8] DEBUG org.hibernate.SQL - select ase1_0.id,ase1_0.active,ase1_0.admin_id,ase1_0.login_time,ase1_0.logout_time from admin_sessions ase1_0 where ase1_0.id=? and ase1_0.active
10-01-2026 22:56:27.233 [http-nio-8084-exec-8] DEBUG org.hibernate.SQL - select aue1_0.id,aue1_0.active,aue1_0.password,aue1_0.username from admin_users aue1_0 where aue1_0.id=?
10-01-2026 22:56:27.236 [http-nio-8084-exec-8] DEBUG org.hibernate.SQL - select be1_0.id,be1_0.anio,be1_0.author_id,be1_0.disponible,be1_0.library_id,be1_0.nombre,be1_0.user_id from books be1_0
10-01-2026 22:56:27.238 [http-nio-8084-exec-8] DEBUG org.hibernate.SQL - select ae1_0.id,ae1_0.nombre from authors ae1_0 where ae1_0.id=?
10-01-2026 22:56:27.239 [http-nio-8084-exec-8] DEBUG org.hibernate.SQL - select le1_0.id,le1_0.nombre from libraries le1_0 where le1_0.id=?
10-01-2026 22:56:27.240 [http-nio-8084-exec-8] DEBUG org.hibernate.SQL - select ae1_0.id,ae1_0.nombre from authors ae1_0 where ae1_0.id=?
10-01-2026 22:56:27.241 [http-nio-8084-exec-8] DEBUG org.hibernate.SQL - select ae1_0.id,ae1_0.nombre from authors ae1_0 where ae1_0.id=?
10-01-2026 22:56:42.050 [http-nio-8084-exec-9] DEBUG org.hibernate.SQL - select ase1_0.id,ase1_0.active,ase1_0.admin_id,ase1_0.login_time,ase1_0.logout_time from admin_sessions ase1_0 where ase1_0.id=? and ase1_0.active
10-01-2026 22:56:42.054 [http-nio-8084-exec-9] DEBUG org.hibernate.SQL - select aue1_0.id,aue1_0.active,aue1_0.password,aue1_0.username from admin_users aue1_0 where aue1_0.id=?
10-01-2026 22:56:42.068 [http-nio-8084-exec-9] DEBUG org.hibernate.SQL - select ase1_0.id,ase1_0.active,ase1_0.admin_id,ase1_0.login_time,ase1_0.logout_time from admin_sessions ase1_0 where ase1_0.id=? and ase1_0.active
10-01-2026 22:56:42.070 [http-nio-8084-exec-9] DEBUG org.hibernate.SQL - select aue1_0.id,aue1_0.active,aue1_0.password,aue1_0.username from admin_users aue1_0 where aue1_0.id=?
10-01-2026 22:56:42.084 [http-nio-8084-exec-9] DEBUG org.hibernate.SQL - select ase1_0.id,ase1_0.active,ase1_0.admin_id,ase1_0.login_time,ase1_0.logout_time from admin_sessions ase1_0 where ase1_0.id=? and ase1_0.active
10-01-2026 22:56:42.086 [http-nio-8084-exec-9] DEBUG org.hibernate.SQL - select aue1_0.id,aue1_0.active,aue1_0.password,aue1_0.username from admin_users aue1_0 where aue1_0.id=?
10-01-2026 22:56:42.091 [http-nio-8084-exec-9] DEBUG org.hibernate.SQL - select ase1_0.id,ase1_0.active,ase1_0.admin_id,ase1_0.login_time,ase1_0.logout_time from admin_sessions ase1_0 where ase1_0.id=? and ase1_0.active
10-01-2026 22:56:42.093 [http-nio-8084-exec-9] DEBUG org.hibernate.SQL - select aue1_0.id,aue1_0.active,aue1_0.password,aue1_0.username from admin_users aue1_0 where aue1_0.id=?
10-01-2026 23:00:12.104 [http-nio-8084-exec-6] DEBUG org.hibernate.SQL - select ase1_0.id,ase1_0.active,ase1_0.admin_id,ase1_0.login_time,ase1_0.logout_time from admin_sessions ase1_0 where ase1_0.id=? and ase1_0.active
10-01-2026 23:00:12.117 [http-nio-8084-exec-6] DEBUG org.hibernate.SQL - select aue1_0.id,aue1_0.active,aue1_0.password,aue1_0.username from admin_users aue1_0 where aue1_0.id=?
10-01-2026 23:00:12.122 [http-nio-8084-exec-6] DEBUG org.hibernate.SQL - select ase1_0.id,ase1_0.active,ase1_0.admin_id,ase1_0.login_time,ase1_0.logout_time from admin_sessions ase1_0 where ase1_0.id=? and ase1_0.active
10-01-2026 23:00:12.124 [http-nio-8084-exec-6] DEBUG org.hibernate.SQL - select aue1_0.id,aue1_0.active,aue1_0.password,aue1_0.username from admin_users aue1_0 where aue1_0.id=?
10-01-2026 23:00:12.127 [http-nio-8084-exec-6] DEBUG org.hibernate.SQL - select be1_0.id,be1_0.anio,be1_0.author_id,be1_0.disponible,be1_0.library_id,be1_0.nombre,be1_0.user_id from books be1_0
10-01-2026 23:00:12.128 [http-nio-8084-exec-6] DEBUG org.hibernate.SQL - select ae1_0.id,ae1_0.nombre from authors ae1_0 where ae1_0.id=?
10-01-2026 23:00:12.130 [http-nio-8084-exec-6] DEBUG org.hibernate.SQL - select le1_0.id,le1_0.nombre from libraries le1_0 where le1_0.id=?
10-01-2026 23:00:12.132 [http-nio-8084-exec-6] DEBUG org.hibernate.SQL - select ae1_0.id,ae1_0.nombre from authors ae1_0 where ae1_0.id=?
10-01-2026 23:00:12.132 [http-nio-8084-exec-6] DEBUG org.hibernate.SQL - select ae1_0.id,ae1_0.nombre from authors ae1_0 where ae1_0.id=?
10-01-2026 23:00:12.140 [http-nio-8084-exec-2] DEBUG org.hibernate.SQL - select ase1_0.id,ase1_0.active,ase1_0.admin_id,ase1_0.login_time,ase1_0.logout_time from admin_sessions ase1_0 where ase1_0.id=? and ase1_0.active
10-01-2026 23:00:12.141 [http-nio-8084-exec-2] DEBUG org.hibernate.SQL - select aue1_0.id,aue1_0.active,aue1_0.password,aue1_0.username from admin_users aue1_0 where aue1_0.id=?
10-01-2026 23:00:12.143 [http-nio-8084-exec-2] DEBUG org.hibernate.SQL - select ase1_0.id,ase1_0.active,ase1_0.admin_id,ase1_0.login_time,ase1_0.logout_time from admin_sessions ase1_0 where ase1_0.id=? and ase1_0.active
10-01-2026 23:00:12.144 [http-nio-8084-exec-2] DEBUG org.hibernate.SQL - select aue1_0.id,aue1_0.active,aue1_0.password,aue1_0.username from admin_users aue1_0 where aue1_0.id=?
10-01-2026 23:00:12.148 [http-nio-8084-exec-2] DEBUG org.hibernate.SQL - select be1_0.id,be1_0.anio,be1_0.author_id,be1_0.disponible,be1_0.library_id,be1_0.nombre,be1_0.user_id from books be1_0
10-01-2026 23:00:12.148 [http-nio-8084-exec-2] DEBUG org.hibernate.SQL - select ae1_0.id,ae1_0.nombre from authors ae1_0 where ae1_0.id=?
10-01-2026 23:00:12.149 [http-nio-8084-exec-2] DEBUG org.hibernate.SQL - select le1_0.id,le1_0.nombre from libraries le1_0 where le1_0.id=?
10-01-2026 23:00:12.150 [http-nio-8084-exec-2] DEBUG org.hibernate.SQL - select ae1_0.id,ae1_0.nombre from authors ae1_0 where ae1_0.id=?
10-01-2026 23:00:12.151 [http-nio-8084-exec-2] DEBUG org.hibernate.SQL - select ae1_0.id,ae1_0.nombre from authors ae1_0 where ae1_0.id=?
10-01-2026 23:00:15.702 [http-nio-8084-exec-1] DEBUG org.hibernate.SQL - select ase1_0.id,ase1_0.active,ase1_0.admin_id,ase1_0.login_time,ase1_0.logout_time from admin_sessions ase1_0 where ase1_0.id=? and ase1_0.active
10-01-2026 23:00:15.708 [http-nio-8084-exec-1] DEBUG org.hibernate.SQL - select aue1_0.id,aue1_0.active,aue1_0.password,aue1_0.username from admin_users aue1_0 where aue1_0.id=?
10-01-2026 23:00:15.725 [http-nio-8084-exec-1] DEBUG org.hibernate.SQL - select ase1_0.id,ase1_0.active,ase1_0.admin_id,ase1_0.login_time,ase1_0.logout_time from admin_sessions ase1_0 where ase1_0.id=? and ase1_0.active
10-01-2026 23:00:15.728 [http-nio-8084-exec-1] DEBUG org.hibernate.SQL - select aue1_0.id,aue1_0.active,aue1_0.password,aue1_0.username from admin_users aue1_0 where aue1_0.id=?
10-01-2026 23:00:15.740 [http-nio-8084-exec-1] DEBUG org.hibernate.SQL - select ase1_0.id,ase1_0.active,ase1_0.admin_id,ase1_0.login_time,ase1_0.logout_time from admin_sessions ase1_0 where ase1_0.id=? and ase1_0.active
10-01-2026 23:00:15.743 [http-nio-8084-exec-1] DEBUG org.hibernate.SQL - select aue1_0.id,aue1_0.active,aue1_0.password,aue1_0.username from admin_users aue1_0 where aue1_0.id=?
10-01-2026 23:00:15.748 [http-nio-8084-exec-1] DEBUG org.hibernate.SQL - select ase1_0.id,ase1_0.active,ase1_0.admin_id,ase1_0.login_time,ase1_0.logout_time from admin_sessions ase1_0 where ase1_0.id=? and ase1_0.active
10-01-2026 23:00:15.751 [http-nio-8084-exec-1] DEBUG org.hibernate.SQL - select aue1_0.id,aue1_0.active,aue1_0.password,aue1_0.username from admin_users aue1_0 where aue1_0.id=?
10-01-2026 23:00:41.948 [http-nio-8084-exec-5] DEBUG org.hibernate.SQL - select ase1_0.id,ase1_0.active,ase1_0.admin_id,ase1_0.login_time,ase1_0.logout_time from admin_sessions ase1_0 where ase1_0.id=? and ase1_0.active
10-01-2026 23:00:41.953 [http-nio-8084-exec-5] DEBUG org.hibernate.SQL - select aue1_0.id,aue1_0.active,aue1_0.password,aue1_0.username from admin_users aue1_0 where aue1_0.id=?
10-01-2026 23:00:41.958 [http-nio-8084-exec-5] DEBUG org.hibernate.SQL - select ase1_0.id,ase1_0.active,ase1_0.admin_id,ase1_0.login_time,ase1_0.logout_time from admin_sessions ase1_0 where ase1_0.id=? and ase1_0.active
10-01-2026 23:00:41.960 [http-nio-8084-exec-5] DEBUG org.hibernate.SQL - select aue1_0.id,aue1_0.active,aue1_0.password,aue1_0.username from admin_users aue1_0 where aue1_0.id=?
10-01-2026 23:00:41.970 [http-nio-8084-exec-8] DEBUG org.hibernate.SQL - select ase1_0.id,ase1_0.active,ase1_0.admin_id,ase1_0.login_time,ase1_0.logout_time from admin_sessions ase1_0 where ase1_0.id=? and ase1_0.active
10-01-2026 23:00:41.973 [http-nio-8084-exec-8] DEBUG org.hibernate.SQL - select aue1_0.id,aue1_0.active,aue1_0.password,aue1_0.username from admin_users aue1_0 where aue1_0.id=?
10-01-2026 23:00:41.979 [http-nio-8084-exec-8] DEBUG org.hibernate.SQL - select ase1_0.id,ase1_0.active,ase1_0.admin_id,ase1_0.login_time,ase1_0.logout_time from admin_sessions ase1_0 where ase1_0.id=? and ase1_0.active
10-01-2026 23:00:41.981 [http-nio-8084-exec-8] DEBUG org.hibernate.SQL - select aue1_0.id,aue1_0.active,aue1_0.password,aue1_0.username from admin_users aue1_0 where aue1_0.id=?
10-01-2026 23:03:58.968 [http-nio-8084-exec-6] DEBUG org.hibernate.SQL - select ase1_0.id,ase1_0.active,ase1_0.admin_id,ase1_0.login_time,ase1_0.logout_time from admin_sessions ase1_0 where ase1_0.id=? and ase1_0.active
10-01-2026 23:03:58.981 [http-nio-8084-exec-6] DEBUG org.hibernate.SQL - select aue1_0.id,aue1_0.active,aue1_0.password,aue1_0.username from admin_users aue1_0 where aue1_0.id=?
10-01-2026 23:03:58.989 [http-nio-8084-exec-6] DEBUG org.hibernate.SQL - select ase1_0.id,ase1_0.active,ase1_0.admin_id,ase1_0.login_time,ase1_0.logout_time from admin_sessions ase1_0 where ase1_0.id=? and ase1_0.active
10-01-2026 23:03:58.990 [http-nio-8084-exec-6] DEBUG org.hibernate.SQL - select aue1_0.id,aue1_0.active,aue1_0.password,aue1_0.username from admin_users aue1_0 where aue1_0.id=?
10-01-2026 23:03:58.997 [http-nio-8084-exec-6] DEBUG org.hibernate.SQL - select ae1_0.id,ae1_0.nombre from authors ae1_0
10-01-2026 23:03:59.005 [http-nio-8084-exec-2] DEBUG org.hibernate.SQL - select ase1_0.id,ase1_0.active,ase1_0.admin_id,ase1_0.login_time,ase1_0.logout_time from admin_sessions ase1_0 where ase1_0.id=? and ase1_0.active
10-01-2026 23:03:59.006 [http-nio-8084-exec-2] DEBUG org.hibernate.SQL - select aue1_0.id,aue1_0.active,aue1_0.password,aue1_0.username from admin_users aue1_0 where aue1_0.id=?
10-01-2026 23:03:59.008 [http-nio-8084-exec-2] DEBUG org.hibernate.SQL - select ase1_0.id,ase1_0.active,ase1_0.admin_id,ase1_0.login_time,ase1_0.logout_time from admin_sessions ase1_0 where ase1_0.id=? and ase1_0.active
10-01-2026 23:03:59.010 [http-nio-8084-exec-2] DEBUG org.hibernate.SQL - select aue1_0.id,aue1_0.active,aue1_0.password,aue1_0.username from admin_users aue1_0 where aue1_0.id=?
10-01-2026 23:03:59.013 [http-nio-8084-exec-2] DEBUG org.hibernate.SQL - select ae1_0.id,ae1_0.nombre from authors ae1_0
10-01-2026 23:05:36.384 [http-nio-8084-exec-8] DEBUG org.hibernate.SQL - select ase1_0.id,ase1_0.active,ase1_0.admin_id,ase1_0.login_time,ase1_0.logout_time from admin_sessions ase1_0 where ase1_0.id=? and ase1_0.active
10-01-2026 23:05:36.388 [http-nio-8084-exec-8] DEBUG org.hibernate.SQL - select aue1_0.id,aue1_0.active,aue1_0.password,aue1_0.username from admin_users aue1_0 where aue1_0.id=?
10-01-2026 23:05:36.393 [http-nio-8084-exec-8] DEBUG org.hibernate.SQL - select ase1_0.id,ase1_0.active,ase1_0.admin_id,ase1_0.login_time,ase1_0.logout_time from admin_sessions ase1_0 where ase1_0.id=? and ase1_0.active
10-01-2026 23:05:36.395 [http-nio-8084-exec-8] DEBUG org.hibernate.SQL - select aue1_0.id,aue1_0.active,aue1_0.password,aue1_0.username from admin_users aue1_0 where aue1_0.id=?
10-01-2026 23:05:36.402 [http-nio-8084-exec-8] DEBUG org.hibernate.SQL - select ae1_0.id,ae1_0.nombre from authors ae1_0
10-01-2026 23:05:36.414 [http-nio-8084-exec-5] DEBUG org.hibernate.SQL - select ase1_0.id,ase1_0.active,ase1_0.admin_id,ase1_0.login_time,ase1_0.logout_time from admin_sessions ase1_0 where ase1_0.id=? and ase1_0.active
10-01-2026 23:05:36.421 [http-nio-8084-exec-5] DEBUG org.hibernate.SQL - select aue1_0.id,aue1_0.active,aue1_0.password,aue1_0.username from admin_users aue1_0 where aue1_0.id=?
10-01-2026 23:05:36.425 [http-nio-8084-exec-5] DEBUG org.hibernate.SQL - select ase1_0.id,ase1_0.active,ase1_0.admin_id,ase1_0.login_time,ase1_0.logout_time from admin_sessions ase1_0 where ase1_0.id=? and ase1_0.active
10-01-2026 23:05:36.427 [http-nio-8084-exec-5] DEBUG org.hibernate.SQL - select aue1_0.id,aue1_0.active,aue1_0.password,aue1_0.username from admin_users aue1_0 where aue1_0.id=?
10-01-2026 23:05:36.432 [http-nio-8084-exec-5] DEBUG org.hibernate.SQL - select ae1_0.id,ae1_0.nombre from authors ae1_0
10-01-2026 23:09:36.210 [http-nio-8084-exec-3] DEBUG org.hibernate.SQL - select aue1_0.id,aue1_0.active,aue1_0.password,aue1_0.username from admin_users aue1_0 where aue1_0.username=? and aue1_0.password=? and aue1_0.active
10-01-2026 23:09:36.223 [http-nio-8084-exec-3] DEBUG org.hibernate.SQL - insert into admin_sessions (active,admin_id,login_time,logout_time) values (?,?,?,?)
10-01-2026 23:09:43.187 [http-nio-8084-exec-8] DEBUG org.hibernate.SQL - select ase1_0.id,ase1_0.active,ase1_0.admin_id,ase1_0.login_time,ase1_0.logout_time from admin_sessions ase1_0 where ase1_0.id=? and ase1_0.active
10-01-2026 23:09:43.191 [http-nio-8084-exec-8] DEBUG org.hibernate.SQL - select aue1_0.id,aue1_0.active,aue1_0.password,aue1_0.username from admin_users aue1_0 where aue1_0.id=?
10-01-2026 23:09:43.198 [http-nio-8084-exec-8] DEBUG org.hibernate.SQL - select ase1_0.id,ase1_0.active,ase1_0.admin_id,ase1_0.login_time,ase1_0.logout_time from admin_sessions ase1_0 where ase1_0.id=? and ase1_0.active
10-01-2026 23:09:43.201 [http-nio-8084-exec-8] DEBUG org.hibernate.SQL - select aue1_0.id,aue1_0.active,aue1_0.password,aue1_0.username from admin_users aue1_0 where aue1_0.id=?
10-01-2026 23:09:43.207 [http-nio-8084-exec-8] DEBUG org.hibernate.SQL - select be1_0.id,be1_0.anio,be1_0.author_id,be1_0.disponible,be1_0.library_id,be1_0.nombre,be1_0.user_id from books be1_0
10-01-2026 23:09:43.210 [http-nio-8084-exec-8] DEBUG org.hibernate.SQL - select ae1_0.id,ae1_0.nombre from authors ae1_0 where ae1_0.id=?
10-01-2026 23:09:43.212 [http-nio-8084-exec-8] DEBUG org.hibernate.SQL - select le1_0.id,le1_0.nombre from libraries le1_0 where le1_0.id=?
10-01-2026 23:09:43.215 [http-nio-8084-exec-8] DEBUG org.hibernate.SQL - select ae1_0.id,ae1_0.nombre from authors ae1_0 where ae1_0.id=?
10-01-2026 23:09:43.217 [http-nio-8084-exec-8] DEBUG org.hibernate.SQL - select ae1_0.id,ae1_0.nombre from authors ae1_0 where ae1_0.id=?
10-01-2026 23:09:43.228 [http-nio-8084-exec-5] DEBUG org.hibernate.SQL - select ase1_0.id,ase1_0.active,ase1_0.admin_id,ase1_0.login_time,ase1_0.logout_time from admin_sessions ase1_0 where ase1_0.id=? and ase1_0.active
10-01-2026 23:09:43.232 [http-nio-8084-exec-5] DEBUG org.hibernate.SQL - select aue1_0.id,aue1_0.active,aue1_0.password,aue1_0.username from admin_users aue1_0 where aue1_0.id=?
10-01-2026 23:09:43.237 [http-nio-8084-exec-5] DEBUG org.hibernate.SQL - select ase1_0.id,ase1_0.active,ase1_0.admin_id,ase1_0.login_time,ase1_0.logout_time from admin_sessions ase1_0 where ase1_0.id=? and ase1_0.active
10-01-2026 23:09:43.241 [http-nio-8084-exec-5] DEBUG org.hibernate.SQL - select aue1_0.id,aue1_0.active,aue1_0.password,aue1_0.username from admin_users aue1_0 where aue1_0.id=?
10-01-2026 23:09:43.250 [http-nio-8084-exec-5] DEBUG org.hibernate.SQL - select be1_0.id,be1_0.anio,be1_0.author_id,be1_0.disponible,be1_0.library_id,be1_0.nombre,be1_0.user_id from books be1_0
10-01-2026 23:09:43.253 [http-nio-8084-exec-5] DEBUG org.hibernate.SQL - select ae1_0.id,ae1_0.nombre from authors ae1_0 where ae1_0.id=?
10-01-2026 23:09:43.255 [http-nio-8084-exec-5] DEBUG org.hibernate.SQL - select le1_0.id,le1_0.nombre from libraries le1_0 where le1_0.id=?
10-01-2026 23:09:43.257 [http-nio-8084-exec-5] DEBUG org.hibernate.SQL - select ae1_0.id,ae1_0.nombre from authors ae1_0 where ae1_0.id=?
10-01-2026 23:09:43.259 [http-nio-8084-exec-5] DEBUG org.hibernate.SQL - select ae1_0.id,ae1_0.nombre from authors ae1_0 where ae1_0.id=?
10-01-2026 23:18:04.182 [http-nio-8084-exec-3] DEBUG org.hibernate.SQL - select ase1_0.id,ase1_0.active,ase1_0.admin_id,ase1_0.login_time,ase1_0.logout_time from admin_sessions ase1_0 where ase1_0.id=? and ase1_0.active
10-01-2026 23:18:04.197 [http-nio-8084-exec-3] DEBUG org.hibernate.SQL - select aue1_0.id,aue1_0.active,aue1_0.password,aue1_0.username from admin_users aue1_0 where aue1_0.id=?
10-01-2026 23:18:04.205 [http-nio-8084-exec-3] DEBUG org.hibernate.SQL - select ase1_0.id,ase1_0.active,ase1_0.admin_id,ase1_0.login_time,ase1_0.logout_time from admin_sessions ase1_0 where ase1_0.id=? and ase1_0.active
10-01-2026 23:18:04.207 [http-nio-8084-exec-3] DEBUG org.hibernate.SQL - select aue1_0.id,aue1_0.active,aue1_0.password,aue1_0.username from admin_users aue1_0 where aue1_0.id=?
10-01-2026 23:18:04.237 [http-nio-8084-exec-3] DEBUG org.hibernate.SQL - update admin_sessions set active=?,admin_id=?,login_time=?,logout_time=? where id=?
10-01-2026 23:18:39.432 [http-nio-8084-exec-9] DEBUG org.hibernate.SQL - select aue1_0.id,aue1_0.active,aue1_0.password,aue1_0.username from admin_users aue1_0 where aue1_0.username=? and aue1_0.password=? and aue1_0.active
10-01-2026 23:18:39.441 [http-nio-8084-exec-9] DEBUG org.hibernate.SQL - insert into admin_sessions (active,admin_id,login_time,logout_time) values (?,?,?,?)
10-01-2026 23:18:39.477 [http-nio-8084-exec-10] DEBUG org.hibernate.SQL - select ase1_0.id,ase1_0.active,ase1_0.admin_id,ase1_0.login_time,ase1_0.logout_time from admin_sessions ase1_0 where ase1_0.id=? and ase1_0.active
10-01-2026 23:18:39.477 [http-nio-8084-exec-5] DEBUG org.hibernate.SQL - select ase1_0.id,ase1_0.active,ase1_0.admin_id,ase1_0.login_time,ase1_0.logout_time from admin_sessions ase1_0 where ase1_0.id=? and ase1_0.active
10-01-2026 23:18:39.477 [http-nio-8084-exec-2] DEBUG org.hibernate.SQL - select ase1_0.id,ase1_0.active,ase1_0.admin_id,ase1_0.login_time,ase1_0.logout_time from admin_sessions ase1_0 where ase1_0.id=? and ase1_0.active
10-01-2026 23:18:39.480 [http-nio-8084-exec-10] DEBUG org.hibernate.SQL - select aue1_0.id,aue1_0.active,aue1_0.password,aue1_0.username from admin_users aue1_0 where aue1_0.id=?
10-01-2026 23:18:39.480 [http-nio-8084-exec-5] DEBUG org.hibernate.SQL - select aue1_0.id,aue1_0.active,aue1_0.password,aue1_0.username from admin_users aue1_0 where aue1_0.id=?
10-01-2026 23:18:39.481 [http-nio-8084-exec-2] DEBUG org.hibernate.SQL - select aue1_0.id,aue1_0.active,aue1_0.password,aue1_0.username from admin_users aue1_0 where aue1_0.id=?
10-01-2026 23:18:39.483 [http-nio-8084-exec-10] DEBUG org.hibernate.SQL - select ase1_0.id,ase1_0.active,ase1_0.admin_id,ase1_0.login_time,ase1_0.logout_time from admin_sessions ase1_0 where ase1_0.id=? and ase1_0.active
10-01-2026 23:18:39.484 [http-nio-8084-exec-2] DEBUG org.hibernate.SQL - select ase1_0.id,ase1_0.active,ase1_0.admin_id,ase1_0.login_time,ase1_0.logout_time from admin_sessions ase1_0 where ase1_0.id=? and ase1_0.active
10-01-2026 23:18:39.483 [http-nio-8084-exec-5] DEBUG org.hibernate.SQL - select ase1_0.id,ase1_0.active,ase1_0.admin_id,ase1_0.login_time,ase1_0.logout_time from admin_sessions ase1_0 where ase1_0.id=? and ase1_0.active
10-01-2026 23:18:39.485 [http-nio-8084-exec-2] DEBUG org.hibernate.SQL - select aue1_0.id,aue1_0.active,aue1_0.password,aue1_0.username from admin_users aue1_0 where aue1_0.id=?
10-01-2026 23:18:39.485 [http-nio-8084-exec-5] DEBUG org.hibernate.SQL - select aue1_0.id,aue1_0.active,aue1_0.password,aue1_0.username from admin_users aue1_0 where aue1_0.id=?
10-01-2026 23:18:39.485 [http-nio-8084-exec-10] DEBUG org.hibernate.SQL - select aue1_0.id,aue1_0.active,aue1_0.password,aue1_0.username from admin_users aue1_0 where aue1_0.id=?
10-01-2026 23:18:39.490 [http-nio-8084-exec-10] DEBUG org.hibernate.SQL - select ue1_0.id,ue1_0.nombre from users ue1_0
10-01-2026 23:18:39.490 [http-nio-8084-exec-5] DEBUG org.hibernate.SQL - select ae1_0.id,ae1_0.nombre from authors ae1_0
10-01-2026 23:18:39.490 [http-nio-8084-exec-2] DEBUG org.hibernate.SQL - select be1_0.id,be1_0.anio,be1_0.author_id,be1_0.disponible,be1_0.library_id,be1_0.nombre,be1_0.user_id from books be1_0
10-01-2026 23:18:39.493 [http-nio-8084-exec-2] DEBUG org.hibernate.SQL - select ae1_0.id,ae1_0.nombre from authors ae1_0 where ae1_0.id=?
10-01-2026 23:18:39.498 [http-nio-8084-exec-2] DEBUG org.hibernate.SQL - select le1_0.id,le1_0.nombre from libraries le1_0 where le1_0.id=?
10-01-2026 23:18:39.500 [http-nio-8084-exec-2] DEBUG org.hibernate.SQL - select ae1_0.id,ae1_0.nombre from authors ae1_0 where ae1_0.id=?
10-01-2026 23:18:39.502 [http-nio-8084-exec-9] DEBUG org.hibernate.SQL - select ase1_0.id,ase1_0.active,ase1_0.admin_id,ase1_0.login_time,ase1_0.logout_time from admin_sessions ase1_0 where ase1_0.id=? and ase1_0.active
10-01-2026 23:18:39.502 [http-nio-8084-exec-1] DEBUG org.hibernate.SQL - select ase1_0.id,ase1_0.active,ase1_0.admin_id,ase1_0.login_time,ase1_0.logout_time from admin_sessions ase1_0 where ase1_0.id=? and ase1_0.active
10-01-2026 23:18:39.502 [http-nio-8084-exec-2] DEBUG org.hibernate.SQL - select ae1_0.id,ae1_0.nombre from authors ae1_0 where ae1_0.id=?
10-01-2026 23:18:39.503 [http-nio-8084-exec-9] DEBUG org.hibernate.SQL - select aue1_0.id,aue1_0.active,aue1_0.password,aue1_0.username from admin_users aue1_0 where aue1_0.id=?
10-01-2026 23:18:39.503 [http-nio-8084-exec-1] DEBUG org.hibernate.SQL - select aue1_0.id,aue1_0.active,aue1_0.password,aue1_0.username from admin_users aue1_0 where aue1_0.id=?
10-01-2026 23:18:39.505 [http-nio-8084-exec-9] DEBUG org.hibernate.SQL - select ase1_0.id,ase1_0.active,ase1_0.admin_id,ase1_0.login_time,ase1_0.logout_time from admin_sessions ase1_0 where ase1_0.id=? and ase1_0.active
10-01-2026 23:18:39.505 [http-nio-8084-exec-1] DEBUG org.hibernate.SQL - select ase1_0.id,ase1_0.active,ase1_0.admin_id,ase1_0.login_time,ase1_0.logout_time from admin_sessions ase1_0 where ase1_0.id=? and ase1_0.active
10-01-2026 23:18:39.506 [http-nio-8084-exec-1] DEBUG org.hibernate.SQL - select aue1_0.id,aue1_0.active,aue1_0.password,aue1_0.username from admin_users aue1_0 where aue1_0.id=?
10-01-2026 23:18:39.506 [http-nio-8084-exec-9] DEBUG org.hibernate.SQL - select aue1_0.id,aue1_0.active,aue1_0.password,aue1_0.username from admin_users aue1_0 where aue1_0.id=?
10-01-2026 23:18:39.508 [http-nio-8084-exec-4] DEBUG org.hibernate.SQL - select ase1_0.id,ase1_0.active,ase1_0.admin_id,ase1_0.login_time,ase1_0.logout_time from admin_sessions ase1_0 where ase1_0.id=? and ase1_0.active
10-01-2026 23:18:39.510 [http-nio-8084-exec-4] DEBUG org.hibernate.SQL - select aue1_0.id,aue1_0.active,aue1_0.password,aue1_0.username from admin_users aue1_0 where aue1_0.id=?
10-01-2026 23:18:39.510 [http-nio-8084-exec-9] DEBUG org.hibernate.SQL - select ae1_0.id,ae1_0.nombre from authors ae1_0
10-01-2026 23:18:39.510 [http-nio-8084-exec-1] DEBUG org.hibernate.SQL - select ue1_0.id,ue1_0.nombre from users ue1_0
10-01-2026 23:18:39.512 [http-nio-8084-exec-4] DEBUG org.hibernate.SQL - select ase1_0.id,ase1_0.active,ase1_0.admin_id,ase1_0.login_time,ase1_0.logout_time from admin_sessions ase1_0 where ase1_0.id=? and ase1_0.active
10-01-2026 23:18:39.513 [http-nio-8084-exec-4] DEBUG org.hibernate.SQL - select aue1_0.id,aue1_0.active,aue1_0.password,aue1_0.username from admin_users aue1_0 where aue1_0.id=?
10-01-2026 23:18:39.517 [http-nio-8084-exec-4] DEBUG org.hibernate.SQL - select be1_0.id,be1_0.anio,be1_0.author_id,be1_0.disponible,be1_0.library_id,be1_0.nombre,be1_0.user_id from books be1_0
10-01-2026 23:18:39.519 [http-nio-8084-exec-4] DEBUG org.hibernate.SQL - select ae1_0.id,ae1_0.nombre from authors ae1_0 where ae1_0.id=?
10-01-2026 23:18:39.521 [http-nio-8084-exec-4] DEBUG org.hibernate.SQL - select le1_0.id,le1_0.nombre from libraries le1_0 where le1_0.id=?
10-01-2026 23:18:39.522 [http-nio-8084-exec-4] DEBUG org.hibernate.SQL - select ae1_0.id,ae1_0.nombre from authors ae1_0 where ae1_0.id=?
10-01-2026 23:18:39.523 [http-nio-8084-exec-4] DEBUG org.hibernate.SQL - select ae1_0.id,ae1_0.nombre from authors ae1_0 where ae1_0.id=?
10-01-2026 23:18:46.143 [http-nio-8084-exec-8] DEBUG org.hibernate.SQL - select ase1_0.id,ase1_0.active,ase1_0.admin_id,ase1_0.login_time,ase1_0.logout_time from admin_sessions ase1_0 where ase1_0.id=? and ase1_0.active
10-01-2026 23:18:46.148 [http-nio-8084-exec-8] DEBUG org.hibernate.SQL - select aue1_0.id,aue1_0.active,aue1_0.password,aue1_0.username from admin_users aue1_0 where aue1_0.id=?
10-01-2026 23:18:46.156 [http-nio-8084-exec-8] DEBUG org.hibernate.SQL - select ase1_0.id,ase1_0.active,ase1_0.admin_id,ase1_0.login_time,ase1_0.logout_time from admin_sessions ase1_0 where ase1_0.id=? and ase1_0.active
10-01-2026 23:18:46.159 [http-nio-8084-exec-8] DEBUG org.hibernate.SQL - select aue1_0.id,aue1_0.active,aue1_0.password,aue1_0.username from admin_users aue1_0 where aue1_0.id=?
10-01-2026 23:18:46.164 [http-nio-8084-exec-8] DEBUG org.hibernate.SQL - update admin_sessions set active=?,admin_id=?,login_time=?,logout_time=? where id=?
10-01-2026 23:19:08.967 [http-nio-8084-exec-6] DEBUG org.hibernate.SQL - select aue1_0.id,aue1_0.active,aue1_0.password,aue1_0.username from admin_users aue1_0 where aue1_0.username=? and aue1_0.password=? and aue1_0.active
10-01-2026 23:19:08.978 [http-nio-8084-exec-6] DEBUG org.hibernate.SQL - insert into admin_sessions (active,admin_id,login_time,logout_time) values (?,?,?,?)
10-01-2026 23:19:14.795 [http-nio-8084-exec-5] DEBUG org.hibernate.SQL - select ase1_0.id,ase1_0.active,ase1_0.admin_id,ase1_0.login_time,ase1_0.logout_time from admin_sessions ase1_0 where ase1_0.id=? and ase1_0.active
10-01-2026 23:19:14.801 [http-nio-8084-exec-5] DEBUG org.hibernate.SQL - select aue1_0.id,aue1_0.active,aue1_0.password,aue1_0.username from admin_users aue1_0 where aue1_0.id=?
10-01-2026 23:19:14.806 [http-nio-8084-exec-5] DEBUG org.hibernate.SQL - select ase1_0.id,ase1_0.active,ase1_0.admin_id,ase1_0.login_time,ase1_0.logout_time from admin_sessions ase1_0 where ase1_0.id=? and ase1_0.active
10-01-2026 23:19:14.808 [http-nio-8084-exec-5] DEBUG org.hibernate.SQL - select aue1_0.id,aue1_0.active,aue1_0.password,aue1_0.username from admin_users aue1_0 where aue1_0.id=?
10-01-2026 23:19:14.812 [http-nio-8084-exec-5] DEBUG org.hibernate.SQL - update admin_sessions set active=?,admin_id=?,login_time=?,logout_time=? where id=?
10-01-2026 23:21:28.455 [http-nio-8084-exec-3] DEBUG org.hibernate.SQL - select aue1_0.id,aue1_0.active,aue1_0.password,aue1_0.username from admin_users aue1_0 where aue1_0.username=? and aue1_0.password=? and aue1_0.active
10-01-2026 23:21:28.462 [http-nio-8084-exec-3] DEBUG org.hibernate.SQL - insert into admin_sessions (active,admin_id,login_time,logout_time) values (?,?,?,?)
10-01-2026 23:45:00.706 [http-nio-8084-exec-6] DEBUG org.hibernate.SQL - select ase1_0.id,ase1_0.active,ase1_0.admin_id,ase1_0.login_time,ase1_0.logout_time from admin_sessions ase1_0 where ase1_0.id=? and ase1_0.active
10-01-2026 23:45:00.716 [http-nio-8084-exec-6] DEBUG org.hibernate.SQL - select aue1_0.id,aue1_0.active,aue1_0.password,aue1_0.username from admin_users aue1_0 where aue1_0.id=?
10-01-2026 23:45:00.722 [http-nio-8084-exec-6] DEBUG org.hibernate.SQL - select ase1_0.id,ase1_0.active,ase1_0.admin_id,ase1_0.login_time,ase1_0.logout_time from admin_sessions ase1_0 where ase1_0.id=? and ase1_0.active
10-01-2026 23:45:00.723 [http-nio-8084-exec-6] DEBUG org.hibernate.SQL - select aue1_0.id,aue1_0.active,aue1_0.password,aue1_0.username from admin_users aue1_0 where aue1_0.id=?
10-01-2026 23:45:00.727 [http-nio-8084-exec-6] DEBUG org.hibernate.SQL - update admin_sessions set active=?,admin_id=?,login_time=?,logout_time=? where id=?
10-01-2026 23:45:18.028 [http-nio-8084-exec-5] DEBUG org.hibernate.SQL - select aue1_0.id,aue1_0.active,aue1_0.password,aue1_0.username from admin_users aue1_0 where aue1_0.username=? and aue1_0.password=? and aue1_0.active
10-01-2026 23:45:18.036 [http-nio-8084-exec-5] DEBUG org.hibernate.SQL - insert into admin_sessions (active,admin_id,login_time,logout_time) values (?,?,?,?)
10-01-2026 23:45:18.066 [http-nio-8084-exec-7] DEBUG org.hibernate.SQL - select ase1_0.id,ase1_0.active,ase1_0.admin_id,ase1_0.login_time,ase1_0.logout_time from admin_sessions ase1_0 where ase1_0.id=? and ase1_0.active
10-01-2026 23:45:18.067 [http-nio-8084-exec-10] DEBUG org.hibernate.SQL - select ase1_0.id,ase1_0.active,ase1_0.admin_id,ase1_0.login_time,ase1_0.logout_time from admin_sessions ase1_0 where ase1_0.id=? and ase1_0.active
10-01-2026 23:45:18.068 [http-nio-8084-exec-6] DEBUG org.hibernate.SQL - select ase1_0.id,ase1_0.active,ase1_0.admin_id,ase1_0.login_time,ase1_0.logout_time from admin_sessions ase1_0 where ase1_0.id=? and ase1_0.active
10-01-2026 23:45:18.070 [http-nio-8084-exec-10] DEBUG org.hibernate.SQL - select aue1_0.id,aue1_0.active,aue1_0.password,aue1_0.username from admin_users aue1_0 where aue1_0.id=?
10-01-2026 23:45:18.070 [http-nio-8084-exec-7] DEBUG org.hibernate.SQL - select aue1_0.id,aue1_0.active,aue1_0.password,aue1_0.username from admin_users aue1_0 where aue1_0.id=?
10-01-2026 23:45:18.071 [http-nio-8084-exec-6] DEBUG org.hibernate.SQL - select aue1_0.id,aue1_0.active,aue1_0.password,aue1_0.username from admin_users aue1_0 where aue1_0.id=?
10-01-2026 23:45:18.074 [http-nio-8084-exec-10] DEBUG org.hibernate.SQL - select ase1_0.id,ase1_0.active,ase1_0.admin_id,ase1_0.login_time,ase1_0.logout_time from admin_sessions ase1_0 where ase1_0.id=? and ase1_0.active
10-01-2026 23:45:18.074 [http-nio-8084-exec-7] DEBUG org.hibernate.SQL - select ase1_0.id,ase1_0.active,ase1_0.admin_id,ase1_0.login_time,ase1_0.logout_time from admin_sessions ase1_0 where ase1_0.id=? and ase1_0.active
10-01-2026 23:45:18.076 [http-nio-8084-exec-7] DEBUG org.hibernate.SQL - select aue1_0.id,aue1_0.active,aue1_0.password,aue1_0.username from admin_users aue1_0 where aue1_0.id=?
10-01-2026 23:45:18.077 [http-nio-8084-exec-6] DEBUG org.hibernate.SQL - select ase1_0.id,ase1_0.active,ase1_0.admin_id,ase1_0.login_time,ase1_0.logout_time from admin_sessions ase1_0 where ase1_0.id=? and ase1_0.active
10-01-2026 23:45:18.076 [http-nio-8084-exec-10] DEBUG org.hibernate.SQL - select aue1_0.id,aue1_0.active,aue1_0.password,aue1_0.username from admin_users aue1_0 where aue1_0.id=?
10-01-2026 23:45:18.078 [http-nio-8084-exec-6] DEBUG org.hibernate.SQL - select aue1_0.id,aue1_0.active,aue1_0.password,aue1_0.username from admin_users aue1_0 where aue1_0.id=?
10-01-2026 23:45:18.081 [http-nio-8084-exec-7] DEBUG org.hibernate.SQL - select be1_0.id,be1_0.anio,be1_0.author_id,be1_0.disponible,be1_0.library_id,be1_0.nombre,be1_0.user_id from books be1_0
10-01-2026 23:45:18.082 [http-nio-8084-exec-6] DEBUG org.hibernate.SQL - select ae1_0.id,ae1_0.nombre from authors ae1_0
10-01-2026 23:45:18.081 [http-nio-8084-exec-10] DEBUG org.hibernate.SQL - select ue1_0.id,ue1_0.nombre from users ue1_0
10-01-2026 23:45:18.083 [http-nio-8084-exec-7] DEBUG org.hibernate.SQL - select ae1_0.id,ae1_0.nombre from authors ae1_0 where ae1_0.id=?
10-01-2026 23:45:18.085 [http-nio-8084-exec-7] DEBUG org.hibernate.SQL - select le1_0.id,le1_0.nombre from libraries le1_0 where le1_0.id=?
10-01-2026 23:45:18.086 [http-nio-8084-exec-7] DEBUG org.hibernate.SQL - select ae1_0.id,ae1_0.nombre from authors ae1_0 where ae1_0.id=?
10-01-2026 23:45:18.087 [http-nio-8084-exec-7] DEBUG org.hibernate.SQL - select ae1_0.id,ae1_0.nombre from authors ae1_0 where ae1_0.id=?
10-01-2026 23:45:18.090 [http-nio-8084-exec-2] DEBUG org.hibernate.SQL - select ase1_0.id,ase1_0.active,ase1_0.admin_id,ase1_0.login_time,ase1_0.logout_time from admin_sessions ase1_0 where ase1_0.id=? and ase1_0.active
10-01-2026 23:45:18.090 [http-nio-8084-exec-5] DEBUG org.hibernate.SQL - select ase1_0.id,ase1_0.active,ase1_0.admin_id,ase1_0.login_time,ase1_0.logout_time from admin_sessions ase1_0 where ase1_0.id=? and ase1_0.active
10-01-2026 23:45:18.091 [http-nio-8084-exec-2] DEBUG org.hibernate.SQL - select aue1_0.id,aue1_0.active,aue1_0.password,aue1_0.username from admin_users aue1_0 where aue1_0.id=?
10-01-2026 23:45:18.092 [http-nio-8084-exec-5] DEBUG org.hibernate.SQL - select aue1_0.id,aue1_0.active,aue1_0.password,aue1_0.username from admin_users aue1_0 where aue1_0.id=?
10-01-2026 23:45:18.094 [http-nio-8084-exec-7] DEBUG org.hibernate.SQL - select ase1_0.id,ase1_0.active,ase1_0.admin_id,ase1_0.login_time,ase1_0.logout_time from admin_sessions ase1_0 where ase1_0.id=? and ase1_0.active
10-01-2026 23:45:18.094 [http-nio-8084-exec-5] DEBUG org.hibernate.SQL - select ase1_0.id,ase1_0.active,ase1_0.admin_id,ase1_0.login_time,ase1_0.logout_time from admin_sessions ase1_0 where ase1_0.id=? and ase1_0.active
10-01-2026 23:45:18.094 [http-nio-8084-exec-2] DEBUG org.hibernate.SQL - select ase1_0.id,ase1_0.active,ase1_0.admin_id,ase1_0.login_time,ase1_0.logout_time from admin_sessions ase1_0 where ase1_0.id=? and ase1_0.active
10-01-2026 23:45:18.095 [http-nio-8084-exec-7] DEBUG org.hibernate.SQL - select aue1_0.id,aue1_0.active,aue1_0.password,aue1_0.username from admin_users aue1_0 where aue1_0.id=?
10-01-2026 23:45:18.095 [http-nio-8084-exec-2] DEBUG org.hibernate.SQL - select aue1_0.id,aue1_0.active,aue1_0.password,aue1_0.username from admin_users aue1_0 where aue1_0.id=?
10-01-2026 23:45:18.095 [http-nio-8084-exec-5] DEBUG org.hibernate.SQL - select aue1_0.id,aue1_0.active,aue1_0.password,aue1_0.username from admin_users aue1_0 where aue1_0.id=?
10-01-2026 23:45:18.098 [http-nio-8084-exec-7] DEBUG org.hibernate.SQL - select ase1_0.id,ase1_0.active,ase1_0.admin_id,ase1_0.login_time,ase1_0.logout_time from admin_sessions ase1_0 where ase1_0.id=? and ase1_0.active
10-01-2026 23:45:18.098 [http-nio-8084-exec-5] DEBUG org.hibernate.SQL - select ae1_0.id,ae1_0.nombre from authors ae1_0
10-01-2026 23:45:18.098 [http-nio-8084-exec-2] DEBUG org.hibernate.SQL - select ue1_0.id,ue1_0.nombre from users ue1_0
10-01-2026 23:45:18.099 [http-nio-8084-exec-7] DEBUG org.hibernate.SQL - select aue1_0.id,aue1_0.active,aue1_0.password,aue1_0.username from admin_users aue1_0 where aue1_0.id=?
10-01-2026 23:45:18.101 [http-nio-8084-exec-7] DEBUG org.hibernate.SQL - select be1_0.id,be1_0.anio,be1_0.author_id,be1_0.disponible,be1_0.library_id,be1_0.nombre,be1_0.user_id from books be1_0
10-01-2026 23:45:18.103 [http-nio-8084-exec-7] DEBUG org.hibernate.SQL - select ae1_0.id,ae1_0.nombre from authors ae1_0 where ae1_0.id=?
10-01-2026 23:45:18.104 [http-nio-8084-exec-7] DEBUG org.hibernate.SQL - select le1_0.id,le1_0.nombre from libraries le1_0 where le1_0.id=?
10-01-2026 23:45:18.105 [http-nio-8084-exec-7] DEBUG org.hibernate.SQL - select ae1_0.id,ae1_0.nombre from authors ae1_0 where ae1_0.id=?
10-01-2026 23:45:18.105 [http-nio-8084-exec-7] DEBUG org.hibernate.SQL - select ae1_0.id,ae1_0.nombre from authors ae1_0 where ae1_0.id=?
10-01-2026 23:45:24.174 [http-nio-8084-exec-3] DEBUG org.hibernate.SQL - select ase1_0.id,ase1_0.active,ase1_0.admin_id,ase1_0.login_time,ase1_0.logout_time from admin_sessions ase1_0 where ase1_0.id=? and ase1_0.active
10-01-2026 23:45:24.182 [http-nio-8084-exec-3] DEBUG org.hibernate.SQL - select aue1_0.id,aue1_0.active,aue1_0.password,aue1_0.username from admin_users aue1_0 where aue1_0.id=?
10-01-2026 23:45:24.188 [http-nio-8084-exec-3] DEBUG org.hibernate.SQL - select ase1_0.id,ase1_0.active,ase1_0.admin_id,ase1_0.login_time,ase1_0.logout_time from admin_sessions ase1_0 where ase1_0.id=? and ase1_0.active
10-01-2026 23:45:24.192 [http-nio-8084-exec-3] DEBUG org.hibernate.SQL - select aue1_0.id,aue1_0.active,aue1_0.password,aue1_0.username from admin_users aue1_0 where aue1_0.id=?
10-01-2026 23:45:24.197 [http-nio-8084-exec-3] DEBUG org.hibernate.SQL - update admin_sessions set active=?,admin_id=?,login_time=?,logout_time=? where id=?
10-01-2026 23:46:41.054 [http-nio-8084-exec-6] DEBUG org.hibernate.SQL - select aue1_0.id,aue1_0.active,aue1_0.password,aue1_0.username from admin_users aue1_0 where aue1_0.username=? and aue1_0.password=? and aue1_0.active
10-01-2026 23:46:41.058 [http-nio-8084-exec-6] DEBUG org.hibernate.SQL - insert into admin_sessions (active,admin_id,login_time,logout_time) values (?,?,?,?)
10-01-2026 23:46:41.088 [http-nio-8084-exec-8] DEBUG org.hibernate.SQL - select ase1_0.id,ase1_0.active,ase1_0.admin_id,ase1_0.login_time,ase1_0.logout_time from admin_sessions ase1_0 where ase1_0.id=? and ase1_0.active
10-01-2026 23:46:41.091 [http-nio-8084-exec-2] DEBUG org.hibernate.SQL - select ase1_0.id,ase1_0.active,ase1_0.admin_id,ase1_0.login_time,ase1_0.logout_time from admin_sessions ase1_0 where ase1_0.id=? and ase1_0.active
10-01-2026 23:46:41.091 [http-nio-8084-exec-1] DEBUG org.hibernate.SQL - select ase1_0.id,ase1_0.active,ase1_0.admin_id,ase1_0.login_time,ase1_0.logout_time from admin_sessions ase1_0 where ase1_0.id=? and ase1_0.active
10-01-2026 23:46:41.093 [http-nio-8084-exec-2] DEBUG org.hibernate.SQL - select aue1_0.id,aue1_0.active,aue1_0.password,aue1_0.username from admin_users aue1_0 where aue1_0.id=?
10-01-2026 23:46:41.093 [http-nio-8084-exec-1] DEBUG org.hibernate.SQL - select aue1_0.id,aue1_0.active,aue1_0.password,aue1_0.username from admin_users aue1_0 where aue1_0.id=?
10-01-2026 23:46:41.093 [http-nio-8084-exec-8] DEBUG org.hibernate.SQL - select aue1_0.id,aue1_0.active,aue1_0.password,aue1_0.username from admin_users aue1_0 where aue1_0.id=?
10-01-2026 23:46:41.097 [http-nio-8084-exec-8] DEBUG org.hibernate.SQL - select ase1_0.id,ase1_0.active,ase1_0.admin_id,ase1_0.login_time,ase1_0.logout_time from admin_sessions ase1_0 where ase1_0.id=? and ase1_0.active
10-01-2026 23:46:41.096 [http-nio-8084-exec-2] DEBUG org.hibernate.SQL - select ase1_0.id,ase1_0.active,ase1_0.admin_id,ase1_0.login_time,ase1_0.logout_time from admin_sessions ase1_0 where ase1_0.id=? and ase1_0.active
10-01-2026 23:46:41.096 [http-nio-8084-exec-1] DEBUG org.hibernate.SQL - select ase1_0.id,ase1_0.active,ase1_0.admin_id,ase1_0.login_time,ase1_0.logout_time from admin_sessions ase1_0 where ase1_0.id=? and ase1_0.active
10-01-2026 23:46:41.101 [http-nio-8084-exec-2] DEBUG org.hibernate.SQL - select aue1_0.id,aue1_0.active,aue1_0.password,aue1_0.username from admin_users aue1_0 where aue1_0.id=?
10-01-2026 23:46:41.107 [http-nio-8084-exec-1] DEBUG org.hibernate.SQL - select aue1_0.id,aue1_0.active,aue1_0.password,aue1_0.username from admin_users aue1_0 where aue1_0.id=?
10-01-2026 23:46:41.108 [http-nio-8084-exec-8] DEBUG org.hibernate.SQL - select aue1_0.id,aue1_0.active,aue1_0.password,aue1_0.username from admin_users aue1_0 where aue1_0.id=?
10-01-2026 23:46:41.111 [http-nio-8084-exec-2] DEBUG org.hibernate.SQL - select ae1_0.id,ae1_0.nombre from authors ae1_0
10-01-2026 23:46:41.112 [http-nio-8084-exec-8] DEBUG org.hibernate.SQL - select be1_0.id,be1_0.anio,be1_0.author_id,be1_0.disponible,be1_0.library_id,be1_0.nombre,be1_0.user_id from books be1_0
10-01-2026 23:46:41.111 [http-nio-8084-exec-1] DEBUG org.hibernate.SQL - select ue1_0.id,ue1_0.nombre from users ue1_0
10-01-2026 23:46:41.113 [http-nio-8084-exec-8] DEBUG org.hibernate.SQL - select ae1_0.id,ae1_0.nombre from authors ae1_0 where ae1_0.id=?
10-01-2026 23:46:41.114 [http-nio-8084-exec-8] DEBUG org.hibernate.SQL - select le1_0.id,le1_0.nombre from libraries le1_0 where le1_0.id=?
10-01-2026 23:46:41.117 [http-nio-8084-exec-8] DEBUG org.hibernate.SQL - select ae1_0.id,ae1_0.nombre from authors ae1_0 where ae1_0.id=?
10-01-2026 23:46:41.118 [http-nio-8084-exec-8] DEBUG org.hibernate.SQL - select ae1_0.id,ae1_0.nombre from authors ae1_0 where ae1_0.id=?
10-01-2026 23:46:41.122 [http-nio-8084-exec-6] DEBUG org.hibernate.SQL - select ase1_0.id,ase1_0.active,ase1_0.admin_id,ase1_0.login_time,ase1_0.logout_time from admin_sessions ase1_0 where ase1_0.id=? and ase1_0.active
10-01-2026 23:46:41.122 [http-nio-8084-exec-5] DEBUG org.hibernate.SQL - select ase1_0.id,ase1_0.active,ase1_0.admin_id,ase1_0.login_time,ase1_0.logout_time from admin_sessions ase1_0 where ase1_0.id=? and ase1_0.active
10-01-2026 23:46:41.123 [http-nio-8084-exec-6] DEBUG org.hibernate.SQL - select aue1_0.id,aue1_0.active,aue1_0.password,aue1_0.username from admin_users aue1_0 where aue1_0.id=?
10-01-2026 23:46:41.123 [http-nio-8084-exec-5] DEBUG org.hibernate.SQL - select aue1_0.id,aue1_0.active,aue1_0.password,aue1_0.username from admin_users aue1_0 where aue1_0.id=?
10-01-2026 23:46:41.126 [http-nio-8084-exec-6] DEBUG org.hibernate.SQL - select ase1_0.id,ase1_0.active,ase1_0.admin_id,ase1_0.login_time,ase1_0.logout_time from admin_sessions ase1_0 where ase1_0.id=? and ase1_0.active
10-01-2026 23:46:41.126 [http-nio-8084-exec-5] DEBUG org.hibernate.SQL - select ase1_0.id,ase1_0.active,ase1_0.admin_id,ase1_0.login_time,ase1_0.logout_time from admin_sessions ase1_0 where ase1_0.id=? and ase1_0.active
10-01-2026 23:46:41.126 [http-nio-8084-exec-4] DEBUG org.hibernate.SQL - select ase1_0.id,ase1_0.active,ase1_0.admin_id,ase1_0.login_time,ase1_0.logout_time from admin_sessions ase1_0 where ase1_0.id=? and ase1_0.active
10-01-2026 23:46:41.127 [http-nio-8084-exec-5] DEBUG org.hibernate.SQL - select aue1_0.id,aue1_0.active,aue1_0.password,aue1_0.username from admin_users aue1_0 where aue1_0.id=?
10-01-2026 23:46:41.127 [http-nio-8084-exec-6] DEBUG org.hibernate.SQL - select aue1_0.id,aue1_0.active,aue1_0.password,aue1_0.username from admin_users aue1_0 where aue1_0.id=?
10-01-2026 23:46:41.127 [http-nio-8084-exec-4] DEBUG org.hibernate.SQL - select aue1_0.id,aue1_0.active,aue1_0.password,aue1_0.username from admin_users aue1_0 where aue1_0.id=?
10-01-2026 23:46:41.130 [http-nio-8084-exec-4] DEBUG org.hibernate.SQL - select ase1_0.id,ase1_0.active,ase1_0.admin_id,ase1_0.login_time,ase1_0.logout_time from admin_sessions ase1_0 where ase1_0.id=? and ase1_0.active
10-01-2026 23:46:41.130 [http-nio-8084-exec-6] DEBUG org.hibernate.SQL - select ae1_0.id,ae1_0.nombre from authors ae1_0
10-01-2026 23:46:41.130 [http-nio-8084-exec-5] DEBUG org.hibernate.SQL - select ue1_0.id,ue1_0.nombre from users ue1_0
10-01-2026 23:46:41.133 [http-nio-8084-exec-4] DEBUG org.hibernate.SQL - select aue1_0.id,aue1_0.active,aue1_0.password,aue1_0.username from admin_users aue1_0 where aue1_0.id=?
10-01-2026 23:46:41.136 [http-nio-8084-exec-4] DEBUG org.hibernate.SQL - select be1_0.id,be1_0.anio,be1_0.author_id,be1_0.disponible,be1_0.library_id,be1_0.nombre,be1_0.user_id from books be1_0
10-01-2026 23:46:41.138 [http-nio-8084-exec-4] DEBUG org.hibernate.SQL - select ae1_0.id,ae1_0.nombre from authors ae1_0 where ae1_0.id=?
10-01-2026 23:46:41.139 [http-nio-8084-exec-4] DEBUG org.hibernate.SQL - select le1_0.id,le1_0.nombre from libraries le1_0 where le1_0.id=?
10-01-2026 23:46:41.141 [http-nio-8084-exec-4] DEBUG org.hibernate.SQL - select ae1_0.id,ae1_0.nombre from authors ae1_0 where ae1_0.id=?
10-01-2026 23:46:41.143 [http-nio-8084-exec-4] DEBUG org.hibernate.SQL - select ae1_0.id,ae1_0.nombre from authors ae1_0 where ae1_0.id=?
10-01-2026 23:46:44.451 [http-nio-8084-exec-9] DEBUG org.hibernate.SQL - select ase1_0.id,ase1_0.active,ase1_0.admin_id,ase1_0.login_time,ase1_0.logout_time from admin_sessions ase1_0 where ase1_0.id=? and ase1_0.active
10-01-2026 23:46:44.458 [http-nio-8084-exec-9] DEBUG org.hibernate.SQL - select aue1_0.id,aue1_0.active,aue1_0.password,aue1_0.username from admin_users aue1_0 where aue1_0.id=?
10-01-2026 23:46:44.468 [http-nio-8084-exec-9] DEBUG org.hibernate.SQL - select ase1_0.id,ase1_0.active,ase1_0.admin_id,ase1_0.login_time,ase1_0.logout_time from admin_sessions ase1_0 where ase1_0.id=? and ase1_0.active
10-01-2026 23:46:44.472 [http-nio-8084-exec-9] DEBUG org.hibernate.SQL - select aue1_0.id,aue1_0.active,aue1_0.password,aue1_0.username from admin_users aue1_0 where aue1_0.id=?
10-01-2026 23:46:44.480 [http-nio-8084-exec-9] DEBUG org.hibernate.SQL - update admin_sessions set active=?,admin_id=?,login_time=?,logout_time=? where id=?
10-01-2026 23:47:01.793 [http-nio-8084-exec-10] DEBUG org.hibernate.SQL - select aue1_0.id,aue1_0.active,aue1_0.password,aue1_0.username from admin_users aue1_0 where aue1_0.username=? and aue1_0.password=? and aue1_0.active
10-01-2026 23:47:01.807 [http-nio-8084-exec-10] DEBUG org.hibernate.SQL - insert into admin_sessions (active,admin_id,login_time,logout_time) values (?,?,?,?)
10-01-2026 23:47:01.848 [http-nio-8084-exec-1] DEBUG org.hibernate.SQL - select ase1_0.id,ase1_0.active,ase1_0.admin_id,ase1_0.login_time,ase1_0.logout_time from admin_sessions ase1_0 where ase1_0.id=? and ase1_0.active
10-01-2026 23:47:01.848 [http-nio-8084-exec-6] DEBUG org.hibernate.SQL - select ase1_0.id,ase1_0.active,ase1_0.admin_id,ase1_0.login_time,ase1_0.logout_time from admin_sessions ase1_0 where ase1_0.id=? and ase1_0.active
10-01-2026 23:47:01.848 [http-nio-8084-exec-7] DEBUG org.hibernate.SQL - select ase1_0.id,ase1_0.active,ase1_0.admin_id,ase1_0.login_time,ase1_0.logout_time from admin_sessions ase1_0 where ase1_0.id=? and ase1_0.active
10-01-2026 23:47:01.849 [http-nio-8084-exec-1] DEBUG org.hibernate.SQL - select aue1_0.id,aue1_0.active,aue1_0.password,aue1_0.username from admin_users aue1_0 where aue1_0.id=?
10-01-2026 23:47:01.850 [http-nio-8084-exec-6] DEBUG org.hibernate.SQL - select aue1_0.id,aue1_0.active,aue1_0.password,aue1_0.username from admin_users aue1_0 where aue1_0.id=?
10-01-2026 23:47:01.850 [http-nio-8084-exec-7] DEBUG org.hibernate.SQL - select aue1_0.id,aue1_0.active,aue1_0.password,aue1_0.username from admin_users aue1_0 where aue1_0.id=?
10-01-2026 23:47:01.851 [http-nio-8084-exec-1] DEBUG org.hibernate.SQL - select ase1_0.id,ase1_0.active,ase1_0.admin_id,ase1_0.login_time,ase1_0.logout_time from admin_sessions ase1_0 where ase1_0.id=? and ase1_0.active
10-01-2026 23:47:01.851 [http-nio-8084-exec-7] DEBUG org.hibernate.SQL - select ase1_0.id,ase1_0.active,ase1_0.admin_id,ase1_0.login_time,ase1_0.logout_time from admin_sessions ase1_0 where ase1_0.id=? and ase1_0.active
10-01-2026 23:47:01.852 [http-nio-8084-exec-6] DEBUG org.hibernate.SQL - select ase1_0.id,ase1_0.active,ase1_0.admin_id,ase1_0.login_time,ase1_0.logout_time from admin_sessions ase1_0 where ase1_0.id=? and ase1_0.active
10-01-2026 23:47:01.852 [http-nio-8084-exec-1] DEBUG org.hibernate.SQL - select aue1_0.id,aue1_0.active,aue1_0.password,aue1_0.username from admin_users aue1_0 where aue1_0.id=?
10-01-2026 23:47:01.852 [http-nio-8084-exec-7] DEBUG org.hibernate.SQL - select aue1_0.id,aue1_0.active,aue1_0.password,aue1_0.username from admin_users aue1_0 where aue1_0.id=?
10-01-2026 23:47:01.852 [http-nio-8084-exec-6] DEBUG org.hibernate.SQL - select aue1_0.id,aue1_0.active,aue1_0.password,aue1_0.username from admin_users aue1_0 where aue1_0.id=?
10-01-2026 23:47:01.854 [http-nio-8084-exec-7] DEBUG org.hibernate.SQL - select ae1_0.id,ae1_0.nombre from authors ae1_0
10-01-2026 23:47:01.854 [http-nio-8084-exec-6] DEBUG org.hibernate.SQL - select be1_0.id,be1_0.anio,be1_0.author_id,be1_0.disponible,be1_0.library_id,be1_0.nombre,be1_0.user_id from books be1_0
10-01-2026 23:47:01.854 [http-nio-8084-exec-1] DEBUG org.hibernate.SQL - select ue1_0.id,ue1_0.nombre from users ue1_0
10-01-2026 23:47:01.855 [http-nio-8084-exec-6] DEBUG org.hibernate.SQL - select ae1_0.id,ae1_0.nombre from authors ae1_0 where ae1_0.id=?
10-01-2026 23:47:01.856 [http-nio-8084-exec-6] DEBUG org.hibernate.SQL - select le1_0.id,le1_0.nombre from libraries le1_0 where le1_0.id=?
10-01-2026 23:47:01.857 [http-nio-8084-exec-6] DEBUG org.hibernate.SQL - select ae1_0.id,ae1_0.nombre from authors ae1_0 where ae1_0.id=?
10-01-2026 23:47:01.859 [http-nio-8084-exec-6] DEBUG org.hibernate.SQL - select ae1_0.id,ae1_0.nombre from authors ae1_0 where ae1_0.id=?
10-01-2026 23:47:01.860 [http-nio-8084-exec-2] DEBUG org.hibernate.SQL - select ase1_0.id,ase1_0.active,ase1_0.admin_id,ase1_0.login_time,ase1_0.logout_time from admin_sessions ase1_0 where ase1_0.id=? and ase1_0.active
10-01-2026 23:47:01.860 [http-nio-8084-exec-10] DEBUG org.hibernate.SQL - select ase1_0.id,ase1_0.active,ase1_0.admin_id,ase1_0.login_time,ase1_0.logout_time from admin_sessions ase1_0 where ase1_0.id=? and ase1_0.active
10-01-2026 23:47:01.861 [http-nio-8084-exec-10] DEBUG org.hibernate.SQL - select aue1_0.id,aue1_0.active,aue1_0.password,aue1_0.username from admin_users aue1_0 where aue1_0.id=?
10-01-2026 23:47:01.861 [http-nio-8084-exec-2] DEBUG org.hibernate.SQL - select aue1_0.id,aue1_0.active,aue1_0.password,aue1_0.username from admin_users aue1_0 where aue1_0.id=?
10-01-2026 23:47:01.863 [http-nio-8084-exec-10] DEBUG org.hibernate.SQL - select ase1_0.id,ase1_0.active,ase1_0.admin_id,ase1_0.login_time,ase1_0.logout_time from admin_sessions ase1_0 where ase1_0.id=? and ase1_0.active
10-01-2026 23:47:01.863 [http-nio-8084-exec-2] DEBUG org.hibernate.SQL - select ase1_0.id,ase1_0.active,ase1_0.admin_id,ase1_0.login_time,ase1_0.logout_time from admin_sessions ase1_0 where ase1_0.id=? and ase1_0.active
10-01-2026 23:47:01.864 [http-nio-8084-exec-6] DEBUG org.hibernate.SQL - select ase1_0.id,ase1_0.active,ase1_0.admin_id,ase1_0.login_time,ase1_0.logout_time from admin_sessions ase1_0 where ase1_0.id=? and ase1_0.active
10-01-2026 23:47:01.864 [http-nio-8084-exec-2] DEBUG org.hibernate.SQL - select aue1_0.id,aue1_0.active,aue1_0.password,aue1_0.username from admin_users aue1_0 where aue1_0.id=?
10-01-2026 23:47:01.864 [http-nio-8084-exec-10] DEBUG org.hibernate.SQL - select aue1_0.id,aue1_0.active,aue1_0.password,aue1_0.username from admin_users aue1_0 where aue1_0.id=?
10-01-2026 23:47:01.864 [http-nio-8084-exec-6] DEBUG org.hibernate.SQL - select aue1_0.id,aue1_0.active,aue1_0.password,aue1_0.username from admin_users aue1_0 where aue1_0.id=?
10-01-2026 23:47:01.865 [http-nio-8084-exec-6] DEBUG org.hibernate.SQL - select ase1_0.id,ase1_0.active,ase1_0.admin_id,ase1_0.login_time,ase1_0.logout_time from admin_sessions ase1_0 where ase1_0.id=? and ase1_0.active
10-01-2026 23:47:01.866 [http-nio-8084-exec-6] DEBUG org.hibernate.SQL - select aue1_0.id,aue1_0.active,aue1_0.password,aue1_0.username from admin_users aue1_0 where aue1_0.id=?
10-01-2026 23:47:01.866 [http-nio-8084-exec-10] DEBUG org.hibernate.SQL - select ue1_0.id,ue1_0.nombre from users ue1_0
10-01-2026 23:47:01.867 [http-nio-8084-exec-2] DEBUG org.hibernate.SQL - select ae1_0.id,ae1_0.nombre from authors ae1_0
10-01-2026 23:47:01.868 [http-nio-8084-exec-6] DEBUG org.hibernate.SQL - select be1_0.id,be1_0.anio,be1_0.author_id,be1_0.disponible,be1_0.library_id,be1_0.nombre,be1_0.user_id from books be1_0
10-01-2026 23:47:01.869 [http-nio-8084-exec-6] DEBUG org.hibernate.SQL - select ae1_0.id,ae1_0.nombre from authors ae1_0 where ae1_0.id=?
10-01-2026 23:47:01.871 [http-nio-8084-exec-6] DEBUG org.hibernate.SQL - select le1_0.id,le1_0.nombre from libraries le1_0 where le1_0.id=?
10-01-2026 23:47:01.872 [http-nio-8084-exec-6] DEBUG org.hibernate.SQL - select ae1_0.id,ae1_0.nombre from authors ae1_0 where ae1_0.id=?
10-01-2026 23:47:01.872 [http-nio-8084-exec-6] DEBUG org.hibernate.SQL - select ae1_0.id,ae1_0.nombre from authors ae1_0 where ae1_0.id=?
10-01-2026 23:47:13.893 [http-nio-8084-exec-3] DEBUG org.hibernate.SQL - select ase1_0.id,ase1_0.active,ase1_0.admin_id,ase1_0.login_time,ase1_0.logout_time from admin_sessions ase1_0 where ase1_0.id=? and ase1_0.active
10-01-2026 23:47:13.896 [http-nio-8084-exec-3] DEBUG org.hibernate.SQL - select aue1_0.id,aue1_0.active,aue1_0.password,aue1_0.username from admin_users aue1_0 where aue1_0.id=?
10-01-2026 23:47:13.900 [http-nio-8084-exec-3] DEBUG org.hibernate.SQL - select ase1_0.id,ase1_0.active,ase1_0.admin_id,ase1_0.login_time,ase1_0.logout_time from admin_sessions ase1_0 where ase1_0.id=? and ase1_0.active
10-01-2026 23:47:13.903 [http-nio-8084-exec-3] DEBUG org.hibernate.SQL - select aue1_0.id,aue1_0.active,aue1_0.password,aue1_0.username from admin_users aue1_0 where aue1_0.id=?
10-01-2026 23:47:13.909 [http-nio-8084-exec-3] DEBUG org.hibernate.SQL - select be1_0.id,be1_0.anio,be1_0.author_id,be1_0.disponible,be1_0.library_id,be1_0.nombre,be1_0.user_id from books be1_0
10-01-2026 23:47:13.911 [http-nio-8084-exec-3] DEBUG org.hibernate.SQL - select ae1_0.id,ae1_0.nombre from authors ae1_0 where ae1_0.id=?
10-01-2026 23:47:13.913 [http-nio-8084-exec-3] DEBUG org.hibernate.SQL - select le1_0.id,le1_0.nombre from libraries le1_0 where le1_0.id=?
10-01-2026 23:47:13.916 [http-nio-8084-exec-3] DEBUG org.hibernate.SQL - select ae1_0.id,ae1_0.nombre from authors ae1_0 where ae1_0.id=?
10-01-2026 23:47:13.919 [http-nio-8084-exec-3] DEBUG org.hibernate.SQL - select ae1_0.id,ae1_0.nombre from authors ae1_0 where ae1_0.id=?
10-01-2026 23:47:13.928 [http-nio-8084-exec-5] DEBUG org.hibernate.SQL - select ase1_0.id,ase1_0.active,ase1_0.admin_id,ase1_0.login_time,ase1_0.logout_time from admin_sessions ase1_0 where ase1_0.id=? and ase1_0.active
10-01-2026 23:47:13.930 [http-nio-8084-exec-5] DEBUG org.hibernate.SQL - select aue1_0.id,aue1_0.active,aue1_0.password,aue1_0.username from admin_users aue1_0 where aue1_0.id=?
10-01-2026 23:47:13.936 [http-nio-8084-exec-5] DEBUG org.hibernate.SQL - select ase1_0.id,ase1_0.active,ase1_0.admin_id,ase1_0.login_time,ase1_0.logout_time from admin_sessions ase1_0 where ase1_0.id=? and ase1_0.active
10-01-2026 23:47:13.938 [http-nio-8084-exec-5] DEBUG org.hibernate.SQL - select aue1_0.id,aue1_0.active,aue1_0.password,aue1_0.username from admin_users aue1_0 where aue1_0.id=?
10-01-2026 23:47:13.943 [http-nio-8084-exec-5] DEBUG org.hibernate.SQL - select be1_0.id,be1_0.anio,be1_0.author_id,be1_0.disponible,be1_0.library_id,be1_0.nombre,be1_0.user_id from books be1_0
10-01-2026 23:47:13.944 [http-nio-8084-exec-5] DEBUG org.hibernate.SQL - select ae1_0.id,ae1_0.nombre from authors ae1_0 where ae1_0.id=?
10-01-2026 23:47:13.945 [http-nio-8084-exec-5] DEBUG org.hibernate.SQL - select le1_0.id,le1_0.nombre from libraries le1_0 where le1_0.id=?
10-01-2026 23:47:13.947 [http-nio-8084-exec-5] DEBUG org.hibernate.SQL - select ae1_0.id,ae1_0.nombre from authors ae1_0 where ae1_0.id=?
10-01-2026 23:47:13.948 [http-nio-8084-exec-5] DEBUG org.hibernate.SQL - select ae1_0.id,ae1_0.nombre from authors ae1_0 where ae1_0.id=?
